universidade,universidade_nome,uf,categoria,nome,palavras_chave,score,pagina,documento_titulo,url
FURG,Universidade Federal do Rio Grande,RS,federal,Sistema de Avaliação: Sistema II,"[""aplicativo"", ""aplicativos"", ""digital"", ""letramento digital"", ""midia"", ""multiletramento"", ""multiletramentos"", ""multimodal"", ""multimodalidade"", ""online"", ""tecnologia"", ""tecnologias""]",28,51,SISTEMA UNIVERSIDADE ABERTA DO BRASIL - UAB PROJETO ...,https://sead.furg.br/images/2025/Letras/Documentos/PPC_Letras_Portugues_e_Literaturas_de_Lingua_Portuguesa_EaD_2024.pdf
FURG,Universidade Federal do Rio Grande,RS,federal,Sistema de Avaliação: Sistema I,"[""cultura digital"", ""digital"", ""letramento digital"", ""letramentos digitais"", ""multiletramento"", ""multiletramentos"", ""online"", ""tecnologia"", ""tecnologias"", ""tecnologias digitais"", ""tics""]",26,19,MINISTÉRIO DA EDUCAÇÃO UNIVERSIDADE FEDERAL DO RIO GRANDE ...,https://prograd.furg.br/images/PPC_LETRAS_SLS.pdf
FURG,Universidade Federal do Rio Grande,RS,federal,Sistema de avaliação: I,"[""aplicativo"", ""aplicativos"", ""digital"", ""letramento digital"", ""midia"", ""multiletramento"", ""multiletramentos"", ""multimodal"", ""multimodalidade"", ""tecnologia"", ""tecnologias""]",26,63,PROJETO PEDAGÓGICO DO CURSO DE LETRAS - LÍNGUA PORTUGUESA,https://prograd.furg.br/images/PPC_Letras_-_Lngua_Portuguesa.pdf
FURG,Universidade Federal do Rio Grande,RS,federal,Impeditiva: Não,"[""digital"", ""letramento digital"", ""tecnologia"", ""tecnologias"", ""tecnologias digitais""]",14,107,PROJETO PEDAGÓGICO DO CURSO DE LETRAS - LÍNGUA PORTUGUESA,https://prograd.furg.br/images/PPC_Letras_-_Lngua_Portuguesa.pdf
FURG,Universidade Federal do Rio Grande,RS,federal,Sistema de avaliação: II,"[""internet"", ""tecnologia"", ""tecnologias""]",10,82,PROJETO PEDAGÓGICO DO CURSO DE LETRAS - LÍNGUA PORTUGUESA,https://prograd.furg.br/images/PPC_Letras_-_Lngua_Portuguesa.pdf
FURG,Universidade Federal do Rio Grande,RS,federal,Ensino de Língua Portuguesa Mediado por Tecnologias Digitais,"[""tecnologia"", ""tecnologias"", ""tecnologias digitais""]",8,63,PROJETO PEDAGÓGICO DO CURSO DE LETRAS - LÍNGUA PORTUGUESA,https://prograd.furg.br/images/PPC_Letras_-_Lngua_Portuguesa.pdf
FURG,Universidade Federal do Rio Grande,RS,federal,"Léxico, gramática e mídias  4","[""midia"", ""midias""]",8,25,SISTEMA UNIVERSIDADE ABERTA DO BRASIL - UAB PROJETO ...,https://sead.furg.br/images/2025/Letras/Documentos/PPC_Letras_Portugues_e_Literaturas_de_Lingua_Portuguesa_EaD_2024.pdf
FURG,Universidade Federal do Rio Grande,RS,federal,Ensino de Língua Portuguesa Mediado por Tecnologias,"[""tecnologia"", ""tecnologias""]",7,27,PROJETO PEDAGÓGICO DO CURSO DE LETRAS - LÍNGUA PORTUGUESA,https://prograd.furg.br/images/PPC_Letras_-_Lngua_Portuguesa.pdf
FURG,Universidade Federal do Rio Grande,RS,federal,Alfabetização digital  4,"[""digital""]",6,23,SISTEMA UNIVERSIDADE ABERTA DO BRASIL - UAB PROJETO ...,https://sead.furg.br/images/2025/Letras/Documentos/PPC_Letras_Portugues_e_Literaturas_de_Lingua_Portuguesa_EaD_2024.pdf
FURG,Universidade Federal do Rio Grande,RS,federal,Carga horária de aulas a distância:  EaD =  relógio,"[""ead""]",6,63,PROJETO PEDAGÓGICO DO CURSO DE LETRAS - LÍNGUA PORTUGUESA,https://prograd.furg.br/images/PPC_Letras_-_Lngua_Portuguesa.pdf
FURG,Universidade Federal do Rio Grande,RS,federal,Carga horária de aulas a distância:  Ead/  relógio,"[""ead""]",6,75,PROJETO PEDAGÓGICO DO CURSO DE LETRAS - LÍNGUA PORTUGUESA,https://prograd.furg.br/images/PPC_Letras_-_Lngua_Portuguesa.pdf
FURG,Universidade Federal do Rio Grande,RS,federal,Carga horária de aulas a distância:  Ead/ relógio,"[""ead""]",6,76,PROJETO PEDAGÓGICO DO CURSO DE LETRAS - LÍNGUA PORTUGUESA,https://prograd.furg.br/images/PPC_Letras_-_Lngua_Portuguesa.pdf
FURG,Universidade Federal do Rio Grande,RS,federal,Equivalência: Letramento digital e formação de professores,"[""digital"", ""letramento digital""]",6,107,PROJETO PEDAGÓGICO DO CURSO DE LETRAS - LÍNGUA PORTUGUESA,https://prograd.furg.br/images/PPC_Letras_-_Lngua_Portuguesa.pdf
FURG,Universidade Federal do Rio Grande,RS,federal,Equivalência: Não,"[""midia""]",6,52,PROJETO PEDAGÓGICO DO CURSO DE LETRAS - LÍNGUA PORTUGUESA,https://prograd.furg.br/images/PPC_Letras_-_Lngua_Portuguesa.pdf
FURG,Universidade Federal do Rio Grande,RS,federal,Letramento Digital e Formação Docente  4,"[""digital"", ""letramento digital""]",6,10,MINISTÉRIO DA EDUCAÇÃO UNIVERSIDADE FEDERAL DO RIO GRANDE ...,https://prograd.furg.br/images/PPC_LETRAS_SLS.pdf
FURG,Universidade Federal do Rio Grande,RS,federal,Portuguesa Mediado por Tecnologias Digitais,"[""tecnologia"", ""tecnologias"", ""tecnologias digitais""]",6,104,SISTEMA UNIVERSIDADE ABERTA DO BRASIL - UAB PROJETO ...,https://sead.furg.br/images/2025/Letras/Documentos/PPC_Letras_Portugues_e_Literaturas_de_Lingua_Portuguesa_EaD_2024.pdf
FURG,Universidade Federal do Rio Grande,RS,federal,A computação,"[""computacao""]",4,96,CAMPUSSÃOLOURENÇODOSUL INSTITUTODELETRASEARTES–ILA ...,https://ila.furg.br/images/2023/11_nov/PPC_LETRAS_SLS_06_10_23_Final.pdf
FURG,Universidade Federal do Rio Grande,RS,federal,Carga horária EaD,"[""ead""]",4,31,PROJETO PEDAGÓGICO DO CURSO DE LETRAS - LÍNGUA PORTUGUESA,https://prograd.furg.br/images/PPC_Letras_-_Lngua_Portuguesa.pdf
FURG,Universidade Federal do Rio Grande,RS,federal,DIGITAL,"[""digital""]",4,14,FINAL PPC Licenciatura em Letras Inglês — EAD - sead.furg.br,https://sead.furg.br/images/2025/Letras_Ingles_EAD/Documentos/FINAL_PPC_Licenciatura_em_Letras_Ingle770s__EAD.pdf
FURG,Universidade Federal do Rio Grande,RS,federal,DIGITAL;,"[""digital""]",4,17,FINAL PPC Licenciatura em Letras Inglês — EAD - sead.furg.br,https://sead.furg.br/images/2025/Letras_Ingles_EAD/Documentos/FINAL_PPC_Licenciatura_em_Letras_Ingle770s__EAD.pdf
FURG,Universidade Federal do Rio Grande,RS,federal,E TECNOLOGIAS,"[""tecnologia"", ""tecnologias""]",4,14,FINAL PPC Licenciatura em Letras Inglês — EAD - sead.furg.br,https://sead.furg.br/images/2025/Letras_Ingles_EAD/Documentos/FINAL_PPC_Licenciatura_em_Letras_Ingle770s__EAD.pdf
FURG,Universidade Federal do Rio Grande,RS,federal,"EaD, além","[""ead""]",4,90,CAMPUSSÃOLOURENÇODOSUL INSTITUTODELETRASEARTES–ILA ...,https://ila.furg.br/images/2023/11_nov/PPC_LETRAS_SLS_06_10_23_Final.pdf
FURG,Universidade Federal do Rio Grande,RS,federal,Letramento Digital e Formação Docente,"[""digital"", ""letramento digital""]",4,66,MINISTÉRIO DA EDUCAÇÃO UNIVERSIDADE FEDERAL DO RIO GRANDE ...,https://prograd.furg.br/images/PPC_LETRAS_SLS.pdf
FURG,Universidade Federal do Rio Grande,RS,federal,"Léxico, gramática e mídias","[""midia"", ""midias""]",4,104,SISTEMA UNIVERSIDADE ABERTA DO BRASIL - UAB PROJETO ...,https://sead.furg.br/images/2025/Letras/Documentos/PPC_Letras_Portugues_e_Literaturas_de_Lingua_Portuguesa_EaD_2024.pdf
FURG,Universidade Federal do Rio Grande,RS,federal,Nome: Letramento Digital e Formação Docente,"[""digital"", ""letramento digital""]",4,19,MINISTÉRIO DA EDUCAÇÃO UNIVERSIDADE FEDERAL DO RIO GRANDE ...,https://prograd.furg.br/images/PPC_LETRAS_SLS.pdf
FURG,Universidade Federal do Rio Grande,RS,federal,Tecnologia assistida. Atendimento Educacional Especializado. Práticas inclusivas na escola,"[""tecnologia""]",4,108,PROJETO PEDAGÓGICO DO CURSO DE LETRAS - LÍNGUA PORTUGUESA,https://prograd.furg.br/images/PPC_Letras_-_Lngua_Portuguesa.pdf
FURG,Universidade Federal do Rio Grande,RS,federal,Tecnologias,"[""tecnologia"", ""tecnologias""]",4,5,FINAL PPC Licenciatura em Letras Inglês — EAD - sead.furg.br,https://sead.furg.br/images/2025/Letras_Ingles_EAD/Documentos/FINAL_PPC_Licenciatura_em_Letras_Ingle770s__EAD.pdf
UEAP,Universidade Estadual do Amapá,AP,estadual,TECNOLOGIA NO ENSINO DE LÍNGUA ESTRANGEIRA,"[""digital"", ""letramento digital"", ""tecnologia"", ""tecnologias"", ""tecnologica"", ""tecnologicas"", ""virtual""]",18,208,Ueap - Ueap | Página (anexo),http://www.ueap.edu.br/storage/old_files/Arquivos/Postagens/ATUALIZAÇÃO%20SITE 2022/PPC LETRAS/Resolução 707_ANEXO_Aprova o Projeto Pedagógico do curso deLicenciatura em Letras..pdf
UEAP,Universidade Estadual do Amapá,AP,estadual,TECNOLOGIAS DE INFORMAÇÃO E COMUNICAÇÃO APLICADAS A EDUCAÇÃO,"[""educacao a distancia"", ""internet"", ""midia"", ""midias"", ""tecnologia"", ""tecnologias"", ""tecnologias educacionais""]",18,91,Ueap - Ueap | Página (anexo),http://www.ueap.edu.br/storage/old_files/Arquivos/Postagens/ATUALIZAÇÃO%20SITE 2022/PPC LETRAS/Resolução 707_ANEXO_Aprova o Projeto Pedagógico do curso deLicenciatura em Letras..pdf
UEAP,Universidade Estadual do Amapá,AP,estadual,LETRAMENTO,"[""digital"", ""letramento digital"", ""multiletramento"", ""multiletramentos""]",12,112,Ueap - Ueap | Página (anexo),http://www.ueap.edu.br/storage/old_files/Arquivos/Postagens/ATUALIZAÇÃO%20SITE 2022/PPC LETRAS/Resolução 707_ANEXO_Aprova o Projeto Pedagógico do curso deLicenciatura em Letras..pdf
UEAP,Universidade Estadual do Amapá,AP,estadual,ESCOLARES,"[""tecnologia"", ""tecnologias""]",8,156,Ueap - Ueap | Página (anexo),http://www.ueap.edu.br/storage/old_files/Arquivos/Postagens/ATUALIZAÇÃO%20SITE 2022/PPC LETRAS/Resolução 707_ANEXO_Aprova o Projeto Pedagógico do curso deLicenciatura em Letras..pdf
UEAP,Universidade Estadual do Amapá,AP,estadual,LITERATURAS,"[""tecnologia"", ""tecnologias""]",8,181,Ueap - Ueap | Página (anexo),http://www.ueap.edu.br/storage/old_files/Arquivos/Postagens/ATUALIZAÇÃO%20SITE 2022/PPC LETRAS/Resolução 707_ANEXO_Aprova o Projeto Pedagógico do curso deLicenciatura em Letras..pdf
UEAP,Universidade Estadual do Amapá,AP,estadual,TIC Aplicadas à Educação,"[""tic""]",4,270,Ueap - Ueap | Página (anexo),http://www.ueap.edu.br/storage/old_files/Arquivos/Postagens/ATUALIZAÇÃO%20SITE 2022/PPC LETRAS/Resolução 707_ANEXO_Aprova o Projeto Pedagógico do curso deLicenciatura em Letras..pdf
UEAP,Universidade Estadual do Amapá,AP,estadual,Tecnologia em Design,"[""tecnologia""]",4,1,Ueap - Ueap | Página,https://ueap.edu.br/pagina/licenciatura_em_letras_matriz_curricular.html
UEAP,Universidade Estadual do Amapá,AP,estadual,Tecnologias de Informação e Comunicação Aplicadas à Educação,"[""tecnologia"", ""tecnologias""]",4,1,Ueap - Ueap | Página,https://ueap.edu.br/pagina/licenciatura_em_letras_matriz_curricular.html
UEAP,Universidade Estadual do Amapá,AP,estadual,Tecnologias no Ensino,"[""tecnologia"", ""tecnologias""]",4,271,Ueap - Ueap | Página (anexo),http://www.ueap.edu.br/storage/old_files/Arquivos/Postagens/ATUALIZAÇÃO%20SITE 2022/PPC LETRAS/Resolução 707_ANEXO_Aprova o Projeto Pedagógico do curso deLicenciatura em Letras..pdf
UEAP,Universidade Estadual do Amapá,AP,estadual,Tecnologias no Ensino de Língua Estrangeira,"[""tecnologia"", ""tecnologias""]",4,1,Ueap - Ueap | Página,https://ueap.edu.br/pagina/licenciatura_em_letras_matriz_curricular.html
UECE,Universidade Estadual do Ceará,CE,estadual,Letramento Digital Optativa,"[""ciberespaco"", ""digital"", ""letramento digital""]",10,102,PROJETO PEDAGÓGICO DO CURSO DE LICENCIATURA EM LETRAS ...,https://www.uece.br/sate/wp-content/uploads/sites/58/2025/01/PPC-Letras-EAD_revisado-10_06_2024.pdf
UECE,Universidade Estadual do Ceará,CE,estadual,"Linguagem, tecnologias digitais e ensino","[""tecnologia"", ""tecnologias"", ""tecnologias digitais""]",8,93,PROJETO PEDAGÓGICO DO CURSO DE LICENCIATURA EM LETRAS - uece.br,https://www.uece.br/prograd/wp-content/uploads/sites/8/2026/02/PPC-letras-FAFIDAM.pdf
UECE,Universidade Estadual do Ceará,CE,estadual,"Linguagem, tecnologias digitais e ensino de línguas","[""tecnologia"", ""tecnologias"", ""tecnologias digitais""]",8,160,PROJETO PEDAGÓGICO DO CURSO DE LICENCIATURA EM LETRAS - uece.br,https://www.uece.br/prograd/wp-content/uploads/sites/8/2026/02/PPC-letras-FAFIDAM.pdf
UECE,Universidade Estadual do Ceará,CE,estadual,"Linha 4: Práticas de letramentos, multiletramentos e multimodalidades;","[""multiletramento"", ""multiletramentos"", ""multimodal"", ""multimodalidade""]",8,80,PROJETO PEDAGÓGICO DO CURSO DE LICENCIATURA EM LETRAS - uece.br,https://www.uece.br/prograd/wp-content/uploads/sites/8/2026/02/PPC-letras-FAFIDAM.pdf
UECE,Universidade Estadual do Ceará,CE,estadual,Ensino de Língua Inglesa e Tecnologias,"[""tecnologia"", ""tecnologias""]",6,93,PROJETO PEDAGÓGICO DO CURSO DE LICENCIATURA EM LETRAS - uece.br,https://www.uece.br/prograd/wp-content/uploads/sites/8/2026/02/PPC-letras-FAFIDAM.pdf
UECE,Universidade Estadual do Ceará,CE,estadual,Multiletramentos,"[""multiletramento"", ""multiletramentos""]",6,103,PROJETO PEDAGÓGICO DO CURSO DE LICENCIATURA EM LETRAS - uece.br,https://www.uece.br/prograd/wp-content/uploads/sites/8/2026/02/PPC-letras-FAFIDAM.pdf
UECE,Universidade Estadual do Ceará,CE,estadual,OPT I Letramento Digital,"[""digital"", ""letramento digital""]",6,50,PROJETO PEDAGÓGICO DO CURSO DE LICENCIATURA EM LETRAS ...,https://www.uece.br/sate/wp-content/uploads/sites/58/2025/01/PPC-Letras-EAD_revisado-10_06_2024.pdf
UECE,Universidade Estadual do Ceará,CE,estadual,Tópicos em Letramentos e Novas Tecnologias,"[""tecnologia"", ""tecnologias""]",6,165,PROJETO PEDAGÓGICO DO CURSO DE LICENCIATURA EM LETRAS - uece.br,https://www.uece.br/prograd/wp-content/uploads/sites/8/2026/02/PPC-letras-FAFIDAM.pdf
UECE,Universidade Estadual do Ceará,CE,estadual,Curso de informática – mínimo 50 % da carga horária do curso Proporcio,"[""informatica""]",4,68,PROJETO PEDAGÓGICO DO CURSO DE LICENCIATURA EM LETRAS - uece.br,https://www.uece.br/prograd/wp-content/uploads/sites/8/2026/02/PPC-letras-FAFIDAM.pdf
UECE,Universidade Estadual do Ceará,CE,estadual,"Direção de peça, vídeo e audiovisual de produção artística 5 h","[""audiovisual""]",4,70,PROJETO PEDAGÓGICO DO CURSO DE LICENCIATURA EM LETRAS - uece.br,https://www.uece.br/prograd/wp-content/uploads/sites/8/2026/02/PPC-letras-FAFIDAM.pdf
UECE,Universidade Estadual do Ceará,CE,estadual,Inglesa e Tecnologias,"[""tecnologia"", ""tecnologias""]",4,54,PROJETO PEDAGÓGICO DO CURSO DE LICENCIATURA EM LETRAS - uece.br,https://www.uece.br/prograd/wp-content/uploads/sites/8/2026/02/PPC-letras-FAFIDAM.pdf
UECE,Universidade Estadual do Ceará,CE,estadual,"Linguagem, tecnologias","[""tecnologia"", ""tecnologias""]",4,62,PROJETO PEDAGÓGICO DO CURSO DE LICENCIATURA EM LETRAS - uece.br,https://www.uece.br/prograd/wp-content/uploads/sites/8/2026/02/PPC-letras-FAFIDAM.pdf
UECE,Universidade Estadual do Ceará,CE,estadual,Linguística Computacional,"[""computacional""]",4,192,PROJETO PEDAGÓGICO DO CURSO DE LICENCIATURA EM LETRAS - uece.br,https://www.uece.br/prograd/wp-content/uploads/sites/8/2026/02/PPC-letras-FAFIDAM.pdf
UECE,Universidade Estadual do Ceará,CE,estadual,Multimodalidade,"[""multimodal"", ""multimodalidade""]",4,63,PROJETO PEDAGÓGICO DO CURSO DE LICENCIATURA EM LETRAS - uece.br,https://www.uece.br/prograd/wp-content/uploads/sites/8/2026/02/PPC-letras-FAFIDAM.pdf
UECE,Universidade Estadual do Ceará,CE,estadual,Nome do Curso: Licenciatura em Letras Português EAD,"[""ead""]",4,7,PROJETO PEDAGÓGICO DO CURSO DE LICENCIATURA EM LETRAS ...,https://www.uece.br/sate/wp-content/uploads/sites/58/2025/01/PPC-Letras-EAD_revisado-10_06_2024.pdf
UECE,Universidade Estadual do Ceará,CE,estadual,OPT I Tópicos em Linguagens e Tecnologias,"[""tecnologia"", ""tecnologias""]",4,50,PROJETO PEDAGÓGICO DO CURSO DE LICENCIATURA EM LETRAS ...,https://www.uece.br/sate/wp-content/uploads/sites/58/2025/01/PPC-Letras-EAD_revisado-10_06_2024.pdf
UECE,Universidade Estadual do Ceará,CE,estadual,Português EAD,"[""ead""]",4,42,PROJETO PEDAGÓGICO DO CURSO DE LICENCIATURA EM LETRAS ...,https://www.uece.br/sate/wp-content/uploads/sites/58/2025/01/PPC-Letras-EAD_revisado-10_06_2024.pdf
UECE,Universidade Estadual do Ceará,CE,estadual,Português EAD estão assim distribuídas,"[""ead""]",4,55,PROJETO PEDAGÓGICO DO CURSO DE LICENCIATURA EM LETRAS ...,https://www.uece.br/sate/wp-content/uploads/sites/58/2025/01/PPC-Letras-EAD_revisado-10_06_2024.pdf
UECE,Universidade Estadual do Ceará,CE,estadual,Tecnologias,"[""tecnologia"", ""tecnologias""]",4,64,PROJETO PEDAGÓGICO DO CURSO DE LICENCIATURA EM LETRAS - uece.br,https://www.uece.br/prograd/wp-content/uploads/sites/8/2026/02/PPC-letras-FAFIDAM.pdf
UECE,Universidade Estadual do Ceará,CE,estadual,Tópicos em Linguística de Corpus,"[""corpus""]",4,196,PROJETO PEDAGÓGICO DO CURSO DE LICENCIATURA EM LETRAS - uece.br,https://www.uece.br/prograd/wp-content/uploads/sites/8/2026/02/PPC-letras-FAFIDAM.pdf
UEFS,Universidade Estadual de Feira de Santana,BA,estadual,Prática educativa VII- Tecnologias,"[""tecnologia"", ""tecnologias""]",7,3,Matriz Curricular - Colegiado de Letras Vernáculas (anexo),http://www.letrasvernaculas.uefs.br/arquivos/File/OFERTASEMESTRALIZADALICENCIATURAEMLETRASLINGUAPORTUGUESA.pdf
UEFS,Universidade Estadual de Feira de Santana,BA,estadual,Prática Educativa VI: Tecnologias,"[""tecnologia"", ""tecnologias""]",4,32,PROJETO PEDAGÓGICO DO CURSO DE LICENCIATURAEM LETRAS ... - UEFS,http://www.letrasespanhol.uefs.br/arquivos/File/PPCLetrasPortugueseEspanhol.pdf
UEG,Universidade Estadual de Goiás,GO,estadual,"Discurso, Cultura e Mídias","[""midia"", ""midias""]",4,1,Matriz Curricular Letras ::.Unidade universitária de Iporá.::,https://www.ueg.br/ipora/conteudo/17662_matriz_curricular
UEL,Universidade Estadual de Londrina,PR,estadual,LITERATURA E OUTRAS MÍDIAS,"[""midia"", ""midias""]",4,1,LETRAS PORTUGUÊS - UEL,https://sites.uel.br/prograd/wp-content/uploads/catalogo_cursos/2021/organizacao_curricular/letras_lingua_portuguesa_vespertino.pdf
UEL,Universidade Estadual de Londrina,PR,estadual,LÍNGUAS E MULTILETRAMENTOS,"[""multiletramento"", ""multiletramentos""]",4,3,Matriz Curricular – Curso de Letras Inglês UEL (anexo),https://sites.uel.br/prograd/wp-content/uploads/catalogo_cursos/2023/organizacao_curricular/letras_lingua_inglesa_noturno.pdf
UEM,Universidade Estadual de Maringá,PR,estadual,NOVAS TECNOLOGIAS NO ENSINO DE LÍNGUA INGLESA (OPTATIVA),"[""recursos tecnologicos"", ""tecnologia"", ""tecnologias"", ""tecnologico""]",12,15,LETRAS - Plone site,https://dlp.uem.br/letras-grade.pdf
UEM,Universidade Estadual de Maringá,PR,estadual,MORFOSSINTAXE II: FUNCIONAMENTO DAS CLASSES DE PALAVRAS – DUPLA/INGLÊS,"[""tecnologia"", ""tecnologias""]",8,15,LETRAS - Plone site,https://dlp.uem.br/letras-grade.pdf
UEM,Universidade Estadual de Maringá,PR,estadual,MORFOSSINTAXE III - DUPLA,"[""tecnologia"", ""tecnologias""]",8,15,LETRAS - Plone site,https://dlp.uem.br/letras-grade.pdf
UEM,Universidade Estadual de Maringá,PR,estadual,TRADUÇÃO E GÊNEROS DISCURSIVOS,"[""internet""]",6,21,LETRAS - Plone site,https://dlp.uem.br/letras-grade.pdf
UEM,Universidade Estadual de Maringá,PR,estadual,TRADUÇÃO E RECURSOS COMPUTACIONAIS,"[""internet""]",6,21,LETRAS - Plone site,https://dlp.uem.br/letras-grade.pdf
UEM,Universidade Estadual de Maringá,PR,estadual,TRADUÇÃO – RECURSOS E ESTRATÉGIAS,"[""computador""]",6,21,LETRAS - Plone site,https://dlp.uem.br/letras-grade.pdf
UEMA,Universidade Estadual do Maranhão,MA,estadual,EDUCAÇÃO À DISTÂNCIA,"[""cibercultura"", ""ead"", ""educacao a distancia"", ""tecnologia"", ""tecnologias"", ""tics""]",18,127,UNIVERSIDADE ESTADUAL DO MARANHÃO PRÓ-REITORIA DE GRADUAÇÃO ...,https://www.prog.uema.br/wp-content/uploads/2023/05/PPC-Letras-Português-de-2022.pdf
UEMA,Universidade Estadual do Maranhão,MA,estadual,TECNOLOGIAS APLICADAS AO ENSINO DE LÍNGUAS,"[""informatica"", ""midia"", ""midias"", ""online"", ""tecnologia"", ""tecnologias""]",16,108,UNIVERSIDADE ESTADUAL DO MARANHÃO PRÓ-REITORIA DE GRADUAÇÃO ...,https://www.prog.uema.br/wp-content/uploads/2023/05/PPC-Letras-Português-de-2022.pdf
UEMA,Universidade Estadual do Maranhão,MA,estadual,TEORIA DA COMUNICAÇÃO,"[""tecnologia"", ""tecnologias""]",10,125,UNIVERSIDADE ESTADUAL DO MARANHÃO PRÓ-REITORIA DE GRADUAÇÃO ...,https://www.prog.uema.br/wp-content/uploads/2023/05/PPC-Letras-Português-de-2022.pdf
UEMA,Universidade Estadual do Maranhão,MA,estadual,ESCOLAR,"[""tecnologia"", ""tecnologias""]",8,121,UNIVERSIDADE ESTADUAL DO MARANHÃO PRÓ-REITORIA DE GRADUAÇÃO ...,https://www.prog.uema.br/wp-content/uploads/2023/05/PPC-Letras-Português-de-2022.pdf
UEMA,Universidade Estadual do Maranhão,MA,estadual,LÍNGUA PORTUGUESA,"[""tecnologia"", ""tecnologias""]",8,122,UNIVERSIDADE ESTADUAL DO MARANHÃO PRÓ-REITORIA DE GRADUAÇÃO ...,https://www.prog.uema.br/wp-content/uploads/2023/05/PPC-Letras-Português-de-2022.pdf
UEMA,Universidade Estadual do Maranhão,MA,estadual,Tecnologias Aplicadas ao Ensino de Línguas; Educação à Distância,"[""educacao a distancia"", ""tecnologia"", ""tecnologias""]",8,57,UNIVERSIDADE ESTADUAL DO MARANHÃO PRÓ-REITORIA DE GRADUAÇÃO ...,https://www.prog.uema.br/wp-content/uploads/2023/05/PPC-Letras-Português-de-2022.pdf
UEMA,Universidade Estadual do Maranhão,MA,estadual,Tecnologias da Informação e Comunicação aplicadas,"[""tecnologia"", ""tecnologias"", ""tecnologias da informacao e comunicacao""]",6,57,UNIVERSIDADE ESTADUAL DO MARANHÃO PRÓ-REITORIA DE GRADUAÇÃO ...,https://www.prog.uema.br/wp-content/uploads/2023/05/PPC-Letras-Português-de-2022.pdf
UEMA,Universidade Estadual do Maranhão,MA,estadual,Comunicação: âmbito e objetivo. Comunicação: arte e tecnologia. Comunicação de Massa,"[""tecnologia""]",4,67,PROJETO PEDAGÓGICO DO CURSO LETRAS LICENCIATURA EM LÍNGUA ...,https://www.prog.uema.br/wp-content/uploads/2016/04/PPC-LETRAS-PORTUGUES-LAGO-DA-PEDRA.pdf
UEMA,Universidade Estadual do Maranhão,MA,estadual,Tecnologia de Gestão,"[""tecnologia""]",4,18,UNIVERSIDADE ESTADUAL DA REGIÃO TOCANTINA DO MARANHÃO – UEMASUL,https://www.uemasul.edu.br/wp-content/uploads/2020/05/ppc_letras_ccanl_uemasul_2019.pdf
UEMA,Universidade Estadual do Maranhão,MA,estadual,Tecnológico – GECTEC,"[""tecnologico""]",4,21,UNIVERSIDADE ESTADUAL DA REGIÃO TOCANTINA DO MARANHÃO – UEMASUL,https://www.uemasul.edu.br/wp-content/uploads/2020/05/ppc_letras_ccanl_uemasul_2019.pdf
UEMASUL,Universidade Estadual da Região Tocantina do Maranhão,MA,estadual,CH Total,"[""virtual""]",8,82,PROJETO PEDAGÓGICO DO CURSO DE LICENCIATURA EM LETRAS LÍNGUA ...,https://caminhosdosertao.uemasul.edu.br/wp-content/uploads/2025/03/PPC-LETRAS-2024.pdf
UEMASUL,Universidade Estadual da Região Tocantina do Maranhão,MA,estadual,CH Total:  CH Teórica:  CH PT: - CH PCC: - CH Estágio,"[""virtual""]",8,119,PROJETO PEDAGÓGICO DO CURSO DE LICENCIATURA EM LETRAS LÍNGUA ...,https://caminhosdosertao.uemasul.edu.br/wp-content/uploads/2025/03/PPC-LETRAS-2024.pdf
UEMASUL,Universidade Estadual da Região Tocantina do Maranhão,MA,estadual,"Portuguesa, do Centro Ciências Humanas, Sociais, Tecnológicas e Letras - CCHSTL, Campus","[""tecnologica"", ""tecnologicas""]",6,37,UNIVERSIDADE ESTADUAL DA REGIÃO TOCANTINA DO MARANHÃO ...,https://www.uemasul.edu.br/wp-content/uploads/2020/05/ppc_cchstl_letras_uemasul.pdf
UEMASUL,Universidade Estadual da Região Tocantina do Maranhão,MA,estadual,Projetos de Letramentos,"[""letramentos digitais""]",6,165,PROJETO PEDAGÓGICO DO CURSO DE LETRAS LICENCIATURA EM LÍNGUA ...,https://uemasul.edu.br/wp-content/uploads/2021/10/letras_ingles_portugues_emissao_de_diplomas_cchsl_2020-.pdf
UEMASUL,Universidade Estadual da Região Tocantina do Maranhão,MA,estadual,A programação das atividades profissionais no Estágio Curricular Supervisionado será,"[""programacao""]",4,141,PROJETO PEDAGÓGICO DO CURSO DE LICENCIATURA EM LETRAS LÍNGUA ...,https://caminhosdosertao.uemasul.edu.br/wp-content/uploads/2025/03/PPC-LETRAS-2024.pdf
UEMASUL,Universidade Estadual da Região Tocantina do Maranhão,MA,estadual,Art.9° A programação das atividades profissionais no Estágio Curricular,"[""programacao""]",4,199,PROJETO PEDAGÓGICO DO CURSO DE LICENCIATURA EM LETRAS LÍNGUA ...,https://caminhosdosertao.uemasul.edu.br/wp-content/uploads/2025/03/PPC-LETRAS-2024.pdf
UEMASUL,Universidade Estadual da Região Tocantina do Maranhão,MA,estadual,IV - a compreensão dos fundamentos científico -tecnológicos dos processos,"[""tecnologico""]",4,14,PROJETO PEDAGÓGICO DO CURSO DE LETRAS LICENCIATURA EM LÍNGUA ...,https://uemasul.edu.br/wp-content/uploads/2021/10/letras_ingles_portugues_emissao_de_diplomas_cchsl_2020-.pdf
UEMASUL,Universidade Estadual da Região Tocantina do Maranhão,MA,estadual,IV. Produção de novas tecnologias;,"[""tecnologia"", ""tecnologias""]",4,176,"UEMASUL - Letras, Língua Portuguesa, Língua Inglesa e Literaturas (anexo)",http://www.uemasul.edu.br/wp-content/uploads/2024/04/PPC-Letras-Ingles-CCHSL-2023.pdf
UEMASUL,Universidade Estadual da Região Tocantina do Maranhão,MA,estadual,PROGRAMAÇÃO DO ESTÁGIO CURRICULAR SUPERVISIONADO,"[""programacao""]",4,199,PROJETO PEDAGÓGICO DO CURSO DE LICENCIATURA EM LETRAS LÍNGUA ...,https://caminhosdosertao.uemasul.edu.br/wp-content/uploads/2025/03/PPC-LETRAS-2024.pdf
UEMG,Universidade do Estado de Minas Gerais,MG,estadual,Período: 9º C.H. Semestral: 30 C.H. Semanal: 2,"[""cibercultura"", ""cultura digital"", ""digital"", ""hipermidia"", ""hipertexto"", ""letramentos digitais"", ""midia"", ""recursos digitais"", ""software"", ""tecnologia"", ""tecnologias"", ""tecnologias educacionais"", ""web""]",30,107,PROJETO PEDAGÓGICO DO CURSO DE LICENCIATURA EM LETRAS ... - UEMG,https://www.uemg.br/component/phocadownload/category/2523-unidade-carangola?download=13960:ppc-letras-portugues-e-ingles-licenciatura-carangola-2023
UEMG,Universidade do Estado de Minas Gerais,MG,estadual,PRÁTICAS DE LETRAMENTO NA CONTEMPORANEIDADE,"[""digital"", ""letramento digital"", ""midia"", ""multiletramento"", ""tecnologia"", ""tecnologias""]",16,73,PROJETO PEDAGÓGICO DO CURSO DE LICENCIATURA EM LETRAS/PORTUGUÊS,https://www.uemg.br/images/PPC_Letras_Lic_Passos_aprovado_coepe_28.12.16.pdf
UEMG,Universidade do Estado de Minas Gerais,MG,estadual,EDUCOMUNICAÇÃO,"[""midia"", ""midias"", ""tecnologia"", ""tecnologias""]",12,99,PROJETO PEDAGÓGICO DO CURSO DE - UEMG,https://www.uemg.br/images/PPC_Letras_Port.Ing._lic_Divinopolis_aprovado_coepe_27.10.15.pdf
UEMG,Universidade do Estado de Minas Gerais,MG,estadual,Letras – Português e Inglês | UEMG – Unidade Divinópolis,"[""tdic"", ""tecnologia"", ""tecnologias"", ""tecnologias digitais""]",12,59,PROJETO PEDAGÓGICO DO CURSO DE LICENCIATURA EM LETRAS ...,https://www.uemg.br/images/2026/06/15/PPC_LETRAS_PORTUGUES_E_INGLES_Divinópolis.pdf
UEMG,Universidade do Estado de Minas Gerais,MG,estadual,LÍNGUA INGLESA II,"[""tdic"", ""tecnologia"", ""tecnologias"", ""tecnologias digitais""]",12,56,PROJETO PEDAGÓGICO DO CURSO DE LICENCIATURA EM LETRAS ...,https://www.uemg.br/images/2026/06/15/PPC_LETRAS_PORTUGUES_E_INGLES_Divinópolis.pdf
UEMG,Universidade do Estado de Minas Gerais,MG,estadual,TEORIA DA LITERATURA I,"[""tdic"", ""tecnologia"", ""tecnologias"", ""tecnologias digitais""]",12,51,PROJETO PEDAGÓGICO DO CURSO DE LICENCIATURA EM LETRAS ...,https://www.uemg.br/images/2026/06/15/PPC_LETRAS_PORTUGUES_E_INGLES_Divinópolis.pdf
UEMG,Universidade do Estado de Minas Gerais,MG,estadual,Tecnologias Educacionais e Mídias na Educação OBR,"[""midia"", ""midias"", ""tecnologia"", ""tecnologias"", ""tecnologias educacionais""]",12,45,PROJETO PEDAGÓGICO DO CURSO DE LICENCIATURA EM LETRAS ...,https://www.uemg.br/images/2026/06/15/PPC_LETRAS_PORTUGUES_E_INGLES_Divinópolis.pdf
UEMG,Universidade do Estado de Minas Gerais,MG,estadual,HISTÓRIA DA LEITURA E DA ESCRITA,"[""tecnologia"", ""tecnologias""]",8,86,PROJETO PEDAGÓGICO DO CURSO DE - UEMG,https://www.uemg.br/images/PPC_Letras_Port.Ing._lic_Divinopolis_aprovado_coepe_27.10.15.pdf
UEMG,Universidade do Estado de Minas Gerais,MG,estadual,Tecnologias Digitais da Informação e Comunicação na Educação,"[""tecnologia"", ""tecnologias"", ""tecnologias digitais""]",8,107,PROJETO PEDAGÓGICO DO CURSO DE LICENCIATURA EM LETRAS ... - UEMG,https://www.uemg.br/component/phocadownload/category/2523-unidade-carangola?download=13960:ppc-letras-portugues-e-ingles-licenciatura-carangola-2023
UEMG,Universidade do Estado de Minas Gerais,MG,estadual,"As disciplinas Tópicos Especiais em Educação, Linguagens e Novas Tecnologias, Língua","[""tecnologia"", ""tecnologias""]",6,23,PROJETO PEDAGÓGICO DO CURSO LICENCIATURA EM LETRAS,https://www.uemg.br/images/PPC_Letras_Port.Ing._Lic_Carangola_aprovado_coepe_28.12.16.pdf
UEMG,Universidade do Estado de Minas Gerais,MG,estadual,Educacionais e Mídias na Educação; História da África;,"[""midia"", ""midias""]",6,23,PROJETO PEDAGÓGICO DO CURSO DE LICENCIATURA EM LETRAS ...,https://www.uemg.br/images/2026/06/15/PPC_LETRAS_PORTUGUES_E_INGLES_Divinópolis.pdf
UEMG,Universidade do Estado de Minas Gerais,MG,estadual,FUNDAMENTOS POLÍTICO -PEDAGÓGICOS DA PROFISSÃO DOCENTE,"[""tecnologia""]",6,52,PROJETO PEDAGÓGICO DO CURSO DE - UEMG,https://www.uemg.br/images/PPC_Letras_Port.Ing._lic_Divinopolis_aprovado_coepe_27.10.15.pdf
UEMG,Universidade do Estado de Minas Gerais,MG,estadual,Interdisciplinar II; Epistemologias e Artes Indígenas; Tecnologias,"[""tecnologia"", ""tecnologias""]",6,23,PROJETO PEDAGÓGICO DO CURSO DE LICENCIATURA EM LETRAS ...,https://www.uemg.br/images/2026/06/15/PPC_LETRAS_PORTUGUES_E_INGLES_Divinópolis.pdf
UEMG,Universidade do Estado de Minas Gerais,MG,estadual,LEITURA E PRODUÇÃO TEXTUAL II,"[""audiovisual""]",6,37,PROJETO PEDAGÓGICO DO CURSO DE LICENCIATURA EM LETRAS/PORTUGUÊS,https://www.uemg.br/images/PPC_Letras_Lic_Passos_aprovado_coepe_28.12.16.pdf
UEMG,Universidade do Estado de Minas Gerais,MG,estadual,LEXICOLOGIA E LEXICOGRAFIA,"[""computacional""]",6,80,PROJETO PEDAGÓGICO DO CURSO DE LICENCIATURA EM LETRAS/PORTUGUÊS,https://www.uemg.br/images/PPC_Letras_Lic_Passos_aprovado_coepe_28.12.16.pdf
UEMG,Universidade do Estado de Minas Gerais,MG,estadual,OPTATIVAS – LÍNGUA PORTUGUESA,"[""midia""]",6,93,PROJETO PEDAGÓGICO DO CURSO DE - UEMG,https://www.uemg.br/images/PPC_Letras_Port.Ing._lic_Divinopolis_aprovado_coepe_27.10.15.pdf
UEMG,Universidade do Estado de Minas Gerais,MG,estadual,Período: 2º/6º/9º C.H. Semestral: 30 C.H. Semanal: 2,"[""midia""]",6,110,PROJETO PEDAGÓGICO DO CURSO DE LICENCIATURA EM LETRAS ... - UEMG,https://www.uemg.br/component/phocadownload/category/2523-unidade-carangola?download=13960:ppc-letras-portugues-e-ingles-licenciatura-carangola-2023
UEMG,Universidade do Estado de Minas Gerais,MG,estadual,Prática de ensino através das tecnologias de informação,"[""tecnologia"", ""tecnologias""]",6,91,PROJETO PEDAGÓGICO DO CURSO DE LICENCIATURA EM LETRAS/PORTUGUÊS,https://www.uemg.br/images/PPC_Letras_Lic_Passos_aprovado_coepe_28.12.16.pdf
UEMG,Universidade do Estado de Minas Gerais,MG,estadual,Práticas de Letramento Digital,"[""digital"", ""letramento digital""]",6,49,PROJETO PEDAGÓGICO DO CURSO DE - UEMG,https://www.uemg.br/images/PPC_Letras_Port.Ing._lic_Divinopolis_aprovado_coepe_27.10.15.pdf
UEMG,Universidade do Estado de Minas Gerais,MG,estadual,Teórica Prática Total,"[""online""]",6,130,PROJETO PEDAGÓGICO DO CURSO LICENCIATURA EM LETRAS,https://www.uemg.br/images/PPC_Letras_Port.Ing._Lic_Carangola_aprovado_coepe_28.12.16.pdf
UEMG,Universidade do Estado de Minas Gerais,MG,estadual,"Tópicos Especiais em Educação, Linguagens e Novas Tecnologias","[""tecnologia"", ""tecnologias""]",6,86,PROJETO PEDAGÓGICO DO CURSO LICENCIATURA EM LETRAS,https://www.uemg.br/images/PPC_Letras_Port.Ing._Lic_Carangola_aprovado_coepe_28.12.16.pdf
UEMG,Universidade do Estado de Minas Gerais,MG,estadual,Computadores,"[""computador""]",5,68,UNIVERSIDADE FEDERAL DE MINAS GERAIS FACULDADE DE LETRASPROJETO PEDAGÓGICO DO CURSO DE LETRAS - files.cercomp.ufg.brMicrosoft Word - 1857 PPC. Letras Português. 2020.2023 ...Projeto Pedagógico de Curso | PROGRAD - Pró-Reitoria ... - UFGProjetos Pedagógicos dos Cursos - Faculdade de LetrasProjeto Pedagógico 1. Apresentação | Letras,https://grad.letras.ufmg.br/arquivos/projeto_pedagogico_licenciatura_14_06_revisado_pdf.pdf
UEMG,Universidade do Estado de Minas Gerais,MG,estadual,Especialização em Designer Instrucional para EAD Virtual,"[""ead"", ""virtual""]",4,121,PROJETO PEDAGÓGICO DO CURSO DE LICENCIATURA EM LETRAS/PORTUGUÊS,https://www.uemg.br/images/PPC_Letras_Lic_Passos_aprovado_coepe_28.12.16.pdf
UEMG,Universidade do Estado de Minas Gerais,MG,estadual,Utilização da tecnologia na prática pedagógica,"[""tecnologia""]",4,52,PROJETO PEDAGÓGICO DO CURSO DE - UEMG,https://www.uemg.br/images/PPC_Letras_Port.Ing._lic_Divinopolis_aprovado_coepe_27.10.15.pdf
UEMS,Universidade Estadual de Mato Grosso do Sul,MS,estadual,Linguagem e tecnologias digitais,"[""tecnologia"", ""tecnologias"", ""tecnologias digitais""]",6,1,UEMS: Cursos,https://www.uems.br/cursos/graduacao/letras-habilitacao-portugues-espanhol-e-suas-literaturas-licenciatura-campo-grande
UEMS,Universidade Estadual de Mato Grosso do Sul,MS,estadual,Moodle (AVA),"[""ava"", ""moodle""]",4,1,UEMS: Cursos,https://www.uems.br/cursos/graduacao/letras-habilitacao-portugues-espanhol-e-suas-literaturas-licenciatura-campo-grande
UEMS,Universidade Estadual de Mato Grosso do Sul,MS,estadual,Novas Tecnologias e o Ensino de Línguas,"[""tecnologia"", ""tecnologias""]",4,1,UEMS: Cursos,https://www.uems.br/cursos/graduacao/licenciatura-em-letras-licenciatura-jardim
UENP,Universidade Estadual do Norte do Paraná,PR,estadual,Linguística Aplicada e ensino de línguas estrangeiras,"[""aplicativo"", ""aplicativos"", ""digital"", ""dispositivos moveis"", ""midia"", ""redes sociais"", ""tecnologia"", ""tecnologias""]",20,1,Ementas e Objetivos - Universidade Estadual do Norte do ...,https://uenp.edu.br/letras-ingles-ementas
UENP,Universidade Estadual do Norte do Paraná,PR,estadual,Série,"[""digital"", ""ead"", ""hipertexto"", ""multiletramento"", ""multiletramentos"", ""mundo digital"", ""tics""]",18,1,Ementa e Objetivos - Universidade Estadual do Norte do Paraná ...,https://uenp.edu.br/letras-ementas
UENP,Universidade Estadual do Norte do Paraná,PR,estadual,Ensino-aprendizagem de português como língua estrangeira/ segunda língua,"[""multiletramento"", ""multiletramentos"", ""multimodal"", ""multimodalidade"", ""online""]",14,1,Ementas e Objetivos - Universidade Estadual do Norte do ...,https://uenp.edu.br/letras-ingles-ementas
UENP,Universidade Estadual do Norte do Paraná,PR,estadual,Multimodalidade e multiletramentos no ensino de língua portuguesa,"[""multiletramento"", ""multiletramentos"", ""multimodal"", ""multimodalidade"", ""online""]",14,1,Ementas e Objetivos - Universidade Estadual do Norte do ...,https://uenp.edu.br/letras-ingles-ementas
UENP,Universidade Estadual do Norte do Paraná,PR,estadual,Estudos do léxico,"[""multiletramento"", ""multiletramentos"", ""multimodal"", ""multimodalidade""]",12,1,Ementas e Objetivos - Universidade Estadual do Norte do ...,https://uenp.edu.br/letras-ingles-ementas
UENP,Universidade Estadual do Norte do Paraná,PR,estadual,Novas Tecnologias no Ensino de Línguas,"[""tecnologia"", ""tecnologias""]",6,1,Ementas e Objetivos - Universidade Estadual do Norte do ...,https://uenp.edu.br/letras-ingles-ementas
UENP,Universidade Estadual do Norte do Paraná,PR,estadual,TICS/EAD,"[""ead"", ""tics""]",4,1,Ementa e Objetivos - Universidade Estadual do Norte do Paraná ...,https://uenp.edu.br/letras-ementas
UEPA,Universidade do Estado do Pará,PA,estadual,DIDÁTICA,"[""tecnologia"", ""tecnologias"", ""tecnologias educacionais""]",10,60,BELÉM/2022 - UEPA,https://prograd.uepa.br/wp-content/uploads/2023/05/2022-PPC-LETRAS-LINGUA-PORTUGUESA.pdf
UEPA,Universidade do Estado do Pará,PA,estadual,Ano: 2º,"[""midia"", ""midias""]",8,68,PROJETO PEDAGÓGICO DO CURSO DE LICENCIATURA EM LETRAS ... - UEPA,https://prograd.uepa.br/wp-content/uploads/2023/05/PPC-LETRAS-LINGUA-INGLESA.pdf
UEPA,Universidade do Estado do Pará,PA,estadual,ESTÁGIO SUPERVISIONADO II,"[""tecnologia"", ""tecnologias""]",8,71,BELÉM/2022 - UEPA,https://prograd.uepa.br/wp-content/uploads/2023/05/2022-PPC-LETRAS-LINGUA-PORTUGUESA.pdf
UEPA,Universidade do Estado do Pará,PA,estadual,Ano: 1º,"[""software""]",6,53,PROJETO PEDAGÓGICO DO CURSO DE LICENCIATURA EM LETRAS ... - UEPA,https://prograd.uepa.br/wp-content/uploads/2023/05/PPC-LETRAS-LINGUA-INGLESA.pdf
UEPA,Universidade do Estado do Pará,PA,estadual,Ano: 4º,"[""ava""]",6,84,PROJETO PEDAGÓGICO DO CURSO DE LICENCIATURA EM LETRAS ... - UEPA,https://prograd.uepa.br/wp-content/uploads/2023/05/PPC-LETRAS-LINGUA-INGLESA.pdf
UEPA,Universidade do Estado do Pará,PA,estadual,EAD- Educação a Distância,"[""ead"", ""educacao a distancia""]",4,4,BELÉM/2022 - UEPA,https://prograd.uepa.br/wp-content/uploads/2023/05/2022-PPC-LETRAS-LINGUA-PORTUGUESA.pdf
UEPA,Universidade do Estado do Pará,PA,estadual,Linguagens e Tecnologias,"[""tecnologia"", ""tecnologias""]",4,46,BELÉM/2022 - UEPA,https://prograd.uepa.br/wp-content/uploads/2023/05/2022-PPC-LETRAS-LINGUA-PORTUGUESA.pdf
UEPB,Universidade Estadual da Paraíba,PB,estadual,Metodologia do Ensino de Língua Portuguesa II,"[""multiletramento"", ""multiletramentos"", ""tecnologia"", ""tecnologias"", ""tics""]",17,88,PROJETO PEDAGÓGICO DE CURSO LETRAS PORTUGUÊS,https://centros.uepb.edu.br/cche/files/2019/02/PPC-Letras-Português_Licenciatura_CCHE.pdf
UEPB,Universidade Estadual da Paraíba,PB,estadual,Introdução aos Estudos Literários II,"[""corpora"", ""digital"", ""midia""]",13,71,PROJETO PEDAGÓGICO DE CURSO LETRAS PORTUGUÊS,https://centros.uepb.edu.br/cche/files/2019/02/PPC-Letras-Português_Licenciatura_CCHE.pdf
UEPB,Universidade Estadual da Paraíba,PB,estadual,Estágio Supervisionado em Língua Portuguesa III,"[""tecnologia"", ""tecnologias""]",11,81,PROJETO PEDAGÓGICO DE CURSO LETRAS PORTUGUÊS,https://centros.uepb.edu.br/cche/files/2019/02/PPC-Letras-Português_Licenciatura_CCHE.pdf
UEPB,Universidade Estadual da Paraíba,PB,estadual,Linguística Cognitiva,"[""computacao""]",9,105,PROJETO PEDAGÓGICO DE CURSO LETRAS PORTUGUÊS,https://centros.uepb.edu.br/cche/files/2019/02/PPC-Letras-Português_Licenciatura_CCHE.pdf
UEPB,Universidade Estadual da Paraíba,PB,estadual,Sociologia da Modernidade,"[""midia""]",9,130,PROJETO PEDAGÓGICO DE CURSO LETRAS PORTUGUÊS,https://centros.uepb.edu.br/cche/files/2019/02/PPC-Letras-Português_Licenciatura_CCHE.pdf
UEPG,Universidade Estadual de Ponta Grossa,PR,estadual,CARGA HORÁRIA TOTAL EAD,"[""ead""]",6,39,UNIVERSIDADE ESTADUAL DE PONTA GROSSA,https://www2.uepg.br/prograd/wp-content/uploads/sites/19/2024/04/PPC-LETRAS.pdf
UEPG,Universidade Estadual de Ponta Grossa,PR,estadual,Estudos sobre Letramentos e Multiletramentos em Língua Inglesa,"[""multiletramento"", ""multiletramentos""]",6,113,UNIVERSIDADE ESTADUAL DE PONTA GROSSA,https://www2.uepg.br/prograd/wp-content/uploads/sites/19/2024/04/PPC-LETRAS.pdf
UEPG,Universidade Estadual de Ponta Grossa,PR,estadual,Tecnologias,"[""tecnologia"", ""tecnologias""]",6,42,UNIVERSIDADE ESTADUAL DE PONTA GROSSA,https://www2.uepg.br/prograd/wp-content/uploads/sites/19/2024/04/PPC-LETRAS.pdf
UEPG,Universidade Estadual de Ponta Grossa,PR,estadual,Tecnologias digitais no ensino de língua,"[""tecnologia"", ""tecnologias"", ""tecnologias digitais""]",6,34,UNIVERSIDADE ESTADUAL DE PONTA GROSSA,https://www2.uepg.br/prograd/wp-content/uploads/sites/19/2024/04/PPC-LETRAS.pdf
UEPG,Universidade Estadual de Ponta Grossa,PR,estadual,Tecnologias digitais no ensino de língua espanhola,"[""tecnologia"", ""tecnologias"", ""tecnologias digitais""]",6,42,UNIVERSIDADE ESTADUAL DE PONTA GROSSA,https://www2.uepg.br/prograd/wp-content/uploads/sites/19/2024/04/PPC-LETRAS.pdf
UEPG,Universidade Estadual de Ponta Grossa,PR,estadual,Científico-Culturais Prática de Ensino Estágio Curricular Disciplinas EAD,"[""ead""]",4,125,UNIVERSIDADE ESTADUAL DE PONTA GROSSA,https://www2.uepg.br/prograd/wp-content/uploads/sites/19/2024/04/PPC-LETRAS.pdf
UEPG,Universidade Estadual de Ponta Grossa,PR,estadual,"Língua inglesa 510 Tecnologias no ensino da língua inglesa 2,3,4 ANUAL","[""tecnologia"", ""tecnologias""]",4,35,UNIVERSIDADE ESTADUAL DE PONTA GROSSA,https://www2.uepg.br/prograd/wp-content/uploads/sites/19/2024/04/PPC-LETRAS.pdf
UEPG,Universidade Estadual de Ponta Grossa,PR,estadual,"Na 3ª série, quatro disciplinas estão fixadas no sistema EAD: Estudos de Linguagem","[""ead""]",4,39,UNIVERSIDADE ESTADUAL DE PONTA GROSSA,https://www2.uepg.br/prograd/wp-content/uploads/sites/19/2024/04/PPC-LETRAS.pdf
UEPG,Universidade Estadual de Ponta Grossa,PR,estadual,PORCENTAGEM DE CARGA HORÁRIA EAD EM RELAÇÃO À CH TOTAL,"[""ead""]",4,39,UNIVERSIDADE ESTADUAL DE PONTA GROSSA,https://www2.uepg.br/prograd/wp-content/uploads/sites/19/2024/04/PPC-LETRAS.pdf
UEPG,Universidade Estadual de Ponta Grossa,PR,estadual,"Tecnologias 2,3,4 ANUAL","[""tecnologia"", ""tecnologias""]",4,35,UNIVERSIDADE ESTADUAL DE PONTA GROSSA,https://www2.uepg.br/prograd/wp-content/uploads/sites/19/2024/04/PPC-LETRAS.pdf
UERGS,Universidade Estadual do Rio Grande do Sul,RS,estadual,Letras,"[""ciberespaco"", ""computador"", ""digital"", ""informatica"", ""recursos tecnologicos"", ""tecnologia"", ""tecnologia educacional"", ""tecnologias"", ""tecnologico""]",22,214,UNIVERSIDADE ESTADUAL DO RIO GRANDE DO SUL SUPERINTENDÊNCIA ...,https://uergs.edu.br/upload/arquivos/202408/28090426-ppc-de-letras-19-07-2024-final.pdf
UERGS,Universidade Estadual do Rio Grande do Sul,RS,estadual,Letras Quarto,"[""multiletramento"", ""multiletramentos"", ""nativos digitais"", ""tdic"", ""tecnologia"", ""tecnologias"", ""tecnologias digitais""]",18,118,UNIVERSIDADE ESTADUAL DO RIO GRANDE DO SUL SUPERINTENDÊNCIA ...,https://uergs.edu.br/upload/arquivos/202408/28090426-ppc-de-letras-19-07-2024-final.pdf
UERGS,Universidade Estadual do Rio Grande do Sul,RS,estadual,PORTUGUESA,"[""ambiente virtual de aprendizagem"", ""tecnologia"", ""tecnologias"", ""tecnologias da informacao e comunicacao"", ""tecnologica"", ""tic"", ""virtual""]",18,171,uergs.edu.br,https://uergs.edu.br/upload/arquivos/202505/14160348-ppc-de-letras-outubro-2024-final-formatado-com-setas-bidirecionais.pdf
UERGS,Universidade Estadual do Rio Grande do Sul,RS,estadual,Letras Segundo Prática de Extensão I,"[""audiovisual"", ""midia"", ""midias"", ""midias digitais"", ""tecnologica""]",14,97,uergs.edu.br,https://uergs.edu.br/upload/arquivos/202505/14160348-ppc-de-letras-outubro-2024-final-formatado-com-setas-bidirecionais.pdf
UERGS,Universidade Estadual do Rio Grande do Sul,RS,estadual,DIDÁTICA,"[""moodle"", ""tecnologia"", ""tecnologias""]",10,135,UNIVERSIDADE ESTADUAL DO RIO GRANDE DO SUL SUPERINTENDÊNCIA ...,https://uergs.edu.br/upload/arquivos/202408/28090426-ppc-de-letras-19-07-2024-final.pdf
UERGS,Universidade Estadual do Rio Grande do Sul,RS,estadual,DIAGNÓTICO E INTERVEÇÃO EM REALIDADE ESCOLAR E ESTUDOS,"[""tecnologia"", ""tecnologias""]",8,163,UNIVERSIDADE ESTADUAL DO RIO GRANDE DO SUL SUPERINTENDÊNCIA ...,https://uergs.edu.br/upload/arquivos/202408/28090426-ppc-de-letras-19-07-2024-final.pdf
UERGS,Universidade Estadual do Rio Grande do Sul,RS,estadual,"Letras Primeiro Prática de Extensão I, II, III, IV, V","[""ead"", ""virtual""]",8,182,UNIVERSIDADE ESTADUAL DO RIO GRANDE DO SUL SUPERINTENDÊNCIA ...,https://uergs.edu.br/upload/arquivos/202408/28090426-ppc-de-letras-19-07-2024-final.pdf
UERGS,Universidade Estadual do Rio Grande do Sul,RS,estadual,"Letras Sexto Prática de Extensão I, II, III, IV, V","[""ead"", ""virtual""]",8,153,UNIVERSIDADE ESTADUAL DO RIO GRANDE DO SUL SUPERINTENDÊNCIA ...,https://uergs.edu.br/upload/arquivos/202408/28090426-ppc-de-letras-19-07-2024-final.pdf
UERGS,Universidade Estadual do Rio Grande do Sul,RS,estadual,"Letras Sétimo Prática de Extensão I, II, III, IV, V","[""ead"", ""virtual""]",8,166,UNIVERSIDADE ESTADUAL DO RIO GRANDE DO SUL SUPERINTENDÊNCIA ...,https://uergs.edu.br/upload/arquivos/202408/28090426-ppc-de-letras-19-07-2024-final.pdf
UERGS,Universidade Estadual do Rio Grande do Sul,RS,estadual,Letras Terceiro Estudos Literários,"[""tecnologia"", ""tecnologias""]",8,103,UNIVERSIDADE ESTADUAL DO RIO GRANDE DO SUL SUPERINTENDÊNCIA ...,https://uergs.edu.br/upload/arquivos/202408/28090426-ppc-de-letras-19-07-2024-final.pdf
UERGS,Universidade Estadual do Rio Grande do Sul,RS,estadual,AVA – Ambiente Virtual de Aprendizagem,"[""ambiente virtual de aprendizagem"", ""ava"", ""virtual""]",6,5,UNIVERSIDADE ESTADUAL DO RIO GRANDE DO SUL SUPERINTENDÊNCIA ...,https://uergs.edu.br/upload/arquivos/202408/28090426-ppc-de-letras-19-07-2024-final.pdf
UERGS,Universidade Estadual do Rio Grande do Sul,RS,estadual,"JUVENTUDES, TECNOLOGIAS E FORMAÇÃO DE PROFESSORES","[""tecnologia"", ""tecnologias""]",6,118,UNIVERSIDADE ESTADUAL DO RIO GRANDE DO SUL SUPERINTENDÊNCIA ...,https://uergs.edu.br/upload/arquivos/202408/28090426-ppc-de-letras-19-07-2024-final.pdf
UERGS,Universidade Estadual do Rio Grande do Sul,RS,estadual,"Letras Quarto Prática de Extensão I, II, III","[""ead""]",6,125,UNIVERSIDADE ESTADUAL DO RIO GRANDE DO SUL SUPERINTENDÊNCIA ...,https://uergs.edu.br/upload/arquivos/202408/28090426-ppc-de-letras-19-07-2024-final.pdf
UERGS,Universidade Estadual do Rio Grande do Sul,RS,estadual,"Letras Quinto Prática de Extensão I, II, III, IV","[""ead""]",6,139,UNIVERSIDADE ESTADUAL DO RIO GRANDE DO SUL SUPERINTENDÊNCIA ...,https://uergs.edu.br/upload/arquivos/202408/28090426-ppc-de-letras-19-07-2024-final.pdf
UERGS,Universidade Estadual do Rio Grande do Sul,RS,estadual,CH em EAD,"[""ead""]",4,126,UNIVERSIDADE ESTADUAL DO RIO GRANDE DO SUL SUPERINTENDÊNCIA ...,https://uergs.edu.br/upload/arquivos/202408/28090426-ppc-de-letras-19-07-2024-final.pdf
UERGS,Universidade Estadual do Rio Grande do Sul,RS,estadual,Componentes curriculares CH CH em EAD *,"[""ead""]",4,51,UNIVERSIDADE ESTADUAL DO RIO GRANDE DO SUL SUPERINTENDÊNCIA ...,https://uergs.edu.br/upload/arquivos/202408/28090426-ppc-de-letras-19-07-2024-final.pdf
UERGS,Universidade Estadual do Rio Grande do Sul,RS,estadual,Componentes curriculares CH CH em EAD * Créditos Pré-requisitos,"[""ead""]",4,52,UNIVERSIDADE ESTADUAL DO RIO GRANDE DO SUL SUPERINTENDÊNCIA ...,https://uergs.edu.br/upload/arquivos/202408/28090426-ppc-de-letras-19-07-2024-final.pdf
UERGS,Universidade Estadual do Rio Grande do Sul,RS,estadual,Conponentes curriculares CH CH em EAD*,"[""ead""]",4,55,UNIVERSIDADE ESTADUAL DO RIO GRANDE DO SUL SUPERINTENDÊNCIA ...,https://uergs.edu.br/upload/arquivos/202408/28090426-ppc-de-letras-19-07-2024-final.pdf
UERGS,Universidade Estadual do Rio Grande do Sul,RS,estadual,Conponentes curriculares CH CH em EAD* Créditos Pré-requisitos,"[""ead""]",4,54,UNIVERSIDADE ESTADUAL DO RIO GRANDE DO SUL SUPERINTENDÊNCIA ...,https://uergs.edu.br/upload/arquivos/202408/28090426-ppc-de-letras-19-07-2024-final.pdf
UERGS,Universidade Estadual do Rio Grande do Sul,RS,estadual,"Juventudes , tecnologias e formação de professores","[""tecnologia"", ""tecnologias""]",4,220,UNIVERSIDADE ESTADUAL DO RIO GRANDE DO SUL SUPERINTENDÊNCIA ...,https://uergs.edu.br/upload/arquivos/202408/28090426-ppc-de-letras-19-07-2024-final.pdf
UERGS,Universidade Estadual do Rio Grande do Sul,RS,estadual,TIC – Tecnologia da Informação e da Comunicação,"[""tecnologia"", ""tic""]",4,5,UNIVERSIDADE ESTADUAL DO RIO GRANDE DO SUL SUPERINTENDÊNCIA ...,https://uergs.edu.br/upload/arquivos/202408/28090426-ppc-de-letras-19-07-2024-final.pdf
UERGS,Universidade Estadual do Rio Grande do Sul,RS,estadual,Tecnologias,"[""tecnologia"", ""tecnologias""]",4,3,Subprojeto LETRAS - Licenciatura em Língua Portuguesa,https://uergs.edu.br/upload/arquivos/202410/09121023-subprojeto-letras-licenciatura-em-li-ngua-portuguesa.pdf
UERJ,Universidade do Estado do Rio de Janeiro,RJ,estadual,Avaliação de Software Educativo,"[""software""]",5,2,CURSO DE LICENCIATURA EM LETRAS HABILITAÇÃO: PORTUGUÊS ...,https://www.dep.uerj.br/fluxos/letras_portugues_literaturas_licenciatura.pdf
UERJ,Universidade do Estado do Rio de Janeiro,RJ,estadual,Educação a Distância,"[""educacao a distancia""]",5,2,CURSO DE LICENCIATURA EM LETRAS HABILITAÇÃO: PORTUGUÊS ...,https://www.dep.uerj.br/fluxos/letras_portugues_literaturas_licenciatura.pdf
UERN,Universidade do Estado do Rio Grande do Norte,RN,estadual,Aplicação: Teórica Avaliado por: Nota,"[""digital"", ""hipermidia"", ""hipertexto"", ""internet"", ""letramento digital"", ""midia"", ""multimodal"", ""multimodalidade""]",20,48,PROJETO PEDAGÓGICO DO CURSO DE LETRAS LÍNGUA ... - UERN,https://www.uern.br/controledepaginas/proeg-projetos-pedagogicos-central/arquivos/4226ppc_letras_l_portuguesa_central.pdf
UERN,Universidade do Estado do Rio Grande do Norte,RN,estadual,Carga horária/,"[""midia"", ""midias"", ""multiletramento"", ""multiletramentos"", ""tecnologia"", ""tecnologias""]",16,80,PROJETO PEDAGÓGICO DO CURSO DE LETRAS - LÍNGUA INGLE,https://portal.uern.br/paudosferros/dle/wp-content/uploads/sites/2/2024/06/PPC_do_Curso_de_Letras_Lingua_Inglesa___2025.1.pdf
UERN,Universidade do Estado do Rio Grande do Norte,RN,estadual,Multiletramentos e tecnologias digitais Classificação,"[""multiletramento"", ""multiletramentos"", ""tecnologia"", ""tecnologias"", ""tecnologias digitais""]",10,80,PROJETO PEDAGÓGICO DO CURSO DE LETRAS - LÍNGUA INGLE,https://portal.uern.br/paudosferros/dle/wp-content/uploads/sites/2/2024/06/PPC_do_Curso_de_Letras_Lingua_Inglesa___2025.1.pdf
UERN,Universidade do Estado do Rio Grande do Norte,RN,estadual,Multiletramentos e Tecnologias,"[""multiletramento"", ""multiletramentos"", ""tecnologia"", ""tecnologias""]",8,27,PROJETO PEDAGÓGICO DO CURSO DE LETRAS - LÍNGUA INGLE,https://portal.uern.br/paudosferros/dle/wp-content/uploads/sites/2/2024/06/PPC_do_Curso_de_Letras_Lingua_Inglesa___2025.1.pdf
UERN,Universidade do Estado do Rio Grande do Norte,RN,estadual,Quadro14 - Recursos tecnológicos e de informática disponíveis na FALA,"[""informatica"", ""recursos tecnologicos"", ""tecnologico""]",8,4,PROJETO PEDAGÓGICO DO CURSO DE LETRAS LÍNGUA ... - UERN,https://www.uern.br/controledepaginas/proeg-projetos-pedagogicos-central/arquivos/4226ppc_letras_l_portuguesa_central.pdf
UERN,Universidade do Estado do Rio Grande do Norte,RN,estadual,Multiletramentos,"[""multiletramento"", ""multiletramentos""]",7,48,PROJETO PEDAGÓGICO DO CURSO DE LETRAS - LÍNGUA INGLE,https://portal.uern.br/paudosferros/dle/wp-content/uploads/sites/2/2024/06/PPC_do_Curso_de_Letras_Lingua_Inglesa___2025.1.pdf
UERN,Universidade do Estado do Rio Grande do Norte,RN,estadual,Aplicação Avaliado por TEÓRICA NOTAS,"[""corpora""]",6,83,PROJETO PEDAGÓGICO DO CURSO DE LETRAS: LÍNGUA PORTUGUE,https://www.uern.br/controledepaginas/proeg-projetos-pedagogicos-patu/arquivos/4231ppc_letras_cap_versa‚o_final.pdf
UERN,Universidade do Estado do Rio Grande do Norte,RN,estadual,Polêmica Nas Mídias Digitais,"[""midia"", ""midias"", ""midias digitais""]",6,175,PROJETO PEDAGÓGICO DO CURSO DE LETRAS - LÍNGUA INGLE,https://portal.uern.br/paudosferros/dle/wp-content/uploads/sites/2/2024/06/PPC_do_Curso_de_Letras_Lingua_Inglesa___2025.1.pdf
UERN,Universidade do Estado do Rio Grande do Norte,RN,estadual,Página,"[""midia""]",6,136,PROJETO PEDAGÓGICO CURSO LETRAS LÍNGUA PORTUGUESA ... - UERN,https://portal.uern.br/paudosferros/letraslinguaportuguesa/wp-content/uploads/sites/8/2023/10/ATUALIZACAO-PPC-Letras-Lingua-Portuguesa-DLV-CAPF-30-de-julho.pdf
UERN,Universidade do Estado do Rio Grande do Norte,RN,estadual,Tecnologias digitais e ensino da Língua,"[""tecnologia"", ""tecnologias"", ""tecnologias digitais""]",6,121,PROJETO PEDAGÓGICO CURSO LETRAS LÍNGUA PORTUGUESA ... - UERN,https://portal.uern.br/paudosferros/letraslinguaportuguesa/wp-content/uploads/sites/8/2023/10/ATUALIZACAO-PPC-Letras-Lingua-Portuguesa-DLV-CAPF-30-de-julho.pdf
UERN,Universidade do Estado do Rio Grande do Norte,RN,estadual,Tecnologias digitais e ensino de língua,"[""tecnologia"", ""tecnologias"", ""tecnologias digitais""]",6,210,PROJETO PEDAGÓGICO CURSO LETRAS LÍNGUA PORTUGUESA ... - UERN,https://portal.uern.br/paudosferros/letraslinguaportuguesa/wp-content/uploads/sites/8/2023/10/ATUALIZACAO-PPC-Letras-Lingua-Portuguesa-DLV-CAPF-30-de-julho.pdf
UERN,Universidade do Estado do Rio Grande do Norte,RN,estadual,Tecnologias digitais e ensino de língua portuguesa FLP,"[""tecnologia"", ""tecnologias"", ""tecnologias digitais""]",6,55,PROJETO PEDAGÓGICO CURSO LETRAS LÍNGUA PORTUGUESA ... - UERN,https://portal.uern.br/paudosferros/letraslinguaportuguesa/wp-content/uploads/sites/8/2023/10/ATUALIZACAO-PPC-Letras-Lingua-Portuguesa-DLV-CAPF-30-de-julho.pdf
UERN,Universidade do Estado do Rio Grande do Norte,RN,estadual,Introdução à EAD,"[""ead""]",4,31,PROJETO PEDAGÓGICO DO CURSO DE LICENCIATURA EM LETRAS ... - UERN,https://www.uern.br/controledepaginas/proeg-projetos-pedagogicos-central/arquivos/4226ppc_letras_ead_(1)_recebido_em_31_08_17.pdf
UERN,Universidade do Estado do Rio Grande do Norte,RN,estadual,Letramento Multimodal Digital E Ensino De Inglês: Visualizando,"[""digital"", ""multimodal""]",4,172,PROJETO PEDAGÓGICO DO CURSO DE LETRAS - LÍNGUA INGLE,https://portal.uern.br/paudosferros/dle/wp-content/uploads/sites/2/2024/06/PPC_do_Curso_de_Letras_Lingua_Inglesa___2025.1.pdf
UERN,Universidade do Estado do Rio Grande do Norte,RN,estadual,Letramento Multimodal no Estágio Supervisionado: uma,"[""multimodal""]",4,169,PROJETO PEDAGÓGICO DO CURSO DE LETRAS - LÍNGUA INGLE,https://portal.uern.br/paudosferros/dle/wp-content/uploads/sites/2/2024/06/PPC_do_Curso_de_Letras_Lingua_Inglesa___2025.1.pdf
UERN,Universidade do Estado do Rio Grande do Norte,RN,estadual,Mikrocenter Cursos de Computação,"[""computacao""]",4,203,PROJETO PEDAGÓGICO DO CURSO DE LETRAS LÍNGUA ... - UERN,https://www.uern.br/controledepaginas/proeg-projetos-pedagogicos-central/arquivos/4226ppc_letras_l_portuguesa_central.pdf
UERN,Universidade do Estado do Rio Grande do Norte,RN,estadual,Multiletramentos Classificação,"[""multiletramento"", ""multiletramentos""]",4,94,PROJETO PEDAGÓGICO CURSO LETRAS LÍNGUA PORTUGUESA ... - UERN,https://portal.uern.br/paudosferros/letraslinguaportuguesa/wp-content/uploads/sites/8/2023/10/ATUALIZACAO-PPC-Letras-Lingua-Portuguesa-DLV-CAPF-30-de-julho.pdf
UERN,Universidade do Estado do Rio Grande do Norte,RN,estadual,Multiletramentos FLP,"[""multiletramento"", ""multiletramentos""]",4,207,PROJETO PEDAGÓGICO CURSO LETRAS LÍNGUA PORTUGUESA ... - UERN,https://portal.uern.br/paudosferros/letraslinguaportuguesa/wp-content/uploads/sites/8/2023/10/ATUALIZACAO-PPC-Letras-Lingua-Portuguesa-DLV-CAPF-30-de-julho.pdf
UERN,Universidade do Estado do Rio Grande do Norte,RN,estadual,Multiletramentos e leitura crítica,"[""multiletramento"", ""multiletramentos""]",4,168,PROJETO PEDAGÓGICO DO CURSO DE LETRAS - LÍNGUA INGLE,https://portal.uern.br/paudosferros/dle/wp-content/uploads/sites/2/2024/06/PPC_do_Curso_de_Letras_Lingua_Inglesa___2025.1.pdf
UERN,Universidade do Estado do Rio Grande do Norte,RN,estadual,Participação de cursos online,"[""online""]",4,146,PROJETO PEDAGÓGICO DO CURSO DE LETRAS EM LÍNGUA PORTUGUESA E ...,https://portal.uern.br/proeg/wp-content/uploads/2023/08/PPC-Letras-Lingua-Portuguesa-FALA-2014-Atualizado-em-2018.pdf
UERR,Universidade Estadual de Roraima,RR,estadual,Pré-requisitos: Não se aplica,"[""multiletramento"", ""multiletramentos"", ""multimodal""]",10,91,PROJETO PEDAGÓGICO DO CURSO DE LICENCIATURA EM LETRAS COM ...,https://www.uerr.edu.br/wp-content/uploads/2024/02/Resol._39___PPC_Letras_Portugues.pdf
UERR,Universidade Estadual de Roraima,RR,estadual,"As disciplinas: Metodologias ativas e Tecnologias Digitais, Laborat ório de Produção","[""tecnologia"", ""tecnologias"", ""tecnologias digitais""]",8,29,PROJETO PEDAGÓGICO DO CURSO DE LICENCIATURA EM LETRAS COM ...,https://www.uerr.edu.br/wp-content/uploads/2024/02/Resol._39___PPC_Letras_Portugues.pdf
UERR,Universidade Estadual de Roraima,RR,estadual,Metodologias Ativas e Tecnologias Digitais,"[""tecnologia"", ""tecnologias"", ""tecnologias digitais""]",8,99,PROJETO PEDAGÓGICO DO CURSO DE LICENCIATURA EM LETRAS COM ...,https://www.uerr.edu.br/wp-content/uploads/2024/02/Resol._39___PPC_Letras_Portugues.pdf
UERR,Universidade Estadual de Roraima,RR,estadual,Portuguesa a partir das metodologias ativas e tecnologias digitais,"[""tecnologia"", ""tecnologias"", ""tecnologias digitais""]",8,100,PROJETO PEDAGÓGICO DO CURSO DE LICENCIATURA EM LETRAS COM ...,https://www.uerr.edu.br/wp-content/uploads/2024/02/Resol._39___PPC_Letras_Portugues.pdf
UERR,Universidade Estadual de Roraima,RR,estadual,"Hipermodernidade, multiletramentos","[""multiletramento"", ""multiletramentos""]",4,108,LETRAS COM HABILITAÇÃO EM LÍNGUA PORTUGUESA PROJETO ...,https://www.uerr.edu.br/wp-content/uploads/2025/08/PPC__do_Curso_de_Letras_com_Habilitacao_em_Lingua_Portuguesa.pdf
UERR,Universidade Estadual de Roraima,RR,estadual,Metodologias Ativas e Tecnologias,"[""tecnologia"", ""tecnologias""]",4,3,PROJETO PEDAGÓGICO DO CURSO DE LICENCIATURA EM LETRAS COM ...,https://www.uerr.edu.br/wp-content/uploads/2025/08/MATRIZ_Letras_com_Habilitacao_em_Lingua_Portuguesa.pdf
UERR,Universidade Estadual de Roraima,RR,estadual,Multiletramentos,"[""multiletramento"", ""multiletramentos""]",4,83,LETRAS COM HABILITAÇÃO EM LÍNGUA PORTUGUESA PROJETO ...,https://www.uerr.edu.br/wp-content/uploads/2025/08/PPC__do_Curso_de_Letras_com_Habilitacao_em_Lingua_Portuguesa.pdf
UERR,Universidade Estadual de Roraima,RR,estadual,"Multimodalidades, novas","[""multimodal"", ""multimodalidade""]",4,76,LETRAS COM HABILITAÇÃO EM LÍNGUA PORTUGUESA PROJETO ...,https://www.uerr.edu.br/wp-content/uploads/2025/08/PPC__do_Curso_de_Letras_com_Habilitacao_em_Lingua_Portuguesa.pdf
UERR,Universidade Estadual de Roraima,RR,estadual,Tecnologias,"[""tecnologia"", ""tecnologias""]",4,78,LETRAS COM HABILITAÇÃO EM LÍNGUA PORTUGUESA PROJETO ...,https://www.uerr.edu.br/wp-content/uploads/2025/08/PPC__do_Curso_de_Letras_com_Habilitacao_em_Lingua_Portuguesa.pdf
UERR,Universidade Estadual de Roraima,RR,estadual,"Tecnologias, bem","[""tecnologia"", ""tecnologias""]",4,10,LETRAS COM HABILITAÇÃO EM LÍNGUA PORTUGUESA PROJETO ...,https://www.uerr.edu.br/wp-content/uploads/2025/08/PPC__do_Curso_de_Letras_com_Habilitacao_em_Lingua_Portuguesa.pdf
UESB,Universidade Estadual do Sudoeste da Bahia,BA,estadual,LINGUÍSTICA E TECNOLOGIAS DE INFORMAÇÃO (2),"[""tecnologia"", ""tecnologias""]",4,1,Licenciatura Em Letras Modernas - Vespertino - Vitória Da ...,https://catalogo.uesb.br/cursos/letras_modernas-lic-vc/20122_vesp_letras_modernas
UESC,Universidade Estadual de Santa Cruz,BA,estadual,LÍNGUA INGLESA,"[""multiletramento"", ""multiletramentos""]",8,138,UNIVERSIDADE ESTADUAL DE SANTA CRUZ UESC UNI,https://www.uesc.br/letras/2023/ppc_de_letras_com_a_extensao_curricularizada.pdf
UESC,Universidade Estadual de Santa Cruz,BA,estadual,Recursos Tecnológicos,"[""recursos tecnologicos"", ""tecnologico""]",4,33,UNIVERSIDADE ESTADUAL DE SANTA CRUZ UESC UNI,https://www.uesc.br/letras/2023/ppc_de_letras_com_a_extensao_curricularizada.pdf
UESPI,Universidade Estadual do Piauí,PI,estadual,Malha Curricular – CURSO DE LICENCIATURA PLENA EM LETRAS PORTUGUÊS – EAD,"[""ead""]",4,1,GOVERNO DO ESTADO DO PIAUÍ UNIVERSIDADE ESTADUAL DO PIAUÍ ...,https://nead.uespi.br/uploads/Matriz_Curricular_LetrasPortuguês.pdf
UESPI,Universidade Estadual do Piauí,PI,estadual,Teoria das Comunicações e Novas Tecnologias,"[""tecnologia"", ""tecnologias""]",4,1,GOVERNO DO ESTADO DO PIAUÍ UNIVERSIDADE ESTADUAL DO PIAUÍ ...,https://nead.uespi.br/uploads/Matriz_Curricular_LetrasPortuguês.pdf
UFAC,Universidade Federal do Acre,AC,federal,T P E CELA Ensino de Língua Inglesa e Web,"[""letramentos digitais"", ""redes sociais"", ""tecnologia"", ""tecnologias"", ""tecnologias da informacao e comunicacao"", ""web""]",16,48,Projeto Pedag\363gico Curricular - ufac.br,https://www.ufac.br/site/ufac/prograd/cursos/rio-branco/licenciatura/letras-ingles/ppc_licenciatura_ingles.pdf/view
UFAC,Universidade Federal do Acre,AC,federal,Teórica,"[""tecnologia"", ""tecnologias"", ""tecnologias da informacao e comunicacao"", ""web""]",12,2,11.02.01.99.06 Currículo Cursos (por versão) - ufac.br,https://www.ufac.br/site/ufac/prograd/cursos/rio-branco/licenciatura/letras-ingles/licenciatura-em-letras-ingles.pdf/view
UFAC,Universidade Federal do Acre,AC,federal,Prática,"[""tecnologia"", ""tecnologias"", ""tecnologias da informacao e comunicacao""]",10,2,11.02.01.99.06 Currículo Cursos (por versão) - ufac.br,https://www.ufac.br/site/ufac/prograd/cursos/rio-branco/licenciatura/letras-ingles/licenciatura-em-letras-ingles.pdf/view
UFAC,Universidade Federal do Acre,AC,federal,Estágio,"[""educacao a distancia"", ""tecnologica""]",8,5,11.02.01.99.06 Currículo Cursos (por versão) - ufac.br,https://www.ufac.br/site/ufac/prograd/cursos/rio-branco/licenciatura/letras-ingles/licenciatura-em-letras-ingles.pdf/view
UFAC,Universidade Federal do Acre,AC,federal,Nome da disciplina Carga horária Créditos,"[""educacao a distancia"", ""tecnologica""]",8,92,Projeto Pedag\363gico Curricular - ufac.br,https://www.ufac.br/site/ufac/prograd/cursos/rio-branco/licenciatura/letras-ingles/ppc_licenciatura_ingles.pdf/view
UFAC,Universidade Federal do Acre,AC,federal,Portuguesa e Ensino,"[""recursos tecnologicos"", ""tecnologico""]",8,41,"Curso de Licenciatura em Letras Língua Portuguesa, UFAC",https://www.ufac.br/site/cursos/portugues/projeto-pedagogico-do-curso-ppc.pdf
UFAC,Universidade Federal do Acre,AC,federal,T P E CELA Ensino de Português I,"[""tecnologia"", ""tecnologias""]",8,51,"Curso de Licenciatura em Letras Língua Portuguesa, UFAC",https://www.ufac.br/site/cursos/portugues/projeto-pedagogico-do-curso-ppc.pdf
UFAC,Universidade Federal do Acre,AC,federal,T P E CELA Estágio Supervisionado III,"[""educacao a distancia"", ""tecnologica""]",8,67,Projeto Pedag\363gico Curricular - ufac.br,https://www.ufac.br/site/ufac/prograd/cursos/rio-branco/licenciatura/letras-ingles/ppc_licenciatura_ingles.pdf/view
UFAC,Universidade Federal do Acre,AC,federal,Ensino de Língua Inglesa e Web 3 3 60 Obrigatória,"[""web""]",7,2,11.02.01.99.06 Currículo Cursos (por versão) - ufac.br,https://www.ufac.br/site/ufac/prograd/cursos/rio-branco/licenciatura/letras-ingles/licenciatura-em-letras-ingles.pdf/view
UFAC,Universidade Federal do Acre,AC,federal,Escrita em Língua Inglesa I,"[""informatica""]",6,50,Projeto Pedag\363gico Curricular - ufac.br,https://www.ufac.br/site/ufac/prograd/cursos/rio-branco/licenciatura/letras-ingles/ppc_licenciatura_ingles.pdf/view
UFAC,Universidade Federal do Acre,AC,federal,T P E CELA Compreensão e Produção Oral,"[""informatica""]",6,45,Projeto Pedag\363gico Curricular - ufac.br,https://www.ufac.br/site/ufac/prograd/cursos/rio-branco/licenciatura/letras-ingles/ppc_licenciatura_ingles.pdf/view
UFAC,Universidade Federal do Acre,AC,federal,"T P E Literaturas, discursos e diversidade Amazônica","[""virtual""]",6,85,Projeto Pedag\363gico Curricular - ufac.br,https://www.ufac.br/site/ufac/prograd/cursos/rio-branco/licenciatura/letras-ingles/ppc_licenciatura_ingles.pdf/view
UFAC,Universidade Federal do Acre,AC,federal,Ensino de Língua Inglesa e Web,"[""web""]",4,33,Projeto Pedag\363gico Curricular - ufac.br,https://www.ufac.br/site/ufac/prograd/cursos/rio-branco/licenciatura/letras-ingles/ppc_licenciatura_ingles.pdf/view
UFAL,Universidade Federal de Alagoas,AL,federal,Teórica Prática Total,"[""cultura digital"", ""digital"", ""letramento digital"", ""redes sociais"", ""tecnologia"", ""tecnologias"", ""tecnologias da informacao e comunicacao""]",18,101,PROJETO PEDAGÓGICO DO CURSO DE LETRAS LÍNGUA PORTUGUESA,https://campusdosertao.ufal.br/graduacao/letras/documentos/projeto-pedagogico-1/ppp-2018-em-vigor/@@download/file/PPC-LETRAS-LP+SERTÃO_2018.pdf
UFAL,Universidade Federal de Alagoas,AL,federal,LITERATURA DE LÍNGUA ESPANHOLA EM TRADUÇÃO,"[""corpus"", ""internet"", ""virtual""]",10,49,PPP Letras_Português - fale.ufal.br,https://fale.ufal.br/extensao/projetos-de-extensao/retirados/documentos/projetos-pedagogicos/curso-de-portugues/@@download/file/ppc-letras-portugues.pdf
UFAL,Universidade Federal de Alagoas,AL,federal,ANÁLISE DO DISCURSO,"[""midia"", ""midias""]",8,70,2019 — Faculdade de Letras (anexo),https://fale.ufal.br/graduacao/letras-portugues/copy_of_documentos/projeto-pedagogico-de-curso/ppc-letras-ingles-presencial-atualizacao-2020.pdf/@@download/file/PPC_2019%20Letras_Portugu%C3%AAs%20(1).pdf
UFAL,Universidade Federal de Alagoas,AL,federal,ESTÁGIO SUPERVISIONADO 1,"[""tecnologia"", ""tecnologias""]",8,38,PPP Letras_Português - fale.ufal.br,https://fale.ufal.br/extensao/projetos-de-extensao/retirados/documentos/projetos-pedagogicos/curso-de-portugues/@@download/file/ppc-letras-portugues.pdf
UFAL,Universidade Federal de Alagoas,AL,federal,ESTÁGIO SUPERVISIONADO 1 (PORTUGUÊS),"[""tecnologia"", ""tecnologias""]",8,66,Letras Português Licenciatura - Universidade Federal de Alagoas (anexo),https://ufal.br/estudante/graduacao/projetos-pedagogicos/campus-maceio/ppc-letras-portugues.pdf/@@download/file/PPC%20%20LETRAS%20%20MATRIZ%202008.pdf
UFAL,Universidade Federal de Alagoas,AL,federal,"SOCIEDADE CONECTADA: LEITURA, ESCRITA E COMPORTAMENTO DIGITAL","[""digital"", ""hipertexto""]",8,73,2019 — Faculdade de Letras (anexo),https://fale.ufal.br/graduacao/letras-portugues/copy_of_documentos/projeto-pedagogico-de-curso/ppc-letras-ingles-presencial-atualizacao-2020.pdf/@@download/file/PPC_2019%20Letras_Portugu%C3%AAs%20(1).pdf
UFAL,Universidade Federal de Alagoas,AL,federal,As transformações científicas e tecnológicas exigem novos saberes. Dentre,"[""tecnologica"", ""tecnologicas""]",6,27,PROJETO PEDAGÓGICO DO CURSO DE LETRAS LÍNGUA PORTUGUESA,https://campusdosertao.ufal.br/graduacao/letras/documentos/projeto-pedagogico-1/ppp-2018-em-vigor/@@download/file/PPC-LETRAS-LP+SERTÃO_2018.pdf
UFAL,Universidade Federal de Alagoas,AL,federal,"Gêneros orais, órbita microecológica, multimodalidade e variação linguística","[""multimodal"", ""multimodalidade""]",6,108,PROJETO PEDAGÓGICO DO CURSO DE LETRAS LÍNGUA PORTUGUESA,https://campusdosertao.ufal.br/graduacao/letras/documentos/projeto-pedagogico-1/ppp-2018-em-vigor/@@download/file/PPC-LETRAS-LP+SERTÃO_2018.pdf
UFAL,Universidade Federal de Alagoas,AL,federal,Introdução às Tecnologias da Informação e comunicação,"[""tecnologia"", ""tecnologias"", ""tecnologias da informacao e comunicacao""]",6,31,PROJETO PEDAGÓGICO DO CURSO DE LETRAS LÍNGUA PORTUGUESA,https://campusdosertao.ufal.br/graduacao/letras/documentos/projeto-pedagogico-1/ppp-2018-em-vigor/@@download/file/PPC-LETRAS-LP+SERTÃO_2018.pdf
UFAL,Universidade Federal de Alagoas,AL,federal,LELS0 – MULTIMODALIDADE,"[""multimodal"", ""multimodalidade""]",6,106,PROJETO PEDAGÓGICO DO CURSO DE LETRAS LÍNGUA PORTUGUESA,https://campusdosertao.ufal.br/graduacao/letras/documentos/projeto-pedagogico-1/ppp-2018-em-vigor/@@download/file/PPC-LETRAS-LP+SERTÃO_2018.pdf
UFAL,Universidade Federal de Alagoas,AL,federal,PRÁTICA 4 - Tecnologias da informação,"[""tecnologia"", ""tecnologias""]",6,49,2019 — Faculdade de Letras (anexo),https://fale.ufal.br/graduacao/letras-portugues/copy_of_documentos/projeto-pedagogico-de-curso/ppc-letras-ingles-presencial-atualizacao-2020.pdf/@@download/file/PPC_2019%20Letras_Portugu%C3%AAs%20(1).pdf
UFAL,Universidade Federal de Alagoas,AL,federal,TXXXX – INTRODUÇÃO ÀS TECNOLOGIAS DE INFORMAÇÃO E COMUNICAÇÃO,"[""tecnologia"", ""tecnologias""]",6,67,PROJETO PEDAGÓGICO DO CURSO DE LETRAS LÍNGUA PORTUGUESA,https://campusdosertao.ufal.br/graduacao/letras/documentos/projeto-pedagogico-1/ppp-2018-em-vigor/@@download/file/PPC-LETRAS-LP+SERTÃO_2018.pdf
UFAL,Universidade Federal de Alagoas,AL,federal,Introdução às Tecnologias de Informação,"[""tecnologia"", ""tecnologias""]",4,42,PROJETO PEDAGÓGICO DO CURSO DE LETRAS LÍNGUA PORTUGUESA,https://campusdosertao.ufal.br/graduacao/letras/documentos/projeto-pedagogico-1/ppp-2018-em-vigor/@@download/file/PPC-LETRAS-LP+SERTÃO_2018.pdf
UFAL,Universidade Federal de Alagoas,AL,federal,Multimodalidade,"[""multimodal"", ""multimodalidade""]",4,45,PROJETO PEDAGÓGICO DO CURSO DE LETRAS LÍNGUA PORTUGUESA,https://campusdosertao.ufal.br/graduacao/letras/documentos/projeto-pedagogico-1/ppp-2018-em-vigor/@@download/file/PPC-LETRAS-LP+SERTÃO_2018.pdf
UFAL,Universidade Federal de Alagoas,AL,federal,"Para isso, serão utilizadas ferramentas pedagógicas de software de Sistemas","[""software""]",4,81,PROJETO PEDAGÓGICO CURSO DE LICENCIATURA EM LETRAS ...,https://ufal.br/estudante/graduacao/projetos-pedagogicos/campus_sertao/2022-letras-lingua-portuguesa-ppc-25_nov_-prograd-2-1.pdf
UFAL,Universidade Federal de Alagoas,AL,federal,Prática 4: Tecnologias da informação,"[""tecnologia"", ""tecnologias""]",4,1,2019 — Faculdade de Letras,https://fale.ufal.br/graduacao/letras-portugues/copy_of_documentos/projeto-pedagogico-de-curso/ppc-letras-ingles-presencial-atualizacao-2020.pdf/view
UFAL,Universidade Federal de Alagoas,AL,federal,"Sociedade da Informação; Tecnodeterminismo, Usos Sociais da Tecnologia;","[""tecnologia""]",4,67,PROJETO PEDAGÓGICO DO CURSO DE LETRAS LÍNGUA PORTUGUESA,https://campusdosertao.ufal.br/graduacao/letras/documentos/projeto-pedagogico-1/ppp-2018-em-vigor/@@download/file/PPC-LETRAS-LP+SERTÃO_2018.pdf
UFAL,Universidade Federal de Alagoas,AL,federal,Tecnologias de Ensino,"[""tecnologia"", ""tecnologias""]",4,44,PROJETO PEDAGÓGICO CURSO DE LICENCIATURA EM LETRAS ...,https://ufal.br/estudante/graduacao/projetos-pedagogicos/campus_sertao/2022-letras-lingua-portuguesa-ppc-25_nov_-prograd-2-1.pdf
UFAL,Universidade Federal de Alagoas,AL,federal,Tecnologias de Ensino Sim,"[""tecnologia"", ""tecnologias""]",4,35,PROJETO PEDAGÓGICO CURSO DE LICENCIATURA EM LETRAS ...,https://ufal.br/estudante/graduacao/projetos-pedagogicos/campus_sertao/2022-letras-lingua-portuguesa-ppc-25_nov_-prograd-2-1.pdf
UFAM,Universidade Federal do Amazonas,AM,federal,SIGLA: IEA240 DISCIPLINA: INFORMÁTICA INSTRUMENTAL,"[""computador"", ""informatica"", ""internet""]",10,135,PDF Projeto Pedagógico Do Curso De Letras: Língua E Literatura Portuguesa E ...,https://edoc.ufam.edu.br/bitstream/123456789/2562/8/PPC-Letras-2019-2.pdf
UFAM,Universidade Federal do Amazonas,AM,federal,INTRODUÇÃO AOS ESTUDOS DA ADAPTAÇÃO,"[""midia"", ""midias""]",8,104,PDF Projeto Pedagógico Do Curso De Letras: Língua E Literatura Portuguesa E ...,https://edoc.ufam.edu.br/bitstream/123456789/2562/8/PPC-Letras-2019-2.pdf
UFAM,Universidade Federal do Amazonas,AM,federal,SIGLA: IAL016 DISCIPLINA: PRÁTICA CURRICULAR I,"[""tecnologia"", ""tecnologias""]",8,58,PDF Projeto Pedagógico Do Curso De Letras: Língua E Literatura Portuguesa E ...,https://edoc.ufam.edu.br/bitstream/123456789/2562/8/PPC-Letras-2019-2.pdf
UFAM,Universidade Federal do Amazonas,AM,federal,INFORMÁTICA INSTRUMENTAL,"[""informatica""]",5,2,UNIVERSIDADE FEDERAL DO AMAZONAS 24/07/2019 15:56,https://edoc.ufam.edu.br/bitstream/123456789/2562/3/Matriz-Curricular-Letras-2019.pdf
UFAM,Universidade Federal do Amazonas,AM,federal,Informática Instrumental 1.0,"[""informatica""]",5,35,PDF Projeto Pedagógico Do Curso De Letras: Língua E Literatura Portuguesa E ...,https://edoc.ufam.edu.br/bitstream/123456789/2562/8/PPC-Letras-2019-2.pdf
UFAM,Universidade Federal do Amazonas,AM,federal,Apresentações Eletrônicas; Acesso à Internet,"[""internet""]",4,135,PDF Projeto Pedagógico Do Curso De Letras: Língua E Literatura Portuguesa E ...,https://edoc.ufam.edu.br/bitstream/123456789/2562/8/PPC-Letras-2019-2.pdf
UFC,Universidade Federal do Ceará,CE,federal,Componente: Tecnologias Educacionais e Ensino de Língua Portuguesa,"[""digital"", ""gamificacao"", ""informatica"", ""tecnologia"", ""tecnologias"", ""virtual""]",16,98,PDF Projeto Pedagógico Do Curso De Letras Língua Portuguesa - Licenciatura ...,https://letrasdiurno.ufc.br/wp-content/uploads/2024/10/ppc-lingua-portuguesa.pdf
UFC,Universidade Federal do Ceará,CE,federal,Componente: Linguística Computacional,"[""computacional"", ""computador"", ""corpora"", ""corpus"", ""programacao""]",14,99,PDF Projeto Pedagógico Do Curso De Letras Português E Inglês - Licenciatura ...,https://letrasdiurno.ufc.br/wp-content/uploads/2024/10/1-ppc-letras-portugues-e-ingles.pdf
UFC,Universidade Federal do Ceará,CE,federal,Componente: Tecnodocência,"[""informatica"", ""tdic"", ""tecnologia"", ""tecnologias""]",12,131,PDF Projeto Pedagógico Do Curso De Letras Língua Portuguesa - Licenciatura ...,https://letrasdiurno.ufc.br/wp-content/uploads/2024/10/ppc-lingua-portuguesa.pdf
UFC,Universidade Federal do Ceará,CE,federal,Aprendizagem Significativa. Abordagens metodológicas vinculadas às Tecnologias e TDIC. Prática docente,"[""tdic"", ""tecnologia"", ""tecnologias""]",8,131,PDF Projeto Pedagógico Do Curso De Letras Língua Portuguesa - Licenciatura ...,https://letrasdiurno.ufc.br/wp-content/uploads/2024/10/ppc-lingua-portuguesa.pdf
UFC,Universidade Federal do Ceará,CE,federal,Componente: Estágio em Ensino de Literaturas de Língua Portuguesa I,"[""tecnologia"", ""tecnologias""]",8,137,PDF Projeto Pedagógico Do Curso De Letras Português E Inglês - Licenciatura ...,https://letrasdiurno.ufc.br/wp-content/uploads/2024/10/1-ppc-letras-portugues-e-ingles.pdf
UFC,Universidade Federal do Ceará,CE,federal,Componente: Seminários de Pesquisa Aplicada ao Ensino de Literatura Vernácula,"[""tecnologia"", ""tecnologias""]",8,123,PDF Projeto Pedagógico Do Curso De Letras Língua Portuguesa - Licenciatura ...,https://letrasdiurno.ufc.br/wp-content/uploads/2024/10/ppc-lingua-portuguesa.pdf
UFC,Universidade Federal do Ceará,CE,federal,Nome do Componente: Gêneros Textuais e Ensino de Língua Inglesa,"[""multiletramento"", ""multiletramentos""]",8,166,PDF Projeto Pedagógico Do Curso De Letras Português E Inglês - Licenciatura ...,https://letrasdiurno.ufc.br/wp-content/uploads/2024/10/1-ppc-letras-portugues-e-ingles.pdf
UFC,Universidade Federal do Ceará,CE,federal,Para a Educação Básica,"[""midia"", ""midias""]",8,111,PDF Projeto Pedagógico Do Curso De Letras Português E Inglês - Licenciatura ...,https://letrasdiurno.ufc.br/wp-content/uploads/2024/10/1-ppc-letras-portugues-e-ingles.pdf
UFC,Universidade Federal do Ceará,CE,federal,Tecnologias Educacionais e Ensino de Língua Portuguesa,"[""tecnologia"", ""tecnologias"", ""tecnologias educacionais""]",8,36,PDF Projeto Pedagógico Do Curso De Letras Português E Inglês - Licenciatura ...,https://letrasdiurno.ufc.br/wp-content/uploads/2024/10/1-ppc-letras-portugues-e-ingles.pdf
UFC,Universidade Federal do Ceará,CE,federal,Componente: Biografismos: Pesquisa e Formação,"[""internet""]",6,98,PDF Projeto Pedagógico Do Curso De Letras Português E Inglês - Licenciatura ...,https://letrasdiurno.ufc.br/wp-content/uploads/2024/10/1-ppc-letras-portugues-e-ingles.pdf
UFC,Universidade Federal do Ceará,CE,federal,Componente: Compreensão e Produção Escrita em Língua Inglesa,"[""midia""]",6,141,PDF Projeto Pedagógico Do Curso De Letras Português E Inglês - Licenciatura ...,https://letrasdiurno.ufc.br/wp-content/uploads/2024/10/1-ppc-letras-portugues-e-ingles.pdf
UFC,Universidade Federal do Ceará,CE,federal,Componente: Estudos Socioculturais de Países de Língua Inglesa,"[""midia""]",6,145,PDF Projeto Pedagógico Do Curso De Letras Português E Inglês - Licenciatura ...,https://letrasdiurno.ufc.br/wp-content/uploads/2024/10/1-ppc-letras-portugues-e-ingles.pdf
UFC,Universidade Federal do Ceará,CE,federal,Componente: Leitura e Produção de Textos Acadêmicos,"[""virtual""]",6,83,PDF Projeto Pedagógico Do Curso De Letras Português E Inglês - Licenciatura ...,https://letrasdiurno.ufc.br/wp-content/uploads/2024/10/1-ppc-letras-portugues-e-ingles.pdf
UFC,Universidade Federal do Ceará,CE,federal,Menu de mídias sociais,"[""midia"", ""midias"", ""midias sociais""]",6,1,Portal da UFC - Universidade Federal do Ceará - PROFLETRAS ...,https://ufc2012.ufc.br/noticias/noticias-e-editais-de-concursos-e-selecoes/18178-profletras-mestrado-profissional-em-letras-oferta-15-vagas-na-ufc-inscricoes-vao-ate-1-10
UFC,Universidade Federal do Ceará,CE,federal,Nome do Componente: Tradução de Textos Escritos em Língua Inglesa,"[""corpora""]",6,152,PDF Projeto Pedagógico Do Curso De Letras Português E Inglês - Licenciatura ...,https://letrasdiurno.ufc.br/wp-content/uploads/2024/10/1-ppc-letras-portugues-e-ingles.pdf
UFC,Universidade Federal do Ceará,CE,federal,AUDIOVISUAL,"[""audiovisual""]",4,43,PDF Projeto Pedagógico Do Curso De Letras Português E Inglês - Licenciatura ...,https://letrasdiurno.ufc.br/wp-content/uploads/2024/10/1-ppc-letras-portugues-e-ingles.pdf
UFC,Universidade Federal do Ceará,CE,federal,Computacional,"[""computacional""]",4,35,PDF Projeto Pedagógico Do Curso De Letras Português E Inglês - Licenciatura ...,https://letrasdiurno.ufc.br/wp-content/uploads/2024/10/1-ppc-letras-portugues-e-ingles.pdf
UFC,Universidade Federal do Ceará,CE,federal,Tecnodocência EAD TECHNOTEACHING,"[""ead""]",4,39,PDF Projeto Pedagógico Do Curso De Letras Língua Portuguesa - Licenciatura ...,https://letrasdiurno.ufc.br/wp-content/uploads/2024/10/ppc-lingua-portuguesa.pdf
UFC,Universidade Federal do Ceará,CE,federal,Tecnologias,"[""tecnologia"", ""tecnologias""]",4,46,PDF Projeto Pedagógico Do Curso De Letras Português E Inglês - Licenciatura ...,https://letrasdiurno.ufc.br/wp-content/uploads/2024/10/1-ppc-letras-portugues-e-ingles.pdf
UFCA,Universidade Federal do Cariri,CE,federal,Ambiente Virtual de Aprendizagem (AVA),"[""ambiente virtual de aprendizagem"", ""ava"", ""virtual""]",6,1,Projeto Pedagógico – Universidade Federal do Cariri,https://www.ufca.edu.br/cursos/graduacao/letras-libras/projeto-pedagogico/
UFCA,Universidade Federal do Cariri,CE,federal,Análise e Desenvolvimento de Sistemas (EaD),"[""ead""]",4,1,Projeto Pedagógico – Universidade Federal do Cariri,https://www.ufca.edu.br/cursos/graduacao/letras-libras/projeto-pedagogico/
UFCA,Universidade Federal do Cariri,CE,federal,Banco de Dados (EaD),"[""ead""]",4,1,Projeto Pedagógico – Universidade Federal do Cariri,https://www.ufca.edu.br/cursos/graduacao/letras-libras/projeto-pedagogico/
UFCA,Universidade Federal do Cariri,CE,federal,Produção Multimídia (EaD),"[""ead"", ""midia""]",4,1,Projeto Pedagógico – Universidade Federal do Cariri,https://www.ufca.edu.br/cursos/graduacao/letras-libras/projeto-pedagogico/
UFCAT,Universidade Federal de Catalão,GO,federal,Informática na Sala de Aula,"[""informatica""]",4,109,Projeto Pedagógico,https://ucb2.catolica.edu.br/portal/wp-content/uploads/2019/02/PPCLetras.pdf
UFCG,Universidade Federal de Campina Grande,PB,federal,Introdução às Novas Mídias Não há disciplina equivalente,"[""midia"", ""midias""]",6,81,UNIVERSIDADE FEDERAL DE CAMPINA GRANDE CENTRO DE FORMAÇÃO DE ...,https://cfp.ufcg.edu.br/portal/conteudo/UAL/PPC_Lingua_Inglesa.pdf
UFCG,Universidade Federal de Campina Grande,PB,federal,Introdução às Novas Mídias,"[""midia"", ""midias""]",4,23,UNIVERSIDADE FEDERAL DE CAMPINA GRANDE CENTRO DE FORMAÇÃO DE ...,https://cfp.ufcg.edu.br/portal/conteudo/UAL/PPC_Lingua_Inglesa.pdf
UFCG,Universidade Federal de Campina Grande,PB,federal,Mídias,"[""midia"", ""midias""]",4,28,UNIVERSIDADE FEDERAL DE CAMPINA GRANDE CENTRO DE FORMAÇÃO DE ...,https://cfp.ufcg.edu.br/portal/conteudo/UAL/PPC_Lingua_Inglesa.pdf
UFCSPA,Universidade Federal de Ciências da Saúde de Porto Alegre,RS,federal,Carga horária de extensão: 0,"[""aplicativo"", ""aplicativos"", ""gamificacao"", ""inteligencia artificial"", ""online"", ""redes sociais"", ""tecnologia"", ""tecnologias"", ""tecnologias digitais""]",22,84,PROJETO PEDAGÓGICO DO CURSO DE LICENCIATURA EM LETRAS ...,https://cursos.unipampa.edu.br/cursos/cursodeletraslinguasadicionais/files/2025/12/projeto_1917383_ppc_letras_linguas_adicionais_acessivel_versao_2026.pdf
UFCSPA,Universidade Federal de Ciências da Saúde de Porto Alegre,RS,federal,Aprendizagem mediada por tecnologias,"[""tecnologia"", ""tecnologias""]",6,84,PROJETO PEDAGÓGICO DO CURSO DE LICENCIATURA EM LETRAS ...,https://cursos.unipampa.edu.br/cursos/cursodeletraslinguasadicionais/files/2025/12/projeto_1917383_ppc_letras_linguas_adicionais_acessivel_versao_2026.pdf
UFCSPA,Universidade Federal de Ciências da Saúde de Porto Alegre,RS,federal,"Multiletramentos e pedagogia dos multiletramentos, estabelecendo a relação entre","[""multiletramento"", ""multiletramentos""]",6,112,PROJETO PEDAGÓGICO DO CURSO DE LICENCIATURA EM LETRAS ...,https://cursos.unipampa.edu.br/cursos/cursodeletraslinguasadicionais/files/2025/12/projeto_1917383_ppc_letras_linguas_adicionais_acessivel_versao_2026.pdf
UFCSPA,Universidade Federal de Ciências da Saúde de Porto Alegre,RS,federal,Multiletramentos em Espanhol,"[""multiletramento"", ""multiletramentos""]",6,128,PROJETO PEDAGÓGICO DO CURSO DE LICENCIATURA EM LETRAS ...,https://cursos.unipampa.edu.br/cursos/cursodeletraslinguasadicionais/files/2025/12/projeto_1917383_ppc_letras_linguas_adicionais_acessivel_versao_2026.pdf
UFCSPA,Universidade Federal de Ciências da Saúde de Porto Alegre,RS,federal,Multiletramentos em Inglês,"[""multiletramento"", ""multiletramentos""]",6,112,PROJETO PEDAGÓGICO DO CURSO DE LICENCIATURA EM LETRAS ...,https://cursos.unipampa.edu.br/cursos/cursodeletraslinguasadicionais/files/2025/12/projeto_1917383_ppc_letras_linguas_adicionais_acessivel_versao_2026.pdf
UFCSPA,Universidade Federal de Ciências da Saúde de Porto Alegre,RS,federal,A modalidade EaD implica em contextualização e articulação efetiva situada,"[""ead""]",4,50,PROJETO PEDAGÓGICO DO CURSO DE LICENCIATURA EM LETRAS ...,https://cursos.unipampa.edu.br/cursos/cursodeletraslinguasadicionais/files/2025/12/projeto_1917383_ppc_letras_linguas_adicionais_acessivel_versao_2026.pdf
UFCSPA,Universidade Federal de Ciências da Saúde de Porto Alegre,RS,federal,"Alegre: Penso, 2015. 1 recurso online. ISBN 9788584290499","[""online""]",4,85,PROJETO PEDAGÓGICO DO CURSO DE LICENCIATURA EM LETRAS ...,https://cursos.unipampa.edu.br/cursos/cursodeletraslinguasadicionais/files/2025/12/projeto_1917383_ppc_letras_linguas_adicionais_acessivel_versao_2026.pdf
UFCSPA,Universidade Federal de Ciências da Saúde de Porto Alegre,RS,federal,EaD = Ensino a Distância,"[""ead""]",4,38,PROJETO PEDAGÓGICO DO CURSO DE LICENCIATURA EM LETRAS ...,https://cursos.unipampa.edu.br/cursos/cursodeletraslinguasadicionais/files/2025/12/projeto_1917383_ppc_letras_linguas_adicionais_acessivel_versao_2026.pdf
UFERSA,Universidade Federal Rural do Semi-Árido,RN,federal,TECNOLOGIAS E EDUCAÇÃO,"[""educacao a distancia"", ""informatica"", ""recursos tecnologicos"", ""tecnologia"", ""tecnologias"", ""tecnologico"", ""tics""]",20,75,Projeto Político Pedagógico,https://letrasportuguescaraubas.ufersa.edu.br/wp-content/uploads/sites/122/2020/03/UFERSA-PPC-Letras.Português-Caraúbas-15.10.2016-para-cadastro-eMEC-1.pdf
UFERSA,Universidade Federal Rural do Semi-Árido,RN,federal,EDUCAÇÃO E CIDADANIA,"[""educacao a distancia"", ""recursos tecnologicos"", ""tecnologia"", ""tecnologias"", ""tecnologico"", ""tics""]",18,10,PDF Matriz Curricular Do Curso De Licenciatura Em Letras/Libras,https://documentos.ufersa.edu.br/wp-content/uploads/sites/79/arquivos/consepe/2014/DECISOES/DEC.CONSEPE.009.2014.pdf
UFERSA,Universidade Federal Rural do Semi-Árido,RN,federal,EDUCAÇÃO PARA DIVERSIDADE,"[""educacao a distancia"", ""recursos tecnologicos"", ""tecnologia"", ""tecnologias"", ""tecnologico"", ""tics""]",18,10,PDF Matriz Curricular Do Curso De Licenciatura Em Letras/Libras,https://documentos.ufersa.edu.br/wp-content/uploads/sites/79/arquivos/consepe/2014/DECISOES/DEC.CONSEPE.009.2014.pdf
UFERSA,Universidade Federal Rural do Semi-Árido,RN,federal,PRODUÇÃO MONOGRÁFICA,"[""computador"", ""hipermidia"", ""midia"", ""tecnologia""]",14,66,Projeto Político Pedagógico,https://letrasportuguescaraubas.ufersa.edu.br/wp-content/uploads/sites/122/2020/03/UFERSA-PPC-Letras.Português-Caraúbas-15.10.2016-para-cadastro-eMEC-1.pdf
UFERSA,Universidade Federal Rural do Semi-Árido,RN,federal,DIDÁTICA,"[""tecnologia"", ""tecnologias"", ""tecnologico""]",12,6,PDF Matriz Curricular Do Curso De Licenciatura Em Letras/Libras,https://documentos.ufersa.edu.br/wp-content/uploads/sites/79/arquivos/consepe/2014/DECISOES/DEC.CONSEPE.009.2014.pdf
UFERSA,Universidade Federal Rural do Semi-Árido,RN,federal,ESTÁGIO SUPERVISIONADO EM LÍNGUA PORTUGUESA IV,"[""ead"", ""multiletramento"", ""multiletramentos"", ""tics""]",12,71,Projeto Político Pedagógico,https://letrasportuguescaraubas.ufersa.edu.br/wp-content/uploads/sites/122/2020/03/UFERSA-PPC-Letras.Português-Caraúbas-15.10.2016-para-cadastro-eMEC-1.pdf
UFERSA,Universidade Federal Rural do Semi-Árido,RN,federal,LITERATURA SURDA I,"[""tecnologia"", ""tecnologias"", ""tecnologico""]",12,6,PDF Matriz Curricular Do Curso De Licenciatura Em Letras/Libras,https://documentos.ufersa.edu.br/wp-content/uploads/sites/79/arquivos/consepe/2014/DECISOES/DEC.CONSEPE.009.2014.pdf
UFERSA,Universidade Federal Rural do Semi-Árido,RN,federal,HISTÓRIA DA EDUCAÇÃO BRASILEIRA,"[""tecnologia"", ""tecnologias""]",10,10,PDF Matriz Curricular Do Curso De Licenciatura Em Letras/Libras,https://documentos.ufersa.edu.br/wp-content/uploads/sites/79/arquivos/consepe/2014/DECISOES/DEC.CONSEPE.009.2014.pdf
UFERSA,Universidade Federal Rural do Semi-Árido,RN,federal,HORÁRIA,"[""computacional"", ""programacao""]",10,91,PROJETO PEDAGÓGICO DO CURSO DE LICENCIATURA EM LETRAS-PORTUGU,https://documentos.ufersa.edu.br/wp-content/uploads/sites/79/2021/04/PPC-Letras-Portugues-2021-final-1.pdf
UFERSA,Universidade Federal Rural do Semi-Árido,RN,federal,LIBRAS – ESTUDOS ACADÊMICOS,"[""tecnologia"", ""tecnologias""]",10,6,PDF Matriz Curricular Do Curso De Licenciatura Em Letras/Libras,https://documentos.ufersa.edu.br/wp-content/uploads/sites/79/arquivos/consepe/2014/DECISOES/DEC.CONSEPE.009.2014.pdf
UFERSA,Universidade Federal Rural do Semi-Árido,RN,federal,LINGUÍSTICA GERATIVA,"[""computacao"", ""computacional""]",10,94,PDF Projeto Pedagógico Do Curso De Licenciatura Em Letras-portugu,https://documentos.ufersa.edu.br/wp-content/uploads/sites/79/2021/05/PPC-Letras.pdf
UFERSA,Universidade Federal Rural do Semi-Árido,RN,federal,MULTIMODALIDADE,"[""multimodal"", ""multimodalidade"", ""online""]",10,103,LETRAS/LIBRAS - Portal Ufersa,https://lelibcaraubas.ufersa.edu.br/wp-content/uploads/sites/76/2019/07/MEC-PPC-atual-2018-aprovado.pdf
UFERSA,Universidade Federal Rural do Semi-Árido,RN,federal,ESCRITA DE SINAIS I,"[""software""]",8,4,PDF Matriz Curricular Do Curso De Licenciatura Em Letras/Libras,https://documentos.ufersa.edu.br/wp-content/uploads/sites/79/arquivos/consepe/2014/DECISOES/DEC.CONSEPE.009.2014.pdf
UFERSA,Universidade Federal Rural do Semi-Árido,RN,federal,ESCRITA DE SINAIS II,"[""corpora""]",8,5,PDF Matriz Curricular Do Curso De Licenciatura Em Letras/Libras,https://documentos.ufersa.edu.br/wp-content/uploads/sites/79/arquivos/consepe/2014/DECISOES/DEC.CONSEPE.009.2014.pdf
UFERSA,Universidade Federal Rural do Semi-Árido,RN,federal,ESTÁGIO SUPERVISIONADO EM LÍNGUA PORTUGUESA II,"[""multiletramento"", ""multiletramentos""]",8,70,Projeto Político Pedagógico,https://letrasportuguescaraubas.ufersa.edu.br/wp-content/uploads/sites/122/2020/03/UFERSA-PPC-Letras.Português-Caraúbas-15.10.2016-para-cadastro-eMEC-1.pdf
UFERSA,Universidade Federal Rural do Semi-Árido,RN,federal,HISTÓRIA E CULTURA SURDAS,"[""corpora""]",8,5,PDF Matriz Curricular Do Curso De Licenciatura Em Letras/Libras,https://documentos.ufersa.edu.br/wp-content/uploads/sites/79/arquivos/consepe/2014/DECISOES/DEC.CONSEPE.009.2014.pdf
UFERSA,Universidade Federal Rural do Semi-Árido,RN,federal,INTRODUÇÃO AOS ESTUDOS LINGUÍSTICOS,"[""software""]",8,4,PDF Matriz Curricular Do Curso De Licenciatura Em Letras/Libras,https://documentos.ufersa.edu.br/wp-content/uploads/sites/79/arquivos/consepe/2014/DECISOES/DEC.CONSEPE.009.2014.pdf
UFERSA,Universidade Federal Rural do Semi-Árido,RN,federal,INTRODUÇÃO À LINGUÍSTICA APLICADA,"[""tecnologia""]",8,8,PDF Matriz Curricular Do Curso De Licenciatura Em Letras/Libras,https://documentos.ufersa.edu.br/wp-content/uploads/sites/79/arquivos/consepe/2014/DECISOES/DEC.CONSEPE.009.2014.pdf
UFERSA,Universidade Federal Rural do Semi-Árido,RN,federal,INTRODUÇÃO À LÍNGUA BRASILEIRA DE SINAIS,"[""software""]",8,4,PDF Matriz Curricular Do Curso De Licenciatura Em Letras/Libras,https://documentos.ufersa.edu.br/wp-content/uploads/sites/79/arquivos/consepe/2014/DECISOES/DEC.CONSEPE.009.2014.pdf
UFERSA,Universidade Federal Rural do Semi-Árido,RN,federal,INTRODUÇÃO À PRAGMÁTICA,"[""tecnologia""]",8,8,PDF Matriz Curricular Do Curso De Licenciatura Em Letras/Libras,https://documentos.ufersa.edu.br/wp-content/uploads/sites/79/arquivos/consepe/2014/DECISOES/DEC.CONSEPE.009.2014.pdf
UFERSA,Universidade Federal Rural do Semi-Árido,RN,federal,LEITURA E PRODUÇÃO DE TEXTOS EM LIBRAS,"[""tecnologico""]",8,6,PDF Matriz Curricular Do Curso De Licenciatura Em Letras/Libras,https://documentos.ufersa.edu.br/wp-content/uploads/sites/79/arquivos/consepe/2014/DECISOES/DEC.CONSEPE.009.2014.pdf
UFERSA,Universidade Federal Rural do Semi-Árido,RN,federal,LIBRAS – ESTUDO INTERMEDIÁRIO I,"[""software""]",8,4,PDF Matriz Curricular Do Curso De Licenciatura Em Letras/Libras,https://documentos.ufersa.edu.br/wp-content/uploads/sites/79/arquivos/consepe/2014/DECISOES/DEC.CONSEPE.009.2014.pdf
UFERSA,Universidade Federal Rural do Semi-Árido,RN,federal,LIBRAS – ESTUDO INTERMEDIÁRIO II,"[""corpora""]",8,5,PDF Matriz Curricular Do Curso De Licenciatura Em Letras/Libras,https://documentos.ufersa.edu.br/wp-content/uploads/sites/79/arquivos/consepe/2014/DECISOES/DEC.CONSEPE.009.2014.pdf
UFERSA,Universidade Federal Rural do Semi-Árido,RN,federal,LITERATURA AFRO-AMERICANA,"[""virtual""]",8,9,PDF Matriz Curricular Do Curso De Licenciatura Em Letras/Libras,https://documentos.ufersa.edu.br/wp-content/uploads/sites/79/arquivos/consepe/2014/DECISOES/DEC.CONSEPE.009.2014.pdf
UFERSA,Universidade Federal Rural do Semi-Árido,RN,federal,LITERATURA COMPARADA,"[""virtual""]",8,9,PDF Matriz Curricular Do Curso De Licenciatura Em Letras/Libras,https://documentos.ufersa.edu.br/wp-content/uploads/sites/79/arquivos/consepe/2014/DECISOES/DEC.CONSEPE.009.2014.pdf
UFERSA,Universidade Federal Rural do Semi-Árido,RN,federal,LITERATURA INFANTO JUVENIL,"[""ciberespaco""]",8,97,PROJETO PEDAGÓGICO DO CURSO DE LICENCIATURA EM LETRAS-PORTUGU,https://documentos.ufersa.edu.br/wp-content/uploads/sites/79/2021/04/PPC-Letras-Portugues-2021-final-1.pdf
UFERSA,Universidade Federal Rural do Semi-Árido,RN,federal,SEMÂNTICA,"[""tecnologia""]",8,8,PDF Matriz Curricular Do Curso De Licenciatura Em Letras/Libras,https://documentos.ufersa.edu.br/wp-content/uploads/sites/79/arquivos/consepe/2014/DECISOES/DEC.CONSEPE.009.2014.pdf
UFERSA,Universidade Federal Rural do Semi-Árido,RN,federal,TÓPICOS ESPECIAIS EM LINGUÍSTICA APLICADA II,"[""digital""]",8,9,PDF Matriz Curricular Do Curso De Licenciatura Em Letras/Libras,https://documentos.ufersa.edu.br/wp-content/uploads/sites/79/arquivos/consepe/2014/DECISOES/DEC.CONSEPE.009.2014.pdf
UFERSA,Universidade Federal Rural do Semi-Árido,RN,federal,A COMÉDIA E TRAGÉDIA NA OBRA SHAKESPEAREANA,"[""virtual""]",6,9,PDF Matriz Curricular Do Curso De Licenciatura Em Letras/Libras,https://documentos.ufersa.edu.br/wp-content/uploads/sites/79/arquivos/consepe/2014/DECISOES/DEC.CONSEPE.009.2014.pdf
UFERSA,Universidade Federal Rural do Semi-Árido,RN,federal,CORPORALIDADE e ESCRITA,"[""corpora""]",6,5,PDF Matriz Curricular Do Curso De Licenciatura Em Letras/Libras,https://documentos.ufersa.edu.br/wp-content/uploads/sites/79/arquivos/consepe/2014/DECISOES/DEC.CONSEPE.009.2014.pdf
UFERSA,Universidade Federal Rural do Semi-Árido,RN,federal,Campus Caraúbas de cursos de formação em áreas predominantemente tecnológicas. Ainda,"[""tecnologica"", ""tecnologicas""]",6,17,Projeto Político Pedagógico,https://letrasportuguescaraubas.ufersa.edu.br/wp-content/uploads/sites/122/2020/03/UFERSA-PPC-Letras.Português-Caraúbas-15.10.2016-para-cadastro-eMEC-1.pdf
UFERSA,Universidade Federal Rural do Semi-Árido,RN,federal,Gramática do Design Visual. Multimodalidade e ensino,"[""multimodal"", ""multimodalidade""]",6,103,LETRAS/LIBRAS - Portal Ufersa,https://lelibcaraubas.ufersa.edu.br/wp-content/uploads/sites/76/2019/07/MEC-PPC-atual-2018-aprovado.pdf
UFERSA,Universidade Federal Rural do Semi-Árido,RN,federal,PRÁTICA PEDAGÓGICA PROGRAMADA IV,"[""educacao a distancia""]",6,76,LETRAS/LIBRAS - Portal Ufersa,https://lelibcaraubas.ufersa.edu.br/wp-content/uploads/sites/76/2019/07/MEC-PPC-atual-2018-aprovado.pdf
UFERSA,Universidade Federal Rural do Semi-Árido,RN,federal,Computador com acesso à internet e impressora,"[""computador"", ""internet""]",4,105,Projeto Político Pedagógico,https://letrasportuguescaraubas.ufersa.edu.br/wp-content/uploads/sites/122/2020/03/UFERSA-PPC-Letras.Português-Caraúbas-15.10.2016-para-cadastro-eMEC-1.pdf
UFERSA,Universidade Federal Rural do Semi-Árido,RN,federal,Introdução à Linguística Computacional,"[""computacional""]",4,63,PROJETO PEDAGÓGICO DO CURSO DE LICENCIATURA EM LETRAS-PORTUGU,https://documentos.ufersa.edu.br/wp-content/uploads/sites/79/2021/04/PPC-Letras-Portugues-2021-final-1.pdf
UFERSA,Universidade Federal Rural do Semi-Árido,RN,federal,Linguagem e Tecnologia,"[""tecnologia""]",4,62,PROJETO PEDAGÓGICO DO CURSO DE LICENCIATURA EM LETRAS-PORTUGU,https://documentos.ufersa.edu.br/wp-content/uploads/sites/79/2021/04/PPC-Letras-Portugues-2021-final-1.pdf
UFERSA,Universidade Federal Rural do Semi-Árido,RN,federal,O sistema computacional na sintaxe da língua portuguesa,"[""computacional""]",4,94,PDF Projeto Pedagógico Do Curso De Licenciatura Em Letras-portugu,https://documentos.ufersa.edu.br/wp-content/uploads/sites/79/2021/05/PPC-Letras.pdf
UFES,Universidade Federal do Espírito Santo,ES,federal,Universidade Federal do Espírito Santo,"[""corpora"", ""tecnologia"", ""tecnologias""]",10,76,PPC 2019 - versão atual | Letras - Ufes (anexo),https://letras.ufes.br/sites/letras.ufes.br/files/field/anexo/ppc_lingua_e_literatura_inglesa_-_licenciaturaatual.pdf
UFES,Universidade Federal do Espírito Santo,ES,federal,Língua Inglesa: Linguagem e Tecnologias,"[""tecnologia"", ""tecnologias""]",6,13,PPC 2019 - versão atual | Letras - Ufes (anexo),https://letras.ufes.br/sites/letras.ufes.br/files/field/anexo/ppc_lingua_e_literatura_inglesa_-_licenciatura_2006_0.pdf
UFES,Universidade Federal do Espírito Santo,ES,federal,Uso de novas linguagens e tecnologias na escola,"[""tecnologia"", ""tecnologias""]",6,8,Título do Subprojeto - Ufes,https://literaturaeeducacao.ufes.br/sites/grupoliteraturaeeducacao.ufes.br/files/field/anexo/o_projeto_politico-pedagogico_a_matriz_curricular_e_o_ementario_da_licenciatura_em_pedagogia_na_ufes_abordagens_da_leitura_da_literatura_e_dos_materiais_didaticos_-_lemos_2012.pdf
UFES,Universidade Federal do Espírito Santo,ES,federal,LINGUAGEM E TECNOLOGIAS,"[""tecnologia"", ""tecnologias""]",4,17,PPC 2019 - versão atual | Letras - Ufes (anexo),https://letras.ufes.br/sites/letras.ufes.br/files/field/anexo/ppc_lingua_e_literatura_inglesa_-_licenciaturaatual.pdf
UFES,Universidade Federal do Espírito Santo,ES,federal,Textos da Mídia e Ensino 60E,"[""midia""]",4,20,CURSO DE LICENCIATURA EM LÍNGUA PORTUGUESA E LITERATURAS DE ...,https://literatura.ufes.br/sites/letras.ufes.br/files/field/anexo/ementario_portugues.pdf
UFESPORTE,Universidade Federal do esporte,DISTRITO FEDERAL (SEDE),federal,Desenvolver atividades de ensino e pesquisa relacionadas à produção textual,"[""midia"", ""midias"", ""tecnologica"", ""tecnologicas""]",12,62,Letras Projeto Pedagógico — Português (Brasil) (anexo),https://www.prograd.ufscar.br/pt-br/assets/arquivos/cursos/cursos-oferecidos/letras/letras-projeto-pedagogico.pdf
UFESPORTE,Universidade Federal do esporte,DISTRITO FEDERAL (SEDE),federal,CONTEMPORÂNEO,"[""midia""]",6,57,Letras Projeto Pedagógico — Português (Brasil) (anexo),https://www.prograd.ufscar.br/pt-br/assets/arquivos/cursos/cursos-oferecidos/letras/letras-projeto-pedagogico.pdf
UFESPORTE,Universidade Federal do esporte,DISTRITO FEDERAL (SEDE),federal,"Desenvolver atividades pedagógicas específicas, relativas à abordagem da literatura","[""audiovisual""]",6,56,Letras Projeto Pedagógico — Português (Brasil) (anexo),https://www.prograd.ufscar.br/pt-br/assets/arquivos/cursos/cursos-oferecidos/letras/letras-projeto-pedagogico.pdf
UFESPORTE,Universidade Federal do esporte,DISTRITO FEDERAL (SEDE),federal,Objetivos Gerais: Aprofundar as reflexões acerca do ensino de produções textua is,"[""internet""]",6,64,Letras Projeto Pedagógico — Português (Brasil) (anexo),https://www.prograd.ufscar.br/pt-br/assets/arquivos/cursos/cursos-oferecidos/letras/letras-projeto-pedagogico.pdf
UFESPORTE,Universidade Federal do esporte,DISTRITO FEDERAL (SEDE),federal,"Objetivos Gerais: Permitir, com base em teorias lingüísticas acerca de pr oduções","[""tecnologia""]",6,65,Letras Projeto Pedagógico — Português (Brasil) (anexo),https://www.prograd.ufscar.br/pt-br/assets/arquivos/cursos/cursos-oferecidos/letras/letras-projeto-pedagogico.pdf
UFESPORTE,Universidade Federal do esporte,DISTRITO FEDERAL (SEDE),federal,Português: o uso de recursos digitais 3 30 0 30 OP,"[""recursos digitais""]",5,7,Matriz Curricular | Letras (anexo),https://letras.ufes.br/sites/letras.ufes.br/files/field/anexo/lista_disciplinas_espanhol.pdf
UFESPORTE,Universidade Federal do esporte,DISTRITO FEDERAL (SEDE),federal,Objetivos Gerais: 1- Transmitir e ampliar conhecimentos sobre a cultura audiovisual,"[""audiovisual""]",4,73,Letras Projeto Pedagógico — Português (Brasil) (anexo),https://www.prograd.ufscar.br/pt-br/assets/arquivos/cursos/cursos-oferecidos/letras/letras-projeto-pedagogico.pdf
UFF,Universidade Federal Fluminense,RJ,federal,Introdução a Informática 75 Não tem UFF,"[""informatica""]",5,1,Matriz Letras Nova UFF 2023.1 - Fundação CECIERJ,https://www.cecierj.edu.br/wp-content/uploads/2023/02/Matriz-Letras-Nova-UFF-2023.1.pdf
UFF,Universidade Federal Fluminense,RJ,federal,Português VIII 60 Não tem UFF,"[""ead""]",5,2,Matriz Letras Nova UFF 2023.1 - Fundação CECIERJ,https://www.cecierj.edu.br/wp-content/uploads/2023/02/Matriz-Letras-Nova-UFF-2023.1.pdf
UFFS,Universidade Federal da Fronteira Sul,SANTA CATARINA (SEDE) PARANÁ RIO GRANDE DO SUL,federal,OFICINA DE TECNOLOGIAS EDUCACIONAIS,"[""aplicativo"", ""aplicativos"", ""audiovisual"", ""computador"", ""internet"", ""recursos tecnologicos"", ""software"", ""tecnologia"", ""tecnologias"", ""tecnologico""]",24,143,"REGULAMENTO E/OU MANUAL DE ESTÁGIO, TRABALHO DE CONCLUSÃO DE CU",https://www.uffs.edu.br/uffs/conteudo/PPC_Letras_Portugues_espanhol_CL_2010.pdf
UFFS,Universidade Federal da Fronteira Sul,SANTA CATARINA (SEDE) PARANÁ RIO GRANDE DO SUL,federal,"INFORMAÇÃO, COMUNICAÇÃO E EDUCAÇÃO","[""tecnologia"", ""tecnologias"", ""tic"", ""virtual""]",15,190,"REGULAMENTO E/OU MANUAL DE ESTÁGIO, TRABALHO DE CONCLUSÃO DE CU",https://www.uffs.edu.br/uffs/conteudo/PPC_Letras_Portugues_espanhol_CL_2010.pdf
UFFS,Universidade Federal da Fronteira Sul,SANTA CATARINA (SEDE) PARANÁ RIO GRANDE DO SUL,federal,INTRODUÇÃO À INFORMÁTICA,"[""computador"", ""informatica"", ""software""]",13,61,"REGULAMENTO E/OU MANUAL DE ESTÁGIO, TRABALHO DE CONCLUSÃO DE CU",https://www.uffs.edu.br/uffs/conteudo/PPC_Letras_Portugues_espanhol_CL_2010.pdf
UFFS,Universidade Federal da Fronteira Sul,SANTA CATARINA (SEDE) PARANÁ RIO GRANDE DO SUL,federal,LITERATURA INFANTIL E JUVENIL,"[""tecnologia"", ""tecnologias""]",11,91,"REGULAMENTO E/OU MANUAL DE ESTÁGIO, TRABALHO DE CONCLUSÃO DE CU",https://www.uffs.edu.br/uffs/conteudo/PPC_Letras_Portugues_espanhol_CL_2010.pdf
UFFS,Universidade Federal da Fronteira Sul,SANTA CATARINA (SEDE) PARANÁ RIO GRANDE DO SUL,federal,LÍNGUA BRASILEIRA DE SINAIS (Libras),"[""tecnologia"", ""tecnologias""]",11,126,"REGULAMENTO E/OU MANUAL DE ESTÁGIO, TRABALHO DE CONCLUSÃO DE CU",https://www.uffs.edu.br/uffs/conteudo/PPC_Letras_Portugues_espanhol_CL_2010.pdf
UFFS,Universidade Federal da Fronteira Sul,SANTA CATARINA (SEDE) PARANÁ RIO GRANDE DO SUL,federal,INTRODUÇÃO AOS ESTUDOS LINGUÍSTICOS,"[""tecnologica""]",9,64,"REGULAMENTO E/OU MANUAL DE ESTÁGIO, TRABALHO DE CONCLUSÃO DE CU",https://www.uffs.edu.br/uffs/conteudo/PPC_Letras_Portugues_espanhol_CL_2010.pdf
UFFS,Universidade Federal da Fronteira Sul,SANTA CATARINA (SEDE) PARANÁ RIO GRANDE DO SUL,federal,BRASILEIRO,"[""midia""]",6,161,"REGULAMENTO E/OU MANUAL DE ESTÁGIO, TRABALHO DE CONCLUSÃO DE CU",https://www.uffs.edu.br/uffs/conteudo/PPC_Letras_Portugues_espanhol_CL_2010.pdf
UFFS,Universidade Federal da Fronteira Sul,SANTA CATARINA (SEDE) PARANÁ RIO GRANDE DO SUL,federal,Denominação do laboratório: Laboratório Multidisciplinar Multimídia,"[""midia""]",4,289,"REGULAMENTO E/OU MANUAL DE ESTÁGIO, TRABALHO DE CONCLUSÃO DE CU",https://www.uffs.edu.br/uffs/conteudo/PPC_Letras_Portugues_espanhol_CL_2010.pdf
UFFS,Universidade Federal da Fronteira Sul,SANTA CATARINA (SEDE) PARANÁ RIO GRANDE DO SUL,federal,Empregar recursos tecnológicos como instrumentos didático-pedagógicos,"[""recursos tecnologicos"", ""tecnologico""]",4,143,"REGULAMENTO E/OU MANUAL DE ESTÁGIO, TRABALHO DE CONCLUSÃO DE CU",https://www.uffs.edu.br/uffs/conteudo/PPC_Letras_Portugues_espanhol_CL_2010.pdf
UFFS,Universidade Federal da Fronteira Sul,SANTA CATARINA (SEDE) PARANÁ RIO GRANDE DO SUL,federal,Fundamentos de informática. Conhecimentos de sistemas operacionais. Utilização da rede,"[""informatica""]",4,61,"REGULAMENTO E/OU MANUAL DE ESTÁGIO, TRABALHO DE CONCLUSÃO DE CU",https://www.uffs.edu.br/uffs/conteudo/PPC_Letras_Portugues_espanhol_CL_2010.pdf
UFFS,Universidade Federal da Fronteira Sul,SANTA CATARINA (SEDE) PARANÁ RIO GRANDE DO SUL,federal,LABORATÓRIO MULTIDISICPLINAR MULTIMÍDIA,"[""midia""]",4,289,"REGULAMENTO E/OU MANUAL DE ESTÁGIO, TRABALHO DE CONCLUSÃO DE CU",https://www.uffs.edu.br/uffs/conteudo/PPC_Letras_Portugues_espanhol_CL_2010.pdf
UFFS,Universidade Federal da Fronteira Sul,SANTA CATARINA (SEDE) PARANÁ RIO GRANDE DO SUL,federal,SALA DE MÍDIAS,"[""midia"", ""midias""]",4,285,"REGULAMENTO E/OU MANUAL DE ESTÁGIO, TRABALHO DE CONCLUSÃO DE CU",https://www.uffs.edu.br/uffs/conteudo/PPC_Letras_Portugues_espanhol_CL_2010.pdf
UFG,Universidade Federal de Goiás,GO,federal,TECNOLOGIAS,"[""tecnologia"", ""tecnologias""]",4,75,Microsoft Word - 1857 PPC. Letras Português. 2020.2023 ...,https://files.cercomp.ufg.br/weby/up/25/o/PPC._Português._Resolucao_CEPEC_1857.2024.pdf
UFGD,Universidade Federal da Grande Dourados,MS,federal,EDUCAÇÃO DE SURDOS E NOVAS TECNOLOGIAS,"[""ava"", ""digital"", ""hipermidia"", ""internet"", ""midia"", ""moodle"", ""software"", ""virtual""]",20,33,PROJETO PEDAGÓGICO DO CURSO DE LETRAS – LÍNGUA PORTUGUESA ...,https://portalead.ufgd.edu.br/wp-content/uploads/2014/01/PPC-Letras-Libras.pdf
UFGD,Universidade Federal da Grande Dourados,MS,federal,COMO L1,"[""ava"", ""digital"", ""moodle"", ""programacao""]",12,61,PROJETO PEDAGÓGICO DO CURSO DE LETRAS – LÍNGUA PORTUGUESA ...,https://portal.ead.ufgd.edu.br/wp-content/uploads/2014/01/PPC-Letras-Libras-Licenciatura.pdf
UFGD,Universidade Federal da Grande Dourados,MS,federal,COMO L2,"[""ava"", ""digital"", ""moodle"", ""programacao""]",12,62,PROJETO PEDAGÓGICO DO CURSO DE LETRAS – LÍNGUA PORTUGUESA ...,https://portal.ead.ufgd.edu.br/wp-content/uploads/2014/01/PPC-Letras-Libras-Licenciatura.pdf
UFGD,Universidade Federal da Grande Dourados,MS,federal,EDUCAÇÃO A DISTÂNCIA,"[""ava"", ""digital"", ""educacao a distancia"", ""moodle""]",12,35,PROJETO PEDAGÓGICO DO CURSO DE LETRAS – LÍNGUA PORTUGUESA ...,https://portalead.ufgd.edu.br/wp-content/uploads/2014/01/PPC-Letras-Libras.pdf
UFGD,Universidade Federal da Grande Dourados,MS,federal,FACULDADE DE EDUCAÇÃO A DISTÂNCIA,"[""ava"", ""digital"", ""moodle"", ""programacao""]",12,62,PROJETO PEDAGÓGICO DO CURSO DE LETRAS – LÍNGUA PORTUGUESA ...,https://portalead.ufgd.edu.br/wp-content/uploads/2014/01/PPC-Letras-Libras.pdf
UFGD,Universidade Federal da Grande Dourados,MS,federal,PARA SURDOS,"[""ava"", ""digital"", ""moodle"", ""programacao""]",12,63,PROJETO PEDAGÓGICO DO CURSO DE LETRAS – LÍNGUA PORTUGUESA ...,https://portal.ead.ufgd.edu.br/wp-content/uploads/2014/01/PPC-Letras-Libras-Licenciatura.pdf
UFGD,Universidade Federal da Grande Dourados,MS,federal,ANÁLISE DO DISCURSO,"[""ava"", ""digital"", ""moodle""]",10,21,PROJETO PEDAGÓGICO DO CURSO DE LETRAS – LÍNGUA PORTUGUESA ...,https://portal.ead.ufgd.edu.br/wp-content/uploads/2014/01/PPC-Letras-Libras-Licenciatura.pdf
UFGD,Universidade Federal da Grande Dourados,MS,federal,AQUISIÇÃO DA LINGUAGEM,"[""ava"", ""digital"", ""moodle""]",10,43,PROJETO PEDAGÓGICO DO CURSO DE LETRAS – LÍNGUA PORTUGUESA ...,https://portal.ead.ufgd.edu.br/wp-content/uploads/2014/01/PPC-Letras-Libras-Licenciatura.pdf
UFGD,Universidade Federal da Grande Dourados,MS,federal,AQUISIÇÃO DA LÍNGUA DE SINAIS,"[""ava"", ""digital"", ""moodle""]",10,44,PROJETO PEDAGÓGICO DO CURSO DE LETRAS – LÍNGUA PORTUGUESA ...,https://portal.ead.ufgd.edu.br/wp-content/uploads/2014/01/PPC-Letras-Libras-Licenciatura.pdf
UFGD,Universidade Federal da Grande Dourados,MS,federal,"EDUCAÇÃO, INCLUSÃO E METODOLOGIAS DE ENSINO","[""ava"", ""digital"", ""moodle""]",10,35,PROJETO PEDAGÓGICO DO CURSO DE LETRAS – LÍNGUA PORTUGUESA ...,https://portal.ead.ufgd.edu.br/wp-content/uploads/2014/01/PPC-Letras-Libras-Licenciatura.pdf
UFGD,Universidade Federal da Grande Dourados,MS,federal,ESCRITA DE SINAIS II,"[""ava"", ""digital"", ""moodle""]",10,56,PROJETO PEDAGÓGICO DO CURSO DE LETRAS – LÍNGUA PORTUGUESA ...,https://portal.ead.ufgd.edu.br/wp-content/uploads/2014/01/PPC-Letras-Libras-Licenciatura.pdf
UFGD,Universidade Federal da Grande Dourados,MS,federal,ESCRITA DE SINAIS III,"[""ava"", ""digital"", ""moodle""]",10,57,PROJETO PEDAGÓGICO DO CURSO DE LETRAS – LÍNGUA PORTUGUESA ...,https://portal.ead.ufgd.edu.br/wp-content/uploads/2014/01/PPC-Letras-Libras-Licenciatura.pdf
UFGD,Universidade Federal da Grande Dourados,MS,federal,ESCRITAS DE SINAIS I,"[""ava"", ""digital"", ""moodle""]",10,55,PROJETO PEDAGÓGICO DO CURSO DE LETRAS – LÍNGUA PORTUGUESA ...,https://portal.ead.ufgd.edu.br/wp-content/uploads/2014/01/PPC-Letras-Libras-Licenciatura.pdf
UFGD,Universidade Federal da Grande Dourados,MS,federal,ESTUDOS DA LITERATURA,"[""ava"", ""digital"", ""moodle""]",10,25,PROJETO PEDAGÓGICO DO CURSO DE LETRAS – LÍNGUA PORTUGUESA ...,https://portal.ead.ufgd.edu.br/wp-content/uploads/2014/01/PPC-Letras-Libras-Licenciatura.pdf
UFGD,Universidade Federal da Grande Dourados,MS,federal,ESTUDOS DA TRADUÇÃO,"[""ava"", ""digital"", ""moodle""]",10,24,PROJETO PEDAGÓGICO DO CURSO DE LETRAS – LÍNGUA PORTUGUESA ...,https://portal.ead.ufgd.edu.br/wp-content/uploads/2014/01/PPC-Letras-Libras-Licenciatura.pdf
UFGD,Universidade Federal da Grande Dourados,MS,federal,ESTUDOS LINGUÍSTICOS,"[""ava"", ""digital"", ""moodle""]",10,22,PROJETO PEDAGÓGICO DO CURSO DE LETRAS – LÍNGUA PORTUGUESA ...,https://portal.ead.ufgd.edu.br/wp-content/uploads/2014/01/PPC-Letras-Libras-Licenciatura.pdf
UFGD,Universidade Federal da Grande Dourados,MS,federal,ESTÁGIO SUPERVISIONADO EM LITERATURA VISUAL,"[""ava"", ""digital"", ""moodle""]",10,59,PROJETO PEDAGÓGICO DO CURSO DE LETRAS – LÍNGUA PORTUGUESA ...,https://portalead.ufgd.edu.br/wp-content/uploads/2014/01/PPC-Letras-Libras.pdf
UFGD,Universidade Federal da Grande Dourados,MS,federal,FONÉTICA E FONOLOGIA,"[""ava"", ""digital"", ""moodle""]",10,23,PROJETO PEDAGÓGICO DO CURSO DE LETRAS – LÍNGUA PORTUGUESA ...,https://portal.ead.ufgd.edu.br/wp-content/uploads/2014/01/PPC-Letras-Libras-Licenciatura.pdf
UFGD,Universidade Federal da Grande Dourados,MS,federal,FUNDAMENTOS DA EDUCAÇÃO DE SURDOS,"[""ava"", ""digital"", ""moodle""]",10,45,PROJETO PEDAGÓGICO DO CURSO DE LETRAS – LÍNGUA PORTUGUESA ...,https://portal.ead.ufgd.edu.br/wp-content/uploads/2014/01/PPC-Letras-Libras-Licenciatura.pdf
UFGD,Universidade Federal da Grande Dourados,MS,federal,INTRODUÇÃO AOS ESTUDOS DA TRADUÇÃO,"[""ava"", ""digital"", ""moodle""]",10,24,PROJETO PEDAGÓGICO DO CURSO DE LETRAS – LÍNGUA PORTUGUESA ...,https://portalead.ufgd.edu.br/wp-content/uploads/2014/01/PPC-Letras-Libras.pdf
UFGD,Universidade Federal da Grande Dourados,MS,federal,LINGUÍSTICA APLICADA AO ENSINO DE LÍNGUAS,"[""ava"", ""digital"", ""moodle""]",10,58,PROJETO PEDAGÓGICO DO CURSO DE LETRAS – LÍNGUA PORTUGUESA ...,https://portalead.ufgd.edu.br/wp-content/uploads/2014/01/PPC-Letras-Libras.pdf
UFGD,Universidade Federal da Grande Dourados,MS,federal,LÍNGUA BRASILEIRA DE SINAIS I,"[""ava"", ""digital"", ""moodle""]",10,46,PROJETO PEDAGÓGICO DO CURSO DE LETRAS – LÍNGUA PORTUGUESA ...,https://portal.ead.ufgd.edu.br/wp-content/uploads/2014/01/PPC-Letras-Libras-Licenciatura.pdf
UFGD,Universidade Federal da Grande Dourados,MS,federal,LÍNGUA BRASILEIRA DE SINAIS II,"[""ava"", ""digital"", ""moodle""]",10,47,PROJETO PEDAGÓGICO DO CURSO DE LETRAS – LÍNGUA PORTUGUESA ...,https://portal.ead.ufgd.edu.br/wp-content/uploads/2014/01/PPC-Letras-Libras-Licenciatura.pdf
UFGD,Universidade Federal da Grande Dourados,MS,federal,LÍNGUA BRASILEIRA DE SINAIS III,"[""ava"", ""digital"", ""moodle""]",10,49,PROJETO PEDAGÓGICO DO CURSO DE LETRAS – LÍNGUA PORTUGUESA ...,https://portal.ead.ufgd.edu.br/wp-content/uploads/2014/01/PPC-Letras-Libras-Licenciatura.pdf
UFGD,Universidade Federal da Grande Dourados,MS,federal,LÍNGUA BRASILEIRA DE SINAIS IV,"[""ava"", ""digital"", ""moodle""]",10,49,PROJETO PEDAGÓGICO DO CURSO DE LETRAS – LÍNGUA PORTUGUESA ...,https://portalead.ufgd.edu.br/wp-content/uploads/2014/01/PPC-Letras-Libras.pdf
UFGD,Universidade Federal da Grande Dourados,MS,federal,LÍNGUA BRASILEIRA DE SINAIS V,"[""ava"", ""digital"", ""moodle""]",10,51,PROJETO PEDAGÓGICO DO CURSO DE LETRAS – LÍNGUA PORTUGUESA ...,https://portal.ead.ufgd.edu.br/wp-content/uploads/2014/01/PPC-Letras-Libras-Licenciatura.pdf
UFGD,Universidade Federal da Grande Dourados,MS,federal,LÍNGUA BRASILEIRA DE SINAIS VI,"[""ava"", ""digital"", ""moodle""]",10,52,PROJETO PEDAGÓGICO DO CURSO DE LETRAS – LÍNGUA PORTUGUESA ...,https://portal.ead.ufgd.edu.br/wp-content/uploads/2014/01/PPC-Letras-Libras-Licenciatura.pdf
UFGD,Universidade Federal da Grande Dourados,MS,federal,METODOLOGIA DE ENSINO EM LITERATURA VISUAL,"[""ava"", ""digital"", ""moodle""]",10,38,PROJETO PEDAGÓGICO DO CURSO DE LETRAS – LÍNGUA PORTUGUESA ...,https://portalead.ufgd.edu.br/wp-content/uploads/2014/01/PPC-Letras-Libras.pdf
UFGD,Universidade Federal da Grande Dourados,MS,federal,MORFOLOGIA,"[""ava"", ""digital"", ""moodle""]",10,26,PROJETO PEDAGÓGICO DO CURSO DE LETRAS – LÍNGUA PORTUGUESA ...,https://portal.ead.ufgd.edu.br/wp-content/uploads/2014/01/PPC-Letras-Libras-Licenciatura.pdf
UFGD,Universidade Federal da Grande Dourados,MS,federal,PSICOLOGIA DE EDUCAÇÃO DE SURDOS,"[""ava"", ""digital"", ""moodle""]",10,39,PROJETO PEDAGÓGICO DO CURSO DE LETRAS – LÍNGUA PORTUGUESA ...,https://portalead.ufgd.edu.br/wp-content/uploads/2014/01/PPC-Letras-Libras.pdf
UFGD,Universidade Federal da Grande Dourados,MS,federal,SEMÂNTICA E PRAGMÁTICA,"[""ava"", ""digital"", ""moodle""]",10,27,PROJETO PEDAGÓGICO DO CURSO DE LETRAS – LÍNGUA PORTUGUESA ...,https://portalead.ufgd.edu.br/wp-content/uploads/2014/01/PPC-Letras-Libras.pdf
UFGD,Universidade Federal da Grande Dourados,MS,federal,SINTAXE,"[""ava"", ""digital"", ""moodle""]",10,29,PROJETO PEDAGÓGICO DO CURSO DE LETRAS – LÍNGUA PORTUGUESA ...,https://portalead.ufgd.edu.br/wp-content/uploads/2014/01/PPC-Letras-Libras.pdf
UFGD,Universidade Federal da Grande Dourados,MS,federal,SOCIOLINGUÍSTICA,"[""ava"", ""digital"", ""moodle""]",10,30,PROJETO PEDAGÓGICO DO CURSO DE LETRAS – LÍNGUA PORTUGUESA ...,https://portalead.ufgd.edu.br/wp-content/uploads/2014/01/PPC-Letras-Libras.pdf
UFGD,Universidade Federal da Grande Dourados,MS,federal,LÍNGUA PORTUGUESA COMO SEGUNDA LÍNGUA PARA SURDOS III,"[""midia"", ""multimodal""]",8,67,PROJETO PEDAGÓGICO DO CURSO DE LETRAS – LÍNGUA PORTUGUESA ...,https://portal.ead.ufgd.edu.br/wp-content/uploads/2014/01/PPC-Letras-Libras-Licenciatura.pdf
UFGD,Universidade Federal da Grande Dourados,MS,federal,EDUCAÇÃO ESPECIAL,"[""tecnologia""]",6,42,PROJETO PEDAGÓGICO DO CURSO DE LETRAS – LÍNGUA PORTUGUESA ...,https://portal.ead.ufgd.edu.br/wp-content/uploads/2014/01/PPC-Letras-Libras-Licenciatura.pdf
UFGD,Universidade Federal da Grande Dourados,MS,federal,EDUCAÇÃO À DISTANCIA – EaD/ UFGD,"[""ead"", ""educacao a distancia""]",6,9,Microsoft Word - Projeto PPC - LETRAS LIBRAS,https://portal.ead.ufgd.edu.br/wp-content/uploads/2013/03/Projeto-PPC-LETRAS-LIBRAS.pdf
UFGD,Universidade Federal da Grande Dourados,MS,federal,BRASILEIRA DE SINAIS EaD -UFGD,"[""ead""]",4,97,PROJETO PEDAGÓGICO DO CURSO DE LETRAS – LÍNGUA PORTUGUESA ...,https://portal.ead.ufgd.edu.br/wp-content/uploads/2014/01/PPC-Letras-Libras-Licenciatura.pdf
UFGD,Universidade Federal da Grande Dourados,MS,federal,DE SINAIS EaD -UFGD,"[""ead""]",4,95,PROJETO PEDAGÓGICO DO CURSO DE LETRAS – LÍNGUA PORTUGUESA ...,https://portalead.ufgd.edu.br/wp-content/uploads/2014/01/PPC-Letras-Libras.pdf
UFGD,Universidade Federal da Grande Dourados,MS,federal,Direção da EaD – UFGD,"[""ead""]",4,2,PROJETO PEDAGÓGICO DO CURSO DE LETRAS – LÍNGUA PORTUGUESA ...,https://portal.ead.ufgd.edu.br/wp-content/uploads/2014/01/PPC-Letras-Libras-Licenciatura.pdf
UFGD,Universidade Federal da Grande Dourados,MS,federal,EaD/PROGRAD – Licenciatura em Letras LIBRAS,"[""ead""]",4,38,Microsoft Word - Projeto PPC - LETRAS LIBRAS,https://portal.ead.ufgd.edu.br/wp-content/uploads/2013/03/Projeto-PPC-LETRAS-LIBRAS.pdf
UFGD,Universidade Federal da Grande Dourados,MS,federal,EaD/UFGD,"[""ead""]",4,104,PROJETO PEDAGÓGICO DO CURSO DE LETRAS – LÍNGUA PORTUGUESA ...,https://portal.ead.ufgd.edu.br/wp-content/uploads/2014/01/PPC-Letras-Libras-Licenciatura.pdf
UFGD,Universidade Federal da Grande Dourados,MS,federal,Estágio Supervisionado em Literatura Visual - - 60 EaD,"[""ead""]",4,19,Microsoft Word - Projeto PPC - LETRAS LIBRAS,https://portal.ead.ufgd.edu.br/wp-content/uploads/2013/03/Projeto-PPC-LETRAS-LIBRAS.pdf
UFGD,Universidade Federal da Grande Dourados,MS,federal,Giovanni Bonadio Lopes Técnico de Laboratório/Informática da EaD,"[""ead"", ""informatica""]",4,83,PROJETO PEDAGÓGICO DO CURSO DE LETRAS – LÍNGUA PORTUGUESA ...,https://portal.ead.ufgd.edu.br/wp-content/uploads/2014/01/PPC-Letras-Libras-Licenciatura.pdf
UFGD,Universidade Federal da Grande Dourados,MS,federal,Novas Tecnologias no Ensino-Aprendizagem de Línguas,"[""tecnologia"", ""tecnologias""]",4,1,Portal UFGD,https://www.ufgd.edu.br/pos-graduacao/mestrado-letras/estrutura-curricular
UFGD,Universidade Federal da Grande Dourados,MS,federal,Profº Dr. Ednei Nunes de Oliveira DE Adjunto Educação a Distância,"[""educacao a distancia""]",4,81,PROJETO PEDAGÓGICO DO CURSO DE LETRAS – LÍNGUA PORTUGUESA ...,https://portalead.ufgd.edu.br/wp-content/uploads/2014/01/PPC-Letras-Libras.pdf
UFGD,Universidade Federal da Grande Dourados,MS,federal,Tecnologias,"[""tecnologia"", ""tecnologias""]",4,1,Portal UFGD,https://www.ufgd.edu.br/pos-graduacao/mestrado-letras/estrutura-curricular
UFGD,Universidade Federal da Grande Dourados,MS,federal,Willian Martins Silva Técnico de Laboratório/Informática da EaD,"[""ead"", ""informatica""]",4,81,PROJETO PEDAGÓGICO DO CURSO DE LETRAS – LÍNGUA PORTUGUESA ...,https://portalead.ufgd.edu.br/wp-content/uploads/2014/01/PPC-Letras-Libras.pdf
UFJ,Universidade Federal de Jataí,GO,federal,Novas tecnologias no Ensino de Língua Estrangeira,"[""tecnologia"", ""tecnologias""]",11,56,FACULDADE DE LETRAS PROJETO PEDAGÓGICO DO,https://www2.ufjf.br/fale/wp-content/uploads/sites/205/2025/01/PPC-2023-Licenciatura-em-Letras-UFJF-1.pdf
UFJ,Universidade Federal de Jataí,GO,federal,Pré-requisitos: Inglês III,"[""midia"", ""midias"", ""midias digitais""]",10,143,FACULDADE DE LETRAS PROJETO PEDAGÓGICO DO,https://www2.ufjf.br/fale/wp-content/uploads/sites/205/2025/01/PPC-2023-Licenciatura-em-Letras-UFJF-1.pdf
UFJ,Universidade Federal de Jataí,GO,federal,Pré-requisitos: LEC,"[""computacional"", ""corpora"", ""corpus""]",10,226,FACULDADE DE LETRAS PROJETO PEDAGÓGICO DO,https://www2.ufjf.br/fale/wp-content/uploads/sites/205/2025/01/PPC-2023-Licenciatura-em-Letras-UFJF-1.pdf
UFJ,Universidade Federal de Jataí,GO,federal,Novas Tecnologias no Ensino de LE  4,"[""tecnologia"", ""tecnologias""]",8,67,FACULDADE DE LETRAS PROJETO PEDAGÓGICO DO,https://www2.ufjf.br/fale/wp-content/uploads/sites/205/2025/01/PPC-2023-Licenciatura-em-Letras-UFJF-1.pdf
UFJ,Universidade Federal de Jataí,GO,federal,Pré-requisitos: Ensino de Português: reflexões teórico-pedagógicas,"[""multiletramento"", ""multiletramentos""]",8,223,FACULDADE DE LETRAS PROJETO PEDAGÓGICO DO,https://www2.ufjf.br/fale/wp-content/uploads/sites/205/2025/01/PPC-2023-Licenciatura-em-Letras-UFJF-1.pdf
UFJ,Universidade Federal de Jataí,GO,federal,Pré-requisitos: Literatura de Língua Inglesa I e Literatura de Língua Inglesa II,"[""midia"", ""midias""]",8,130,FACULDADE DE LETRAS PROJETO PEDAGÓGICO DO,https://www2.ufjf.br/fale/wp-content/uploads/sites/205/2025/01/PPC-2023-Licenciatura-em-Letras-UFJF-1.pdf
UFJ,Universidade Federal de Jataí,GO,federal,Pré-requisitos: Não há,"[""midia"", ""midias""]",8,194,FACULDADE DE LETRAS PROJETO PEDAGÓGICO DO,https://www2.ufjf.br/fale/wp-content/uploads/sites/205/2025/01/PPC-2023-Licenciatura-em-Letras-UFJF-1.pdf
UFJ,Universidade Federal de Jataí,GO,federal,Oficina de Estudos Literários: literatura e intermidialidades,"[""midia""]",7,48,FACULDADE DE LETRAS PROJETO PEDAGÓGICO DO,https://www2.ufjf.br/fale/wp-content/uploads/sites/205/2025/01/PPC-2023-Licenciatura-em-Letras-UFJF-1.pdf
UFJ,Universidade Federal de Jataí,GO,federal,Oficina de Línguas Estrangeiras: revisão e editoração digital,"[""digital""]",7,50,FACULDADE DE LETRAS PROJETO PEDAGÓGICO DO,https://www2.ufjf.br/fale/wp-content/uploads/sites/205/2025/01/PPC-2023-Licenciatura-em-Letras-UFJF-1.pdf
UFJ,Universidade Federal de Jataí,GO,federal,Tópicos em Estudos Linguísticos: Linguística de Corpus e Computacional LEC050 Linguística I,"[""computacional"", ""corpus""]",7,65,FACULDADE DE LETRAS PROJETO PEDAGÓGICO DO,https://www2.ufjf.br/fale/wp-content/uploads/sites/205/2025/01/PPC-2023-Licenciatura-em-Letras-UFJF-1.pdf
UFJ,Universidade Federal de Jataí,GO,federal,Novas Tecnologias no Ensino de Língua,"[""tecnologia"", ""tecnologias""]",6,94,FACULDADE DE LETRAS PROJETO PEDAGÓGICO DO,https://www2.ufjf.br/fale/wp-content/uploads/sites/205/2025/01/PPC-2023-Licenciatura-em-Letras-UFJF-1.pdf
UFJ,Universidade Federal de Jataí,GO,federal,Novas Tecnologias no Ensino de Línguas,"[""tecnologia"", ""tecnologias""]",6,92,FACULDADE DE LETRAS PROJETO PEDAGÓGICO DO,https://www2.ufjf.br/fale/wp-content/uploads/sites/205/2025/01/PPC-2023-Licenciatura-em-Letras-UFJF-1.pdf
UFJ,Universidade Federal de Jataí,GO,federal,Oficina de Línguas Estrangeiras: reflexões sobre mídias e letramentos sob a perspectiva,"[""midia"", ""midias""]",6,194,FACULDADE DE LETRAS PROJETO PEDAGÓGICO DO,https://www2.ufjf.br/fale/wp-content/uploads/sites/205/2025/01/PPC-2023-Licenciatura-em-Letras-UFJF-1.pdf
UFJ,Universidade Federal de Jataí,GO,federal,Tópicos em Estudos Linguísticos: Linguística de Corpus e Computacional,"[""computacional"", ""corpus""]",6,226,FACULDADE DE LETRAS PROJETO PEDAGÓGICO DO,https://www2.ufjf.br/fale/wp-content/uploads/sites/205/2025/01/PPC-2023-Licenciatura-em-Letras-UFJF-1.pdf
UFJ,Universidade Federal de Jataí,GO,federal,Oficina de Estudos Linguísticos: Tecnologia,"[""tecnologia""]",5,48,FACULDADE DE LETRAS PROJETO PEDAGÓGICO DO,https://www2.ufjf.br/fale/wp-content/uploads/sites/205/2025/01/PPC-2023-Licenciatura-em-Letras-UFJF-1.pdf
UFJ,Universidade Federal de Jataí,GO,federal,Linguísticos: Linguística de Corpus e Computacional,"[""computacional"", ""corpus""]",4,48,FACULDADE DE LETRAS PROJETO PEDAGÓGICO DO,https://www2.ufjf.br/fale/wp-content/uploads/sites/205/2025/01/PPC-2023-Licenciatura-em-Letras-UFJF-1.pdf
UFJF,Universidade Federal de Juiz de Fora,MG,federal,Pré-requisitos: Não há,"[""tecnologia"", ""tecnologias"", ""tecnologias da informacao e comunicacao"", ""tecnologias digitais""]",12,168,Licenciatura em Letras - Integral - Faculdade de Letras (anexo),https://www2.ufjf.br/fale/wp-content/uploads/sites/205/2023/03/Final_PPC_2023.pdf
UFJF,Universidade Federal de Juiz de Fora,MG,federal,Pré-requisitos: Inglês III,"[""midia"", ""midias"", ""midias digitais""]",10,146,Licenciatura em Letras - Integral - Faculdade de Letras (anexo),https://www2.ufjf.br/fale/wp-content/uploads/sites/205/2023/03/Final_PPC_2023.pdf
UFJF,Universidade Federal de Juiz de Fora,MG,federal,Novas tecnologias no Ensino de L íngua,"[""tecnologia"", ""tecnologias""]",9,59,Licenciatura em Letras - Integral - Faculdade de Letras (anexo),https://www2.ufjf.br/fale/wp-content/uploads/sites/205/2023/03/Final_PPC_2023.pdf
UFJF,Universidade Federal de Juiz de Fora,MG,federal,Novas Tecnologias no Ensino  4,"[""tecnologia"", ""tecnologias""]",8,69,Licenciatura em Letras - Integral - Faculdade de Letras (anexo),https://www2.ufjf.br/fale/wp-content/uploads/sites/205/2023/03/Final_PPC_2023.pdf
UFJF,Universidade Federal de Juiz de Fora,MG,federal,Pré-requisitos: Inglês IV,"[""tecnologia"", ""tecnologias""]",8,194,Licenciatura em Letras - Integral - Faculdade de Letras (anexo),https://www2.ufjf.br/fale/wp-content/uploads/sites/205/2023/03/Final_PPC_2023.pdf
UFJF,Universidade Federal de Juiz de Fora,MG,federal,Pré-requisitos: LEC,"[""computacional"", ""corpus""]",8,230,Licenciatura em Letras - Integral - Faculdade de Letras (anexo),https://www2.ufjf.br/fale/wp-content/uploads/sites/205/2023/03/Final_PPC_2023.pdf
UFJF,Universidade Federal de Juiz de Fora,MG,federal,Tópicos em Estudos Linguísticos: Linguística de Corpus e Computacional,"[""computacional"", ""corpus""]",7,68,Licenciatura em Letras - Integral - Faculdade de Letras (anexo),https://www2.ufjf.br/fale/wp-content/uploads/sites/205/2023/03/Final_PPC_2023.pdf
UFJF,Universidade Federal de Juiz de Fora,MG,federal,Linguística de Corpus e Computacional,"[""computacional"", ""corpus""]",6,50,Licenciatura em Letras - Integral - Faculdade de Letras (anexo),https://www2.ufjf.br/fale/wp-content/uploads/sites/205/2023/03/Final_PPC_2023.pdf
UFJF,Universidade Federal de Juiz de Fora,MG,federal,Novas Tecnologias no Ensino de Línguas Estrangeiras,"[""tecnologia"", ""tecnologias""]",6,95,Licenciatura em Letras - Integral - Faculdade de Letras (anexo),https://www2.ufjf.br/fale/wp-content/uploads/sites/205/2023/03/Final_PPC_2023.pdf
UFJF,Universidade Federal de Juiz de Fora,MG,federal,Oficina de Estudos Literários: literatura e intermidialidades,"[""midia""]",5,50,Licenciatura em Letras - Integral - Faculdade de Letras (anexo),https://www2.ufjf.br/fale/wp-content/uploads/sites/205/2023/03/Final_PPC_2023.pdf
UFJF,Universidade Federal de Juiz de Fora,MG,federal,Oficina de Línguas Estrangeiras: revisão e editoração digital,"[""digital""]",5,52,Licenciatura em Letras - Integral - Faculdade de Letras (anexo),https://www2.ufjf.br/fale/wp-content/uploads/sites/205/2023/03/Final_PPC_2023.pdf
UFJF,Universidade Federal de Juiz de Fora,MG,federal,Novas Tecnologias no Ensino,"[""tecnologia"", ""tecnologias""]",4,72,Licenciatura em Letras - Integral - Faculdade de Letras (anexo),https://www2.ufjf.br/fale/wp-content/uploads/sites/205/2023/03/Final_PPC_2023.pdf
UFJF,Universidade Federal de Juiz de Fora,MG,federal,Oficina de Línguas Estrangeiras: linguística de corpus aplicada ao ensino,"[""corpus""]",4,195,Licenciatura em Letras - Integral - Faculdade de Letras (anexo),https://www2.ufjf.br/fale/wp-content/uploads/sites/205/2023/03/Final_PPC_2023.pdf
UFJF,Universidade Federal de Juiz de Fora,MG,federal,Tecnologias no Ensino de LE (ACE),"[""tecnologia"", ""tecnologias""]",4,366,Licenciatura em Letras - Integral - Faculdade de Letras (anexo),https://www2.ufjf.br/fale/wp-content/uploads/sites/205/2023/03/Final_PPC_2023.pdf
UFJF,Universidade Federal de Juiz de Fora,MG,federal,Tecnologias no Ensino de Línguas,"[""tecnologia"", ""tecnologias""]",4,369,Licenciatura em Letras - Integral - Faculdade de Letras (anexo),https://www2.ufjf.br/fale/wp-content/uploads/sites/205/2023/03/Final_PPC_2023.pdf
UFLA,Universidade Federal de Lavras,MG,federal,Tecnologias de Informação e Comunicação,"[""tecnologia"", ""tecnologias""]",7,151,PROJETO PEDAGÓGICO DO CURSO DE LETRAS PORTUGUES/INGLÊS E SUAS ...,https://faelch.ufla.br/images/projetopedagogico/_PPC_LETRAS_PORTUGUES_INGLES_2023_VERSAO_FINAL_20_DE_SET_2023.pdf
UFLA,Universidade Federal de Lavras,MG,federal,Aulas online,"[""online""]",4,1,Letras Português - Universidade Federal de Lavras,https://deab.ufla.br/graduacao/letras-portugues
UFLA,Universidade Federal de Lavras,MG,federal,Programação,"[""programacao""]",4,1,Letras - Português e suas Licenciaturas - proeec.ufla.br,https://proeec.ufla.br/portasabertas/lista-de-cursos/lavras/letras-portugues-e-suas-licenciaturas
UFMA,Universidade Federal do Maranhão,MA,federal,Fundamentos da Educação a Distância,"[""ambiente virtual de aprendizagem"", ""ava"", ""ead"", ""educacao a distancia"", ""tecnologia"", ""tecnologias"", ""tecnologias da informacao e comunicacao"", ""tic"", ""virtual""]",22,59,UNIVERSIDADE FEDERAL DO MARANHÃO PRÓ-REITORIA DE ENSINO ...,https://portalpadrao.ufma.br/dted/documentos/arquivos/ppc-letras-lingua-portuguesa-e-libras-novo-rotulo-1.pdf
UFMA,Universidade Federal do Maranhão,MA,federal,ESTÁGIO SUPERVISIONADO IV,"[""tecnologia"", ""tecnologias"", ""tecnologica""]",10,83,PROJETO POLÍTICO PEDAGÓGICO DO CURSO DE LICENCIATURA EM ...,https://portalpadrao.ufma.br/proen/daesp/parfor/projetos-dos-cursos-parfor/ppc-letras-portugues-parfor.pdf
UFMA,Universidade Federal do Maranhão,MA,federal,Didática,"[""tecnologia"", ""tecnologias""]",8,74,UNIVERSIDADE FEDERAL DO MARANHÃO PRÓ-REITORIA DE ENSINO ...,https://portalpadrao.ufma.br/dted/documentos/arquivos/ppc-letras-lingua-portuguesa-e-libras-novo-rotulo-1.pdf
UFMA,Universidade Federal do Maranhão,MA,federal,Escrita de Sinais III,"[""tecnologia"", ""tecnologica""]",8,97,UNIVERSIDADE FEDERAL DO MARANHÃO PRÓ-REITORIA DE ENSINO ...,https://portalpadrao.ufma.br/dted/documentos/arquivos/ppc-letras-lingua-portuguesa-e-libras-novo-rotulo-1.pdf
UFMA,Universidade Federal do Maranhão,MA,federal,LIBRAS,"[""tecnologia"", ""tecnologias""]",8,62,PROJETO POLÍTICO PEDAGÓGICO DO CURSO DE LICENCIATURA EM ...,https://portalpadrao.ufma.br/proen/daesp/parfor/projetos-dos-cursos-parfor/ppc-letras-portugues-parfor.pdf
UFMA,Universidade Federal do Maranhão,MA,federal,METODOLOGIA DE ENSINO DE LÍNGUA PORTUGUESA I,"[""tecnologia"", ""tecnologias""]",8,41,CURSO DE LETRAS,https://portalpadrao.ufma.br/bacabal/arquivos/copy_of_PPC2017Letras.pdf
UFMA,Universidade Federal do Maranhão,MA,federal,METODOLOGIA DO ENSINO DE LITERATURA II,"[""tecnologia"", ""tecnologias""]",8,77,PROJETO POLÍTICO PEDAGÓGICO DO CURSO DE LICENCIATURA EM ...,https://portalpadrao.ufma.br/proen/daesp/parfor/projetos-dos-cursos-parfor/ppc-letras-portugues-parfor.pdf
UFMA,Universidade Federal do Maranhão,MA,federal,PESQUISA EM LETRAS I,"[""tecnologia"", ""tecnologias""]",8,57,CURSO DE LETRAS,https://portalpadrao.ufma.br/bacabal/arquivos/copy_of_PPC2017Letras.pdf
UFMA,Universidade Federal do Maranhão,MA,federal,PROJETO DE TRABALHO DE CONCLUSÃO DE CURSO,"[""corpus"", ""informatica""]",8,36,CURSO DE LETRAS - Universidade Federal do Maranhão,http://www.ufma.br/portalUFMA/arquivo/R7rWU3XUVEaSuiV.pdf
UFMA,Universidade Federal do Maranhão,MA,federal,Estágio Supervisionado I - Libras,"[""programacao""]",6,87,UNIVERSIDADE FEDERAL DO MARANHÃO PRÓ-REITORIA DE ENSINO ...,https://portalpadrao.ufma.br/dted/documentos/arquivos/ppc-letras-lingua-portuguesa-e-libras-novo-rotulo-1.pdf
UFMA,Universidade Federal do Maranhão,MA,federal,Estágio Supervisionado I - Língua Portuguesa,"[""programacao""]",6,81,UNIVERSIDADE FEDERAL DO MARANHÃO PRÓ-REITORIA DE ENSINO ...,https://portalpadrao.ufma.br/dted/documentos/arquivos/ppc-letras-lingua-portuguesa-e-libras-novo-rotulo-1.pdf
UFMA,Universidade Federal do Maranhão,MA,federal,Expressões Faciais e Corporais,"[""corpora""]",6,100,UNIVERSIDADE FEDERAL DO MARANHÃO PRÓ-REITORIA DE ENSINO ...,https://portalpadrao.ufma.br/dted/documentos/arquivos/ppc-letras-lingua-portuguesa-e-libras-novo-rotulo-1.pdf
UFMA,Universidade Federal do Maranhão,MA,federal,Gêneros textuais na mídia digital,"[""digital"", ""midia""]",6,46,CURSO DE LETRAS - Universidade Federal do Maranhão,http://www.ufma.br/portalUFMA/arquivo/R7rWU3XUVEaSuiV.pdf
UFMA,Universidade Federal do Maranhão,MA,federal,PSICOLINGUÍSTICA,"[""programacao""]",6,61,CURSO DE LETRAS,https://portalpadrao.ufma.br/bacabal/arquivos/copy_of_PPC2017Letras.pdf
UFMA,Universidade Federal do Maranhão,MA,federal,Tradução de/para Libras II,"[""tecnologia""]",6,85,UNIVERSIDADE FEDERAL DO MARANHÃO PRÓ-REITORIA DE ENSINO ...,https://portalpadrao.ufma.br/dted/documentos/arquivos/ppc-letras-lingua-portuguesa-e-libras-novo-rotulo-1.pdf
UFMA,Universidade Federal do Maranhão,MA,federal,TÓPICOS DE LINGUÍSTICA,"[""virtual""]",6,76,PROJETO POLÍTICO PEDAGÓGICO DO CURSO DE LICENCIATURA EM ...,https://portalpadrao.ufma.br/proen/daesp/parfor/projetos-dos-cursos-parfor/ppc-letras-portugues-parfor.pdf
UFMA,Universidade Federal do Maranhão,MA,federal,TÓPICOS ESPECIAIS EM LINGUÍSTICA I,"[""virtual""]",6,35,CURSO DE LETRAS - Universidade Federal do Maranhão,http://www.ufma.br/portalUFMA/arquivo/R7rWU3XUVEaSuiV.pdf
UFMA,Universidade Federal do Maranhão,MA,federal,Cursos de Graduação EaD,"[""ead""]",4,1,Capa — Superintendência de Tecnologias na Educação,https://portalpadrao.ufma.br/dted/conhecendo-a-sted/cursos-uab/licenciatura-letras-portugues
UFMA,Universidade Federal do Maranhão,MA,federal,"EaD, são eles","[""ead""]",4,41,UNIVERSIDADE FEDERAL DO MARANHÃO PRÓ-REITORIA DE ENSINO ...,https://portalpadrao.ufma.br/dted/documentos/arquivos/ppc-letras-lingua-portuguesa-e-libras-novo-rotulo-1.pdf
UFMA,Universidade Federal do Maranhão,MA,federal,Fundamentos da Educação a Distância Francimary,"[""educacao a distancia""]",4,55,UNIVERSIDADE FEDERAL DO MARANHÃO PRÓ-REITORIA DE ENSINO ...,https://portalpadrao.ufma.br/dted/documentos/arquivos/ppc-letras-lingua-portuguesa-e-libras-novo-rotulo-1.pdf
UFMA,Universidade Federal do Maranhão,MA,federal,Informática Aplicada à Educação,"[""informatica""]",4,24,PPC LETRAS VIGENTE.doc - Universidade Federal do Maranhão,http://www.ufma.br/portalUFMA/arquivo/XQnoKT5HsUme8L9.pdf
UFMA,Universidade Federal do Maranhão,MA,federal,Informática aplicada à Educação 30 _ 1,"[""informatica""]",4,15,PPC LETRAS VIGENTE.doc - Universidade Federal do Maranhão,http://www.ufma.br/portalUFMA/arquivo/XQnoKT5HsUme8L9.pdf
UFMA,Universidade Federal do Maranhão,MA,federal,Tecnologias de Informação e Comunicação,"[""tecnologia"", ""tecnologias""]",4,15,CURSO DE LETRAS - Universidade Federal do Maranhão,http://www.ufma.br/portalUFMA/arquivo/R7rWU3XUVEaSuiV.pdf
UFMA,Universidade Federal do Maranhão,MA,federal,Tecnologias na Educação e Acessibilidade,"[""tecnologia"", ""tecnologias""]",4,42,UNIVERSIDADE FEDERAL DO MARANHÃO PRÓ-REITORIA DE ENSINO ...,https://portalpadrao.ufma.br/dted/documentos/arquivos/ppc-letras-lingua-portuguesa-e-libras-novo-rotulo-1.pdf
UFMG,Universidade Federal de Minas Gerais,MG,federal,Recursos tecnológicos aplicados ao ensino,"[""recursos tecnologicos"", ""tecnologico""]",9,2,60 1 O X NE A AS BR AS-LI R ET L DE O S R CU DO R A UL C I R ...,https://libras.letras.ufmg.br/images/documentos/matriz_curricular_1.pdf
UFMG,Universidade Federal de Minas Gerais,MG,federal,"Teoria da Literatura, outras Artes e Mídias – LIT","[""midia"", ""midias""]",6,1,Microsoft Word - Disciplinas_Ementas_Basicas_ATUAIS,https://poslit.letras.ufmg.br/arquivos/disciplinas/Disciplinas_Ementas_Basicas_TLLC.pdf
UFMG,Universidade Federal de Minas Gerais,MG,federal,Computadores,"[""computador""]",5,53,UNIVERSIDADE FEDERAL DE MINAS GERAIS FACULDADE DE LETRAS,https://grad.letras.ufmg.br/arquivos/projeto_pedagogico_bacharelado_14_06.pdf
UFMG,Universidade Federal de Minas Gerais,MG,federal,PLANO DE ENSINO REMOTO EMERGENCIAL (COVID-19),"[""ensino remoto""]",4,1,Colegiado de Graduação da Faculdade de Letras da UFMG ...,https://grad.letras.ufmg.br/o-curso-de-letras/projeto-pedagogico-arquivos-parciais/4-+As+Matrizes+Curriculares+da+FALE.pdf
UFMG,Universidade Federal de Minas Gerais,MG,federal,Sugestão de cursos online,"[""online""]",4,1,Colegiado de Graduação da Faculdade de Letras da UFMG ...,https://grad.letras.ufmg.br/o-curso-de-letras/projeto-pedagogico-arquivos-parciais/4-+As+Matrizes+Curriculares+da+FALE.pdf
UFMS,Universidade Federal de Mato Grosso do Sul,MS,federal,"Educação, Mídias e Tecnologias","[""midia"", ""midias"", ""tecnologia"", ""tecnologias""]",8,28,Projeto Pedagógico - Federal University of Mato Grosso do Sul,https://agead.ufms.br/files/2022/12/PPC-CGL-LETRAS-PE.pdf
UFMS,Universidade Federal de Mato Grosso do Sul,MS,federal,Metodologias Ativas e Tecnologias Digitais,"[""tecnologia"", ""tecnologias"", ""tecnologias digitais""]",8,30,Projeto Pedagógico - Federal University of Mato Grosso do Sul,https://agead.ufms.br/files/2022/12/PPC-CGL-LETRAS-PE.pdf
UFMS,Universidade Federal de Mato Grosso do Sul,MS,federal,Tecnologia em Gestão de Mídias Sociais Digitais,"[""midia"", ""midias"", ""midias sociais"", ""tecnologia""]",8,1,» Licenciatura em Letras – Português/Espanhol,https://agead.ufms.br/licenciatura-em-letras-portugues-espanhol-uab/
UFMS,Universidade Federal de Mato Grosso do Sul,MS,federal,Tecnologias Digitais e Ensino de Língua Estrangeira,"[""tecnologia"", ""tecnologias"", ""tecnologias digitais""]",6,29,Projeto Pedagógico - cptl.ufms.br,https://cptl.ufms.br/files/2024/10/PPC-Curso-de-Letras-PortuguesEspanhol.pdf
UFMS,Universidade Federal de Mato Grosso do Sul,MS,federal,Tecnologias Digitais e Ensino de Línguas,"[""tecnologia"", ""tecnologias"", ""tecnologias digitais""]",6,29,Projeto Pedagógico - cptl.ufms.br,https://cptl.ufms.br/files/2024/10/PPC-Curso-de-Letras-PortuguesEspanhol.pdf
UFMS,Universidade Federal de Mato Grosso do Sul,MS,federal,Agead – Setor 2 – Bloco 6 – Complexo EaD e Escola de Extensão,"[""ead""]",4,1,» Licenciatura em Letras – Português/Espanhol,https://agead.ufms.br/licenciatura-em-letras-portugues-espanhol-uab/
UFMS,Universidade Federal de Mato Grosso do Sul,MS,federal,"Alegre Ser - Sagah 2018 1 Recurso Online Isbn 9788595026483. Kirchof, Edgar","[""online""]",4,58,Projeto Pedagógico - Federal University of Mato Grosso do Sul,https://agead.ufms.br/files/2022/12/PPC-CGL-LETRAS-PE.pdf
UFMS,Universidade Federal de Mato Grosso do Sul,MS,federal,Alegre Ser - Sagah 2018 1 Recurso Online Isbn 9788595026483. Organizador Pedro,"[""online""]",4,58,Projeto Pedagógico - Federal University of Mato Grosso do Sul,https://agead.ufms.br/files/2022/12/PPC-CGL-LETRAS-PE.pdf
UFMS,Universidade Federal de Mato Grosso do Sul,MS,federal,"Alegre: Penso, 2014. 1 Recurso Online. Isbn 9788584290154","[""online""]",4,54,Projeto Pedagógico - Federal University of Mato Grosso do Sul,https://agead.ufms.br/files/2022/12/PPC-CGL-LETRAS-PE.pdf
UFMS,Universidade Federal de Mato Grosso do Sul,MS,federal,Alemão. 2. São Paulo Autêntica 2011 1 Recurso Online Isbn 9788582172865,"[""online""]",4,58,Projeto Pedagógico - Federal University of Mato Grosso do Sul,https://agead.ufms.br/files/2022/12/PPC-CGL-LETRAS-PE.pdf
UFMS,Universidade Federal de Mato Grosso do Sul,MS,federal,Alfabetização Midiática e Informacional: Currículo para Formação de Professores,"[""midia""]",4,37,Projeto Pedagógico - Federal University of Mato Grosso do Sul,https://agead.ufms.br/files/2022/12/PPC-CGL-LETRAS-PE.pdf
UFMS,Universidade Federal de Mato Grosso do Sul,MS,federal,"Autêntica 2010 1 Recurso Online Isbn 9788582170953. Barreto, Lima. Box - Lima","[""online""]",4,49,Projeto Pedagógico - Federal University of Mato Grosso do Sul,https://agead.ufms.br/files/2022/12/PPC-CGL-LETRAS-PE.pdf
UFMS,Universidade Federal de Mato Grosso do Sul,MS,federal,Cultura da Aprendizagem. Porto Alegre Artmed 2015 1 Recurso Online Isbn,"[""online""]",4,35,Projeto Pedagógico - Federal University of Mato Grosso do Sul,https://agead.ufms.br/files/2022/12/PPC-CGL-LETRAS-PE.pdf
UFMS,Universidade Federal de Mato Grosso do Sul,MS,federal,EAD e Sistemas de Informação da Ufms,"[""ead""]",4,28,Projeto Pedagógico - Federal University of Mato Grosso do Sul,https://agead.ufms.br/files/2022/12/PPC-CGL-LETRAS-PE.pdf
UFMS,Universidade Federal de Mato Grosso do Sul,MS,federal,"Jogos, simuladores, programas de computador, apps para celular e laboratórios virtuais;","[""computador""]",4,86,Projeto Pedagógico - cptl.ufms.br,https://cptl.ufms.br/files/2024/10/PPC-Curso-de-Letras-PortuguesEspanhol.pdf
UFMS,Universidade Federal de Mato Grosso do Sul,MS,federal,Juvenil Diálogos Brasil-áfrica. São Paulo Autêntica 2013 1 Recurso Online Isbn,"[""online""]",4,53,Projeto Pedagógico - Federal University of Mato Grosso do Sul,https://agead.ufms.br/files/2022/12/PPC-CGL-LETRAS-PE.pdf
UFMS,Universidade Federal de Mato Grosso do Sul,MS,federal,Learning 2012 1 Recurso Online Isbn 9788522114047,"[""online""]",4,38,Projeto Pedagógico - Federal University of Mato Grosso do Sul,https://agead.ufms.br/files/2022/12/PPC-CGL-LETRAS-PE.pdf
UFMS,Universidade Federal de Mato Grosso do Sul,MS,federal,Leitura e Produção Textual. Porto Alegre Penso 2015 1 Recurso Online Isbn,"[""online""]",4,54,Projeto Pedagógico - Federal University of Mato Grosso do Sul,https://agead.ufms.br/files/2022/12/PPC-CGL-LETRAS-PE.pdf
UFMS,Universidade Federal de Mato Grosso do Sul,MS,federal,Online Isbn 9788595026339. Gramática Histórica da Língua Espanhola. Porto Alegre,"[""online""]",4,46,Projeto Pedagógico - Federal University of Mato Grosso do Sul,https://agead.ufms.br/files/2022/12/PPC-CGL-LETRAS-PE.pdf
UFMS,Universidade Federal de Mato Grosso do Sul,MS,federal,"Online. Isbn 9788524925573.Pozo, Juan Ignácio. Aprendizes e Mestres a Nova","[""online""]",4,35,Projeto Pedagógico - Federal University of Mato Grosso do Sul,https://agead.ufms.br/files/2022/12/PPC-CGL-LETRAS-PE.pdf
UFMS,Universidade Federal de Mato Grosso do Sul,MS,federal,"Paulo Autêntica 2014 1 Recurso Online Isbn 9788582179062. Mendes, Andréia","[""online""]",4,54,Projeto Pedagógico - Federal University of Mato Grosso do Sul,https://agead.ufms.br/files/2022/12/PPC-CGL-LETRAS-PE.pdf
UFMS,Universidade Federal de Mato Grosso do Sul,MS,federal,Pedagógica em Educação a Distância,"[""educacao a distancia""]",4,7,Projeto Pedagógico - Federal University of Mato Grosso do Sul,https://agead.ufms.br/files/2022/12/PPC-CGL-LETRAS-PE.pdf
UFMS,Universidade Federal de Mato Grosso do Sul,MS,federal,Portuguesa na Escola. São Paulo Autêntica 2012 1 Recurso Online Isbn,"[""online""]",4,44,Projeto Pedagógico - Federal University of Mato Grosso do Sul,https://agead.ufms.br/files/2022/12/PPC-CGL-LETRAS-PE.pdf
UFMS,Universidade Federal de Mato Grosso do Sul,MS,federal,Recurso Online Isbn 9788522112654. Fundamentos da Língua Espanhola. Porto,"[""online""]",4,37,Projeto Pedagógico - Federal University of Mato Grosso do Sul,https://agead.ufms.br/files/2022/12/PPC-CGL-LETRAS-PE.pdf
UFMS,Universidade Federal de Mato Grosso do Sul,MS,federal,Recurso Online Isbn 9788536308678,"[""online""]",4,40,Projeto Pedagógico - cptl.ufms.br,https://cptl.ufms.br/files/2024/10/PPC-Curso-de-Letras-PortuguesEspanhol.pdf
UFMS,Universidade Federal de Mato Grosso do Sul,MS,federal,Recurso Online Isbn 9788595026339. Gramática Histórica da Língua Espanhola,"[""online""]",4,43,Projeto Pedagógico - Federal University of Mato Grosso do Sul,https://agead.ufms.br/files/2022/12/PPC-CGL-LETRAS-PE.pdf
UFMS,Universidade Federal de Mato Grosso do Sul,MS,federal,"Recurso Online. Isbn 9786581492670.Solé, Isabel. Estratégias de Leitura. 6. Porto","[""online""]",4,54,Projeto Pedagógico - Federal University of Mato Grosso do Sul,https://agead.ufms.br/files/2022/12/PPC-CGL-LETRAS-PE.pdf
UFMS,Universidade Federal de Mato Grosso do Sul,MS,federal,Recurso Online. Isbn 9788536308678,"[""online""]",4,40,Projeto Pedagógico - cptl.ufms.br,https://cptl.ufms.br/files/2024/10/PPC-Curso-de-Letras-PortuguesEspanhol.pdf
UFMS,Universidade Federal de Mato Grosso do Sul,MS,federal,Seminários temáticos online,"[""online""]",4,21,Projeto Pedagógico - Federal University of Mato Grosso do Sul,https://agead.ufms.br/files/2022/12/PPC-CGL-LETRAS-PE.pdf
UFMS,Universidade Federal de Mato Grosso do Sul,MS,federal,Tecnologia em Gestão de Serviços Jurídicos e Notariais,"[""tecnologia""]",4,1,» Licenciatura em Letras – Português/Espanhol,https://agead.ufms.br/licenciatura-em-letras-portugues-espanhol-uab/
UFMS,Universidade Federal de Mato Grosso do Sul,MS,federal,Tecnologia em Processos Gerenciais,"[""tecnologia""]",4,1,» Licenciatura em Letras – Português/Espanhol,https://agead.ufms.br/licenciatura-em-letras-portugues-espanhol-uab/
UFMS,Universidade Federal de Mato Grosso do Sul,MS,federal,"Trabalhos em Linguística Aplicada [Online]. 2017, V. 56, N. 03 [Acessado 5","[""online""]",4,54,Projeto Pedagógico - Federal University of Mato Grosso do Sul,https://agead.ufms.br/files/2022/12/PPC-CGL-LETRAS-PE.pdf
UFNT,Universidade Federal do Norte do Tocantins,TO,federal,EDUCAÇÃO E TECNOLOGIAS CONTEMPORÂNEAS,"[""cibercultura"", ""corpora"", ""digital"", ""educacao a distancia"", ""midia"", ""midias"", ""online"", ""tecnologia"", ""tecnologias""]",22,108,UNIVERSIDADE FEDERAL DO TOCANTINS - sistemas.ufnt.edu.br:5001,https://sistemas.ufnt.edu.br:5001/sau/none/files?path=./PROGRAD/Diretoria+de+Regulação+e+Avaliação+da+Graduação/PPCs+dos+Cursos/PPC+Letras+Português+(licenciatura)+UFNT.pdf
UFNT,Universidade Federal do Norte do Tocantins,TO,federal,HIPERTEXTO E ENSINO,"[""cultura digital"", ""digital"", ""hipertexto"", ""midia"", ""midias"", ""tecnologia"", ""tecnologias"", ""tecnologica""]",20,115,UNIVERSIDADE FEDERAL DO TOCANTINS - sistemas.ufnt.edu.br:5001,https://sistemas.ufnt.edu.br:5001/sau/none/files?path=./PROGRAD/Diretoria+de+Regulação+e+Avaliação+da+Graduação/PPCs+dos+Cursos/PPC+Letras+Português+(licenciatura)+UFNT.pdf
UFNT,Universidade Federal do Norte do Tocantins,TO,federal,HISTÓRIA DAS IDEIAS LINGUÍSTICAS,"[""tecnologia"", ""tecnologias"", ""tecnologica""]",10,117,UNIVERSIDADE FEDERAL DO TOCANTINS - sistemas.ufnt.edu.br:5001,https://sistemas.ufnt.edu.br:5001/sau/none/files?path=./PROGRAD/Diretoria+de+Regulação+e+Avaliação+da+Graduação/PPCs+dos+Cursos/PPC+Letras+Português+(licenciatura)+UFNT.pdf
UFNT,Universidade Federal do Norte do Tocantins,TO,federal,Hipertexto. Escrita colaborativa. Práticas docentes e tecnologias digitais . Produção de material,"[""hipertexto"", ""tecnologia"", ""tecnologias"", ""tecnologias digitais""]",10,78,UNIVERSIDADE FEDERAL DO TOCANTINS - sistemas.ufnt.edu.br:5001,https://sistemas.ufnt.edu.br:5001/sau/none/files?path=./PROGRAD/Diretoria+de+Regulação+e+Avaliação+da+Graduação/PPCs+dos+Cursos/PPC+Letras+Português+(licenciatura)+UFNT.pdf
UFNT,Universidade Federal do Norte do Tocantins,TO,federal,LINGUAGEM E TECNOLOGIA,"[""tecnologia"", ""tecnologica""]",8,111,UNIVERSIDADE FEDERAL DO TOCANTINS - sistemas.ufnt.edu.br:5001,https://sistemas.ufnt.edu.br:5001/sau/none/files?path=./PROGRAD/Diretoria+de+Regulação+e+Avaliação+da+Graduação/PPCs+dos+Cursos/PPC+Letras+Português+(licenciatura)+UFNT.pdf
UFNT,Universidade Federal do Norte do Tocantins,TO,federal,LÍNGUA PORTUGUESA E LITERATURAS IV,"[""midia"", ""midias""]",8,101,UNIVERSIDADE FEDERAL DO TOCANTINS - sistemas.ufnt.edu.br:5001,https://sistemas.ufnt.edu.br:5001/sau/none/files?path=./PROGRAD/Diretoria+de+Regulação+e+Avaliação+da+Graduação/PPCs+dos+Cursos/PPC+Letras+Português+(licenciatura)+UFNT.pdf
UFNT,Universidade Federal do Norte do Tocantins,TO,federal,"Alfabetização, letramento, multiletramentos","[""multiletramento"", ""multiletramentos""]",6,98,"Av. Paraguai, s/n, esq. Rua Uxiramas | 77824-838 | Araguaína ...",https://sistemas.ufnt.edu.br:5001/sau/none/files?path=./PROGRAD/Diretoria+de+Regulação+e+Avaliação+da+Graduação/PPCs+dos+Cursos/PPC+Letras+-+Língua+Portuguesa+2026+CCI+(licenciatura).pdf
UFNT,Universidade Federal do Norte do Tocantins,TO,federal,DIDÁTICA,"[""recursos digitais""]",6,79,UNIVERSIDADE FEDERAL DO TOCANTINS - sistemas.ufnt.edu.br:5001,https://sistemas.ufnt.edu.br:5001/sau/none/files?path=./PROGRAD/Diretoria+de+Regulação+e+Avaliação+da+Graduação/PPCs+dos+Cursos/PPC+Letras+Português+(licenciatura)+UFNT.pdf
UFNT,Universidade Federal do Norte do Tocantins,TO,federal,HISTÓRIA DE LÍNGUA PORTUGUESA,"[""recursos digitais""]",6,90,UNIVERSIDADE FEDERAL DO TOCANTINS - sistemas.ufnt.edu.br:5001,https://sistemas.ufnt.edu.br:5001/sau/none/files?path=./PROGRAD/Diretoria+de+Regulação+e+Avaliação+da+Graduação/PPCs+dos+Cursos/PPC+Letras+Português+(licenciatura)+UFNT.pdf
UFNT,Universidade Federal do Norte do Tocantins,TO,federal,LINGUÍSTICA APLICADA,"[""tecnologia""]",6,122,UNIVERSIDADE FEDERAL DO TOCANTINS - sistemas.ufnt.edu.br:5001,https://sistemas.ufnt.edu.br:5001/sau/none/files?path=./PROGRAD/Diretoria+de+Regulação+e+Avaliação+da+Graduação/PPCs+dos+Cursos/PPC+Letras+Português+(licenciatura)+UFNT.pdf
UFNT,Universidade Federal do Norte do Tocantins,TO,federal,TRABALHO DE CONCLUSÃO DE CURSO II,"[""corpus""]",6,104,UNIVERSIDADE FEDERAL DO TOCANTINS - sistemas.ufnt.edu.br:5001,https://sistemas.ufnt.edu.br:5001/sau/none/files?path=./PROGRAD/Diretoria+de+Regulação+e+Avaliação+da+Graduação/PPCs+dos+Cursos/PPC+Letras+Português+(licenciatura)+UFNT.pdf
UFNT,Universidade Federal do Norte do Tocantins,TO,federal,Tecnologias de Informação e Comunicação,"[""tecnologia"", ""tecnologias""]",6,60,UNIVERSIDADE FEDERAL DO TOCANTINS - sistemas.ufnt.edu.br:5001,https://sistemas.ufnt.edu.br:5001/sau/none/files?path=./PROGRAD/Diretoria+de+Regulação+e+Avaliação+da+Graduação/PPCs+dos+Cursos/PPC+Letras+Português+(licenciatura)+UFNT.pdf
UFNT,Universidade Federal do Norte do Tocantins,TO,federal,Aplicada: ensino/aprendizagem de língua materna; educação bilíng ue; linguagem e tecnologia,"[""tecnologia""]",4,122,UNIVERSIDADE FEDERAL DO TOCANTINS - sistemas.ufnt.edu.br:5001,https://sistemas.ufnt.edu.br:5001/sau/none/files?path=./PROGRAD/Diretoria+de+Regulação+e+Avaliação+da+Graduação/PPCs+dos+Cursos/PPC+Letras+Português+(licenciatura)+UFNT.pdf
UFNT,Universidade Federal do Norte do Tocantins,TO,federal,As tecnologias,"[""tecnologia"", ""tecnologias""]",4,55,"Av. Paraguai, s/n, esq. Rua Uxiramas | 77824-838 | Araguaína ...",https://sistemas.ufnt.edu.br:5001/sau/none/files?path=./PROGRAD/Diretoria+de+Regulação+e+Avaliação+da+Graduação/PPCs+dos+Cursos/PPC+Letras+-+Língua+Portuguesa+2026+CCI+(licenciatura).pdf
UFNT,Universidade Federal do Norte do Tocantins,TO,federal,"EaD, os tutores","[""ead""]",4,77,"Av. Paraguai, s/n, esq. Rua Uxiramas | 77824-838 | Araguaína ...",https://sistemas.ufnt.edu.br:5001/sau/none/files?path=./PROGRAD/Diretoria+de+Regulação+e+Avaliação+da+Graduação/PPCs+dos+Cursos/PPC+Letras+-+Língua+Portuguesa+2026+CCI+(licenciatura).pdf
UFNT,Universidade Federal do Norte do Tocantins,TO,federal,"EaD, será","[""ead""]",4,26,"Av. Paraguai, s/n, esq. Rua Uxiramas | 77824-838 | Araguaína ...",https://sistemas.ufnt.edu.br:5001/sau/none/files?path=./PROGRAD/Diretoria+de+Regulação+e+Avaliação+da+Graduação/PPCs+dos+Cursos/PPC+Letras+-+Língua+Portuguesa+2026+CCI+(licenciatura).pdf
UFNT,Universidade Federal do Norte do Tocantins,TO,federal,Educação e Tecnologias,"[""tecnologia"", ""tecnologias""]",4,54,UNIVERSIDADE FEDERAL DO TOCANTINS - sistemas.ufnt.edu.br:5001,https://sistemas.ufnt.edu.br:5001/sau/none/files?path=./PROGRAD/Diretoria+de+Regulação+e+Avaliação+da+Graduação/PPCs+dos+Cursos/PPC+Letras+Português+(licenciatura)+UFNT.pdf
UFNT,Universidade Federal do Norte do Tocantins,TO,federal,Interação e sentido. Corpo e sentido. Uso de recursos digitais,"[""recursos digitais""]",4,98,UNIVERSIDADE FEDERAL DO TOCANTINS - sistemas.ufnt.edu.br:5001,https://sistemas.ufnt.edu.br:5001/sau/none/files?path=./PROGRAD/Diretoria+de+Regulação+e+Avaliação+da+Graduação/PPCs+dos+Cursos/PPC+Letras+Português+(licenciatura)+UFNT.pdf
UFNT,Universidade Federal do Norte do Tocantins,TO,federal,Multimodalidade,"[""multimodal"", ""multimodalidade""]",4,134,"Av. Paraguai, s/n, esq. Rua Uxiramas | 77824-838 | Araguaína ...",https://sistemas.ufnt.edu.br:5001/sau/none/files?path=./PROGRAD/Diretoria+de+Regulação+e+Avaliação+da+Graduação/PPCs+dos+Cursos/PPC+Letras+-+Língua+Portuguesa+2026+CCI+(licenciatura).pdf
UFNT,Universidade Federal do Norte do Tocantins,TO,federal,OBJETIVO GERAL: Conhecer modos de significação da tecnologia em diferentes práticas sociais,"[""tecnologia""]",4,111,UNIVERSIDADE FEDERAL DO TOCANTINS - sistemas.ufnt.edu.br:5001,https://sistemas.ufnt.edu.br:5001/sau/none/files?path=./PROGRAD/Diretoria+de+Regulação+e+Avaliação+da+Graduação/PPCs+dos+Cursos/PPC+Letras+Português+(licenciatura)+UFNT.pdf
UFNT,Universidade Federal do Norte do Tocantins,TO,federal,Tecnologia,"[""tecnologia""]",4,182,"Av. Paraguai, s/n, esq. Rua Uxiramas | 77824-838 | Araguaína ...",https://sistemas.ufnt.edu.br:5001/sau/none/files?path=./PROGRAD/Diretoria+de+Regulação+e+Avaliação+da+Graduação/PPCs+dos+Cursos/PPC+Letras+-+Língua+Portuguesa+2026+CCI+(licenciatura).pdf
UFNT,Universidade Federal do Norte do Tocantins,TO,federal,Tecnologias,"[""tecnologia"", ""tecnologias""]",4,6,"Av. Paraguai, s/n, esq. Rua Uxiramas | 77824-838 | Araguaína ...",https://sistemas.ufnt.edu.br:5001/sau/none/files?path=./PROGRAD/Diretoria+de+Regulação+e+Avaliação+da+Graduação/PPCs+dos+Cursos/PPC+Letras+-+Língua+Portuguesa+2026+CCI+(licenciatura).pdf
UFOP,Universidade Federal de Ouro Preto,MG,federal,Carga horária semanal prática,"[""digital"", ""internet"", ""midia"", ""tecnologia"", ""tecnologias"", ""tecnologica""]",16,173,PROJETO POLÍTICO-PEDAGÓGICO CURSO DE LETRAS ... - UFOP,https://ichs.ufop.br/sites/default/files/ichs/files/ppc_letras_portugues_.pdf?m=1581359193
UFOP,Universidade Federal de Ouro Preto,MG,federal,Educação e Tecnologias,"[""tecnologia"", ""tecnologias""]",7,33,PROJETO POLÍTICO-PEDAGÓGICO CURSO DE LETRAS ... - UFOP,https://ichs.ufop.br/sites/default/files/ichs/files/ppc_letras_portugues_.pdf?m=1581359193
UFOP,Universidade Federal de Ouro Preto,MG,federal,NOVAS E VELHAS TECNOLOGIAS PARA O ENSINO 90/,"[""tecnologia"", ""tecnologias""]",7,3,CURSO DE LETRAS (LICENCIATURA) - 2026/2(currículo 4),https://zeppelin10.ufop.br/SistemaAcademico/MatrizCurricular?codCurso=LTL
UFOP,Universidade Federal de Ouro Preto,MG,federal,Horas,"[""corpora""]",6,189,PROJETO POLÍTICO-PEDAGÓGICO CURSO DE LETRAS ... - UFOP,https://ichs.ufop.br/sites/default/files/ichs/files/ppc_letras_portugues_.pdf?m=1581359193
UFOP,Universidade Federal de Ouro Preto,MG,federal,O impacto de novas tecnologias na produção literária,"[""tecnologia"", ""tecnologias""]",6,82,PROJETO POLÍTICO-PEDAGÓGICO CURSO DE LETRAS ... - UFOP,https://ichs.ufop.br/sites/default/files/ichs/files/ppc_letras_portugues_.pdf?m=1581359193
UFOP,Universidade Federal de Ouro Preto,MG,federal,Principais abordagens sobre linguagem e tecnologia. Relações entre linguagem e tecnologias,"[""tecnologia"", ""tecnologias""]",6,155,PROJETO POLÍTICO-PEDAGÓGICO CURSO DE LETRAS ... - UFOP,https://ichs.ufop.br/sites/default/files/ichs/files/ppc_letras_portugues_.pdf?m=1581359193
UFOP,Universidade Federal de Ouro Preto,MG,federal,Linguagem e Tecnologia,"[""tecnologia""]",5,32,PROJETO POLÍTICO-PEDAGÓGICO CURSO DE LETRAS ... - UFOP,https://ichs.ufop.br/sites/default/files/ichs/files/ppc_letras_portugues_.pdf?m=1581359193
UFOP,Universidade Federal de Ouro Preto,MG,federal,EDUCAÇÃO E TECNOLOGIA,"[""tecnologia""]",4,173,PROJETO POLÍTICO-PEDAGÓGICO CURSO DE LETRAS ... - UFOP,https://ichs.ufop.br/sites/default/files/ichs/files/ppc_letras_portugues_.pdf?m=1581359193
UFOP,Universidade Federal de Ouro Preto,MG,federal,Edirley José da Silva Rodrigues Técnico de Tecnologia da Informação,"[""tecnologia""]",4,19,PROJETO POLÍTICO-PEDAGÓGICO CURSO DE LETRAS ... - UFOP,https://ichs.ufop.br/sites/default/files/ichs/files/ppc_letras_portugues_.pdf?m=1581359193
UFOP,Universidade Federal de Ouro Preto,MG,federal,TÓPICOS EM ESTUDOS DOS MULTILETRAMENTOS,"[""multiletramento"", ""multiletramentos""]",4,10,Código Descrição Carga- Horária Obrigat,https://posletras.ufop.br/sites/default/files/posletras/files/matriz_curricular_-_atualizado.pdf?m=1564417038
UFOP,Universidade Federal de Ouro Preto,MG,federal,Tecnologia e ensino,"[""tecnologia""]",4,155,PROJETO POLÍTICO-PEDAGÓGICO CURSO DE LETRAS ... - UFOP,https://ichs.ufop.br/sites/default/files/ichs/files/ppc_letras_portugues_.pdf?m=1581359193
UFOPA,Universidade Federal do Oeste do Pará,PA,federal,Profissional e Tecnológica; Tecnologias no Ensino Aprendizagem de Língua,"[""tecnologia"", ""tecnologias"", ""tecnologica""]",8,12,PROJETO PEDAGÓGICO DO CURSO DE LICENCIATURA EM LETRAS ...,https://ananindeua.ifpa.edu.br/images/2021/ENSINO/CURSOS/PPC_do_Curso_de_Letras_-_Verso_final_1.pdf
UFOPA,Universidade Federal do Oeste do Pará,PA,federal,CH EAD = Carga Horária de Educação a distância,"[""ead"", ""educacao a distancia""]",6,18,PROJETO PEDAGÓGICO DO CURSO DE LICENCIATURA EM LETRAS ...,https://ananindeua.ifpa.edu.br/images/2021/ENSINO/CURSOS/PPC_do_Curso_de_Letras_-_Verso_final_1.pdf
UFOPA,Universidade Federal do Oeste do Pará,PA,federal,Tecnologias no ensino-aprendizagem de Língua Portuguesa,"[""tecnologia"", ""tecnologias""]",6,81,PROJETO PEDAGÓGICO DO CURSO DE LICENCIATURA EM LETRAS ...,https://ananindeua.ifpa.edu.br/images/2021/ENSINO/CURSOS/PPC_do_Curso_de_Letras_-_Verso_final_1.pdf
UFOPA,Universidade Federal do Oeste do Pará,PA,federal,Tecnologias no ensino/aprendizagem de Língua,"[""tecnologia"", ""tecnologias""]",6,39,PROJETO PEDAGÓGICO DO CURSO DE LICENCIATURA EM LETRAS ...,https://ananindeua.ifpa.edu.br/images/2021/ENSINO/CURSOS/PPC_do_Curso_de_Letras_-_Verso_final_1.pdf
UFOPA,Universidade Federal do Oeste do Pará,PA,federal,BRASIL. Ministério da Educação. ProInfo: Programa Nacional de Tecnologia,"[""tecnologia""]",4,45,PROJETO PEDAGÓGICO DO CURSO DE LICENCIATURA EM LETRAS ...,https://ananindeua.ifpa.edu.br/images/2021/ENSINO/CURSOS/PPC_do_Curso_de_Letras_-_Verso_final_1.pdf
UFOPA,Universidade Federal do Oeste do Pará,PA,federal,Educação Profissional e Tecnológica,"[""tecnologica""]",4,39,PROJETO PEDAGÓGICO DO CURSO DE LICENCIATURA EM LETRAS ...,https://ananindeua.ifpa.edu.br/images/2021/ENSINO/CURSOS/PPC_do_Curso_de_Letras_-_Verso_final_1.pdf
UFOPA,Universidade Federal do Oeste do Pará,PA,federal,"Quanto aos laboratórios de informática do Campus Ananindeua, cada uma dessas","[""informatica""]",4,42,PROJETO PEDAGÓGICO DO CURSO DE LICENCIATURA EM LETRAS ...,https://ananindeua.ifpa.edu.br/images/2021/ENSINO/CURSOS/PPC_do_Curso_de_Letras_-_Verso_final_1.pdf
UFOPA,Universidade Federal do Oeste do Pará,PA,federal,Tecnologias no ensino/aprendizagem de Língua Portuguesa,"[""tecnologia"", ""tecnologias""]",4,19,PROJETO PEDAGÓGICO DO CURSO DE LICENCIATURA EM LETRAS ...,https://ananindeua.ifpa.edu.br/images/2021/ENSINO/CURSOS/PPC_do_Curso_de_Letras_-_Verso_final_1.pdf
UFPA,Universidade Federal do Pará,PA,federal,Recursos Tecnologicos no Ensino de Português (),"[""recursos tecnologicos"", ""tecnologico""]",11,1,UNIVERSIDADE FEDERAL DO PARÁ INSTITUTO DE LETRAS E ... - UFPA,https://fale.ufpa.br/images/pdf/Grade_Curricular_Matutino.pdf
UFPA,Universidade Federal do Pará,PA,federal,Recursos Tecnológicos no Ensino de Português,"[""recursos tecnologicos"", ""tecnologico""]",9,1,Grade curricular do curso de licenciatura em Letras 1o ...,https://fale.ufpa.br/images/pdf/Curso_de_Letras_-_Lngua_Portuguesa_M.pdf
UFPB,Universidade Federal da Paraíba,PB,federal,Extensão: 0,"[""cibercultura"", ""cultura digital"", ""digital"", ""hipertexto"", ""letramento digital"", ""mundo digital""]",16,76,www.ccae.ufpb.br,https://www.ccae.ufpb.br/letras/wp-content/uploads/sites/170/sites/295/2025/04/novo-ppc-de-letras_versao-final.pdf
UFPB,Universidade Federal da Paraíba,PB,federal,TDIC – Tecnologias Digitais de Informação e Comunicação,"[""tdic"", ""tecnologia"", ""tecnologias"", ""tecnologias digitais""]",8,5,www.ccae.ufpb.br,https://www.ccae.ufpb.br/letras/wp-content/uploads/sites/170/sites/295/2025/04/novo-ppc-de-letras_versao-final.pdf
UFPB,Universidade Federal da Paraíba,PB,federal,DIGITAL E ENSINO,"[""digital""]",4,76,www.ccae.ufpb.br,https://www.ccae.ufpb.br/letras/wp-content/uploads/sites/170/sites/295/2025/04/novo-ppc-de-letras_versao-final.pdf
UFPB,Universidade Federal da Paraíba,PB,federal,LINGUÍSTICA COMPUTACIONAL,"[""computacional""]",4,51,www.ccae.ufpb.br,https://www.ccae.ufpb.br/letras/wp-content/uploads/sites/170/sites/295/2025/04/ppc-letras.pdf
UFPE,Universidade Federal de Pernambuco,PE,federal,Pré-requisitos Metodologia de ensino de Língua,"[""tecnologia"", ""tecnologias"", ""tic""]",10,115,PPC - Licenciatura em Letras-Francês UFPE,https://www.ufpe.br/documents/39195/0/PPC+-+LETRAS-FRANCES+-+SETEMBRO+2018.pdf/7197f67c-df2b-4980-af13-1571acfd4461
UFPE,Universidade Federal de Pernambuco,PE,federal,Francesa IV Co-Requisitos Requisitos C.H,"[""tecnologia"", ""tecnologias""]",8,89,PPC - Licenciatura em Letras-Francês UFPE,https://www.ufpe.br/documents/39195/0/PPC+-+LETRAS-FRANCES+-+SETEMBRO+2018.pdf/7197f67c-df2b-4980-af13-1571acfd4461
UFPE,Universidade Federal de Pernambuco,PE,federal,Pré-requisitos Linguística III Co-Requisitos Requisitos C.H,"[""redes sociais""]",6,140,PPC - Licenciatura em Letras-Francês UFPE,https://www.ufpe.br/documents/39195/0/PPC+-+LETRAS-FRANCES+-+SETEMBRO+2018.pdf/7197f67c-df2b-4980-af13-1571acfd4461
UFPE,Universidade Federal de Pernambuco,PE,federal,Requisitos C.H,"[""audiovisual""]",6,111,PPC - Licenciatura em Letras-Francês UFPE,https://www.ufpe.br/documents/39195/0/PPC+-+LETRAS-FRANCES+-+SETEMBRO+2018.pdf/7197f67c-df2b-4980-af13-1571acfd4461
UFPE,Universidade Federal de Pernambuco,PE,federal,"Além disso, os alunos utilizam redes sociais: Faceb ook, Twitter, Blogs, Instagram","[""redes sociais""]",4,74,PPC - Licenciatura em Letras-Francês UFPE,https://www.ufpe.br/documents/39195/0/PPC+-+LETRAS-FRANCES+-+SETEMBRO+2018.pdf/7197f67c-df2b-4980-af13-1571acfd4461
UFPE,Universidade Federal de Pernambuco,PE,federal,Curso de Geografia (Licenciatura - EAD),"[""ead""]",4,1,Curso de Letras (Licenciatura em Espanhol - EAD) - UFPE,https://www.ufpe.br/letras-licenciatura-em-espanhol-ead
UFPE,Universidade Federal de Pernambuco,PE,federal,Curso de Letras (Licenciatura em Espanhol - EAD),"[""ead""]",4,1,Curso de Letras (Licenciatura em Espanhol - EAD) - UFPE,https://www.ufpe.br/letras-licenciatura-em-espanhol-ead
UFPE,Universidade Federal de Pernambuco,PE,federal,Curso de Letras (Licenciatura em Português - EAD),"[""ead""]",4,1,Curso de Letras (Licenciatura em Espanhol - EAD) - UFPE,https://www.ufpe.br/letras-licenciatura-em-espanhol-ead
UFPE,Universidade Federal de Pernambuco,PE,federal,Curso de Letras - Licenciatura em Espanhol (EAD),"[""ead""]",4,1,Curso de Letras (Licenciatura em Espanhol - EAD) - UFPE,https://www.ufpe.br/letras-licenciatura-em-espanhol-ead
UFPE,Universidade Federal de Pernambuco,PE,federal,Curso de Matemática (EAD),"[""ead""]",4,1,Curso de Letras (Licenciatura em Espanhol - EAD) - UFPE,https://www.ufpe.br/letras-licenciatura-em-espanhol-ead
UFPE,Universidade Federal de Pernambuco,PE,federal,"Francês, transpondo todas as barreiras de comunicação interpessoal, escrita e virtual","[""virtual""]",4,69,PPC - Licenciatura em Letras-Francês UFPE,https://www.ufpe.br/documents/39195/0/PPC+-+LETRAS-FRANCES+-+SETEMBRO+2018.pdf/7197f67c-df2b-4980-af13-1571acfd4461
UFPEL,Universidade Federal de Pelotas,RS,federal,Surda,"[""corpora""]",6,130,PROJETO PEDAGÓGICO DO CURSO DE LETRAS,https://wp.ufpel.edu.br/letraslibras/files/2025/12/Projeto-Pedagogico-do-Curso.pdf
UFPEL,Universidade Federal de Pelotas,RS,federal,O AVA/Moodle-Ufpel,"[""ava"", ""moodle""]",4,182,PROJETO PEDAGÓGICO DO CURSO DE LETRAS,https://wp.ufpel.edu.br/letraslibras/files/2025/12/Projeto-Pedagogico-do-Curso.pdf
UFPEL,Universidade Federal de Pelotas,RS,federal,TECNOLOGIAS,"[""tecnologia"", ""tecnologias""]",4,6,PROJETO PEDAGÓGICO DO CURSO DE LETRAS,https://wp.ufpel.edu.br/letraslibras/files/2025/12/Projeto-Pedagogico-do-Curso.pdf
UFPEL,Universidade Federal de Pelotas,RS,federal,Tecnológicas,"[""tecnologica"", ""tecnologicas""]",4,112,PROJETO PEDAGÓGICO DO CURSO DE LETRAS,https://wp.ufpel.edu.br/letraslibras/files/2025/12/Projeto-Pedagogico-do-Curso.pdf
UFPR,Universidade Federal do Paraná,PR,federal,Tecnologias Digitais de Informação e Comunicação,"[""tecnologia"", ""tecnologias"", ""tecnologias digitais""]",6,22,PROJETO PEDAGÓGICO DO CURSO DE LETRAS PORTUGUÊS,https://litoral.ufpr.br/lincom/wp-content/uploads/sites/18/2025/09/PPC_2025.pdf
UFPR,Universidade Federal do Paraná,PR,federal,"I.- Atividades de ensino (monitoria, disciplinas eletivas, oficinas didáticas, educação à distância, entre outras)","[""educacao a distancia""]",4,40,PROJETO PEDAGÓGICO DO CURSO DE BACHARELADO EM LETRAS ...,http://www.humanas.ufpr.br/portal/letrasgraduacao/files/2024/11/PPC__Bac_Letras_Portugues_M-atualizado-temas-transversais.pdf
UFPR,Universidade Federal do Paraná,PR,federal,"Objetivo: Desenvolver e aprofundar interpretações críticas das narrativas midiáticas, tomando como","[""midia""]",4,12,PROJETO PEDAGÓGICO DO CURSO DE LETRAS PORTUGUÊS,https://litoral.ufpr.br/lincom/wp-content/uploads/sites/18/2025/09/PPC_2025.pdf
UFPR,Universidade Federal do Paraná,PR,federal,Publicações literárias e traduções em formato impresso ou digital MÁX,"[""digital""]",4,50,PROJETO PEDAGÓGICO DO CURSO DE LICENCIATURA EM LETRAS ...,https://depac.ufpr.br/wp-content/uploads/2026/01/PPC-Licenc-Portugues-Polones-26.01.2026.pdf
UFPR,Universidade Federal do Paraná,PR,federal,"X. Estabelecer contato com as diferentes instituições, objetivando analisar sua programação, interesse","[""programacao""]",4,39,PROJETO PEDAGÓGICO DO CURSO DE LETRAS PORTUGUÊS,https://litoral.ufpr.br/lincom/wp-content/uploads/sites/18/2025/09/PPC_2025.pdf
UFR,Universidade Federal de Rondonópolis,MT,federal,Total,"[""digital"", ""letramentos digitais"", ""multiletramento"", ""multiletramentos"", ""recursos digitais"", ""recursos tecnologicos"", ""tecnologia"", ""tecnologias"", ""tecnologias digitais"", ""tecnologica"", ""tecnologico"", ""virtual""]",28,77,https://ufr.edu.br/portal/wp-content/uploads/2020/01/PPC_2023_25_10_2023_15h54-92e4126339ce4baa83a9b226f7ee5b0c.pdf,https://ufr.edu.br/portal/wp-content/uploads/2020/01/PPC_2023_25_10_2023_15h54-92e4126339ce4baa83a9b226f7ee5b0c.pdf
UFR,Universidade Federal de Rondonópolis,MT,federal,CURSO DE LETRAS – LÍNGUA PORTUGUESA,"[""cibercultura"", ""cultura digital"", ""digital"", ""midia"", ""midias"", ""recursos tecnologicos"", ""tecnologia"", ""tecnologias"", ""tecnologica"", ""tecnologico""]",24,18,PDF UNIVERSIDADE FEDERAL DE RONDONÓPOLI - ufr.edu.br,https://ufr.edu.br/cev/wp-content/uploads/2024/09/PPC-Novas-Tecnologias-e-Linguagens-no-Ensino-de-Lingua-e-Literatura.pdf
UFR,Universidade Federal de Rondonópolis,MT,federal,Ch teórica:  Ch prática: - Ch PCC:  Ch aula de campo,"[""ambiente digital"", ""digital"", ""letramento digital"", ""multiletramento"", ""multiletramentos"", ""tecnologia"", ""tecnologias""]",20,259,Letras - Língua Portuguesa Licenciatur - ufr.edu.br,https://ufr.edu.br/portal/wp-content/uploads/2020/01/PPC_Letras_Lingua-Portuguesa.pdf
UFR,Universidade Federal de Rondonópolis,MT,federal,Ch teórica: - Ch prática: 96 Ch PCC: - Ch aula de campo,"[""tecnologia"", ""tecnologias"", ""tics""]",10,115,Letras - Língua Portuguesa Licenciatur - ufr.edu.br,https://ufr.edu.br/portal/wp-content/uploads/2020/01/PPC_Letras_Lingua-Portuguesa.pdf
UFR,Universidade Federal de Rondonópolis,MT,federal,Letramento. Multiletramentos. Letrament o Crítico. Letramento Digital. Aplicação,"[""digital"", ""letramento digital"", ""multiletramento"", ""multiletramentos""]",10,259,Letras - Língua Portuguesa Licenciatur - ufr.edu.br,https://ufr.edu.br/portal/wp-content/uploads/2020/01/PPC_Letras_Lingua-Portuguesa.pdf
UFR,Universidade Federal de Rondonópolis,MT,federal,Letramento. Multiletramentos. Letramento Crítico. Letramento Digital. Aplicação,"[""digital"", ""letramento digital"", ""multiletramento"", ""multiletramentos""]",10,15,ANEXO V Ementas ANE - ufr.edu.br,https://ufr.edu.br/cursos/letras-lingua-portuguesa/wp-content/uploads/sites/6/2021/07/EMENTARIO.pdf
UFR,Universidade Federal de Rondonópolis,MT,federal,Letramento. Multiletramentos. Letramento Crítico. Letramento Digital. Aplicação dos conteúdos ao ensino de língua portuguesa,"[""digital"", ""letramento digital"", ""multiletramento"", ""multiletramentos""]",10,151,Letras - Língua Portuguesa Licenciatur - ufr.edu.br,https://ufr.edu.br/portal/wp-content/uploads/2020/01/PPC_Letras_Lingua-Portuguesa.pdf
UFR,Universidade Federal de Rondonópolis,MT,federal,Ch teórica,"[""digital""]",8,127,Letras - Língua Portuguesa Licenciatur - ufr.edu.br,https://ufr.edu.br/portal/wp-content/uploads/2020/01/PPC_Letras_Lingua-Portuguesa.pdf
UFR,Universidade Federal de Rondonópolis,MT,federal,Tecnologias e as Demandas Atuais da Cultura Digital,"[""cultura digital"", ""digital"", ""tecnologia"", ""tecnologias""]",8,13,PDF UNIVERSIDADE FEDERAL DE RONDONÓPOLI - ufr.edu.br,https://ufr.edu.br/cev/wp-content/uploads/2024/09/PPC-Novas-Tecnologias-e-Linguagens-no-Ensino-de-Lingua-e-Literatura.pdf
UFR,Universidade Federal de Rondonópolis,MT,federal,Cada Software Computacional equivale a,"[""computacional"", ""software""]",6,142,https://ufr.edu.br/portal/wp-content/uploads/2020/01/PPC_2023_25_10_2023_15h54-92e4126339ce4baa83a9b226f7ee5b0c.pdf,https://ufr.edu.br/portal/wp-content/uploads/2020/01/PPC_2023_25_10_2023_15h54-92e4126339ce4baa83a9b226f7ee5b0c.pdf
UFR,Universidade Federal de Rondonópolis,MT,federal,Cada software Multimídia,"[""midia"", ""software""]",6,142,https://ufr.edu.br/portal/wp-content/uploads/2020/01/PPC_2023_25_10_2023_15h54-92e4126339ce4baa83a9b226f7ee5b0c.pdf,https://ufr.edu.br/portal/wp-content/uploads/2020/01/PPC_2023_25_10_2023_15h54-92e4126339ce4baa83a9b226f7ee5b0c.pdf
UFR,Universidade Federal de Rondonópolis,MT,federal,Ch teórica: 64 Ch prática: - Ch PCC: - Ch aula de campo,"[""informatica""]",6,146,Letras - Língua Portuguesa Licenciatur - ufr.edu.br,https://ufr.edu.br/portal/wp-content/uploads/2020/01/PPC_Letras_Lingua-Portuguesa.pdf
UFR,Universidade Federal de Rondonópolis,MT,federal,Extensão Total,"[""tecnologia""]",6,120,https://ufr.edu.br/portal/wp-content/uploads/2020/01/PPC_2023_25_10_2023_15h54-92e4126339ce4baa83a9b226f7ee5b0c.pdf,https://ufr.edu.br/portal/wp-content/uploads/2020/01/PPC_2023_25_10_2023_15h54-92e4126339ce4baa83a9b226f7ee5b0c.pdf
UFR,Universidade Federal de Rondonópolis,MT,federal,Cultura Digital e Redes,"[""cultura digital"", ""digital""]",4,13,PDF UNIVERSIDADE FEDERAL DE RONDONÓPOLI - ufr.edu.br,https://ufr.edu.br/cev/wp-content/uploads/2024/09/PPC-Novas-Tecnologias-e-Linguagens-no-Ensino-de-Lingua-e-Literatura.pdf
UFR,Universidade Federal de Rondonópolis,MT,federal,Estudos Gramaticais e Multimodalidade na Formação do Professor,"[""multimodal"", ""multimodalidade""]",4,13,PDF UNIVERSIDADE FEDERAL DE RONDONÓPOLI - ufr.edu.br,https://ufr.edu.br/cev/wp-content/uploads/2024/09/PPC-Novas-Tecnologias-e-Linguagens-no-Ensino-de-Lingua-e-Literatura.pdf
UFR,Universidade Federal de Rondonópolis,MT,federal,LINGUAGEM E TECNOLOGIA,"[""tecnologia""]",4,259,Letras - Língua Portuguesa Licenciatur - ufr.edu.br,https://ufr.edu.br/portal/wp-content/uploads/2020/01/PPC_Letras_Lingua-Portuguesa.pdf
UFR,Universidade Federal de Rondonópolis,MT,federal,Letramento Acadêmico e Digital,"[""digital""]",4,77,https://ufr.edu.br/portal/wp-content/uploads/2020/01/PPC_2023_25_10_2023_15h54-92e4126339ce4baa83a9b226f7ee5b0c.pdf,https://ufr.edu.br/portal/wp-content/uploads/2020/01/PPC_2023_25_10_2023_15h54-92e4126339ce4baa83a9b226f7ee5b0c.pdf
UFR,Universidade Federal de Rondonópolis,MT,federal,"Literatura, Ensino e Tecnologias","[""tecnologia"", ""tecnologias""]",4,13,PDF UNIVERSIDADE FEDERAL DE RONDONÓPOLI - ufr.edu.br,https://ufr.edu.br/cev/wp-content/uploads/2024/09/PPC-Novas-Tecnologias-e-Linguagens-no-Ensino-de-Lingua-e-Literatura.pdf
UFR,Universidade Federal de Rondonópolis,MT,federal,Língua Brasileira de Sinais e Tecnologias,"[""tecnologia"", ""tecnologias""]",4,13,PDF UNIVERSIDADE FEDERAL DE RONDONÓPOLI - ufr.edu.br,https://ufr.edu.br/cev/wp-content/uploads/2024/09/PPC-Novas-Tecnologias-e-Linguagens-no-Ensino-de-Lingua-e-Literatura.pdf
UFR,Universidade Federal de Rondonópolis,MT,federal,Plena em Informática,"[""informatica""]",4,28,Letras - Língua Portuguesa Licenciatur - ufr.edu.br,https://ufr.edu.br/portal/wp-content/uploads/2020/01/PPC_Letras_Lingua-Portuguesa.pdf
UFR,Universidade Federal de Rondonópolis,MT,federal,"Tradução, Corpus e Ensino","[""corpus""]",4,123,https://ufr.edu.br/portal/wp-content/uploads/2020/01/PPC_2023_25_10_2023_15h54-92e4126339ce4baa83a9b226f7ee5b0c.pdf,https://ufr.edu.br/portal/wp-content/uploads/2020/01/PPC_2023_25_10_2023_15h54-92e4126339ce4baa83a9b226f7ee5b0c.pdf
UFRA,Universidade Federal Rural da Amazônia,PA,federal,METODOLOGIA,"[""computacao"", ""computacional"", ""computador"", ""inteligencia artificial"", ""pln"", ""processamento de linguagem natural"", ""programacao""]",18,220,Projeto Pedagógico de Curso (anexo),https://letrasportugues.ufra.edu.br/images/PPC_2023_.pdf
UFRA,Universidade Federal Rural da Amazônia,PA,federal,OBJETIVO GERAL,"[""ead"", ""educacao a distancia"", ""informatica"", ""tecnologia"", ""tecnologias""]",14,74,Projeto Pedagógico de Curso (anexo),https://letrasportugues.ufra.edu.br/images/PPC_-_Projeto_Pedagogico_do_Curso.pdf
UFRA,Universidade Federal Rural da Amazônia,PA,federal,Aulas expositivas; contato com softwares e análise de corpora,"[""corpora"", ""corpus"", ""mineracao de texto"", ""software""]",12,222,Projeto Pedagógico de Curso (anexo),https://letrasportugues.ufra.edu.br/images/PPC_2023_.pdf
UFRA,Universidade Federal Rural da Amazônia,PA,federal,Educação e tecnologias da informação e comunicação,"[""tecnologia"", ""tecnologias"", ""tecnologias da informacao e comunicacao""]",8,1,Matriz Curricular - letrasportugues.ufra.edu.br (anexo),https://letrasportugues.ufra.edu.br/images/MatrizCurricular_LPBEL23.pdf
UFRA,Universidade Federal Rural da Amazônia,PA,federal,Linguística e computação. Linguagem de programação. Áreas da linguística computacional,"[""computacao"", ""computacional"", ""programacao""]",8,220,Projeto Pedagógico de Curso (anexo),https://letrasportugues.ufra.edu.br/images/PPC_2023_.pdf
UFRA,Universidade Federal Rural da Amazônia,PA,federal,"Cumpre acrescentar que, além desses espaços, o novo ambiente virtual de aprendizagem","[""ambiente virtual de aprendizagem"", ""virtual""]",6,57,Projeto Pedagógico de Curso (anexo),https://letrasportugues.ufra.edu.br/images/PPC_2023_.pdf
UFRA,Universidade Federal Rural da Amazônia,PA,federal,Multiletramentos,"[""multiletramento"", ""multiletramentos""]",6,117,Projeto Pedagógico de Curso (anexo),https://letrasportugues.ufra.edu.br/images/PPC_-_Projeto_Pedagogico_do_Curso.pdf
UFRA,Universidade Federal Rural da Amazônia,PA,federal,Narratologia:  Multiletramentos,"[""multiletramento"", ""multiletramentos""]",6,1,Matriz Curricular - letrasportugues.ufra.edu.br (anexo),https://letrasportugues.ufra.edu.br/images/MatrizCurricular_LPBEL23.pdf
UFRA,Universidade Federal Rural da Amazônia,PA,federal,Portuguesa I:  Linguística III:  Multiletramentos,"[""multiletramento"", ""multiletramentos""]",6,1,Matriz Curricular - letrasportugues.ufra.edu.br (anexo),https://letrasportugues.ufra.edu.br/images/Matriz_Curricular_LPBEL18.pdf
UFRA,Universidade Federal Rural da Amazônia,PA,federal,"Comportamento Verbal: Interfaces Entre Linguística, Comunicação, Informática e Neurociências","[""informatica""]",4,205,Projeto Pedagógico de Curso (anexo),https://letrasportugues.ufra.edu.br/images/PPC_2023_.pdf
UFRA,Universidade Federal Rural da Amazônia,PA,federal,"Computadores, programas e algoritmos","[""computador""]",4,220,Projeto Pedagógico de Curso (anexo),https://letrasportugues.ufra.edu.br/images/PPC_2023_.pdf
UFRA,Universidade Federal Rural da Amazônia,PA,federal,Introdução à Linguística Computacional;,"[""computacional""]",4,220,Projeto Pedagógico de Curso (anexo),https://letrasportugues.ufra.edu.br/images/PPC_2023_.pdf
UFRA,Universidade Federal Rural da Amazônia,PA,federal,Linguística Computacional,"[""computacional""]",4,220,Projeto Pedagógico de Curso (anexo),https://letrasportugues.ufra.edu.br/images/PPC_2023_.pdf
UFRA,Universidade Federal Rural da Amazônia,PA,federal,Linguística de corpus,"[""corpus""]",4,222,Projeto Pedagógico de Curso (anexo),https://letrasportugues.ufra.edu.br/images/PPC_2023_.pdf
UFRA,Universidade Federal Rural da Amazônia,PA,federal,O caráter interdisciplinar da Linguística Computacional;,"[""computacional""]",4,220,Projeto Pedagógico de Curso (anexo),https://letrasportugues.ufra.edu.br/images/PPC_2023_.pdf
UFRA,Universidade Federal Rural da Amazônia,PA,federal,P: XH + EaD: XH,"[""ead""]",4,82,Projeto Pedagógico de Curso (anexo),https://letrasportugues.ufra.edu.br/images/PPC_2023_.pdf
UFRA,Universidade Federal Rural da Amazônia,PA,federal,Presencial EaD,"[""ead""]",4,35,Projeto Pedagógico de Curso (anexo),https://letrasportugues.ufra.edu.br/images/PPC_2023_.pdf
UFRA,Universidade Federal Rural da Amazônia,PA,federal,Presencial:  + EaD: 0H,"[""ead""]",4,82,Projeto Pedagógico de Curso (anexo),https://letrasportugues.ufra.edu.br/images/PPC_2023_.pdf
UFRA,Universidade Federal Rural da Amazônia,PA,federal,Presencial: + EaD: XH,"[""ead""]",4,82,Projeto Pedagógico de Curso (anexo),https://letrasportugues.ufra.edu.br/images/PPC_2023_.pdf
UFRA,Universidade Federal Rural da Amazônia,PA,federal,Presencial: 0H + EaD: 0H DCE,"[""ead""]",4,83,Projeto Pedagógico de Curso (anexo),https://letrasportugues.ufra.edu.br/images/PPC_2023_.pdf
UFRA,Universidade Federal Rural da Amazônia,PA,federal,Presencial: XH + EaD: XH,"[""ead""]",4,82,Projeto Pedagógico de Curso (anexo),https://letrasportugues.ufra.edu.br/images/PPC_2023_.pdf
UFRA,Universidade Federal Rural da Amazônia,PA,federal,Tecnologias no Ensino de Língua,"[""tecnologia"", ""tecnologias""]",4,8,Grade Curricular - letrasportugues-ta.ufra.edu.br (anexo),https://letrasportugues-ta.ufra.edu.br/images/GradeCurricular/Grade-Curricular---Letras-Portugus-2023.pdf
UFRA,Universidade Federal Rural da Amazônia,PA,federal,Unidade I - Introdução à Linguística de Corpus,"[""corpus""]",4,222,Projeto Pedagógico de Curso (anexo),https://letrasportugues.ufra.edu.br/images/PPC_2023_.pdf
UFRA,Universidade Federal Rural da Amazônia,PA,federal,Unidade I – CATEGORIAS DA TECNOLOGIA,"[""tecnologia""]",4,134,Projeto Pedagógico de Curso (anexo),https://letrasportugues.ufra.edu.br/images/PPC_2023_.pdf
UFRA,Universidade Federal Rural da Amazônia,PA,federal,Unidade III- Tecnologias na educação,"[""tecnologia"", ""tecnologias""]",4,134,Projeto Pedagógico de Curso (anexo),https://letrasportugues.ufra.edu.br/images/PPC_2023_.pdf
UFRB,Universidade Federal do Recôncavo da Bahia,BA,federal,Natureza: Optativa,"[""digital"", ""midia"", ""midias"", ""midias digitais"", ""multiletramento"", ""multiletramentos"", ""redes sociais"", ""tecnologia"", ""tecnologias"", ""tic""]",24,239,Projeto Pedagógico do Curso de Licenciatura em Letras,https://www1.ufrb.edu.br/prograd/images/PPC_-_NUGAAC/CFP/Letras/Letras_Licenciatura_em.pdf
UFRB,Universidade Federal do Recôncavo da Bahia,BA,federal,Optativa,"[""computador"", ""educacao a distancia"", ""informatica"", ""tecnologia"", ""tecnologias"", ""tecnologias educacionais"", ""tic""]",18,220,Projeto Pedagógico do Curso de Licenciatura em Letras,https://www1.ufrb.edu.br/prograd/images/PPC_-_NUGAAC/CFP/Letras/Letras_Licenciatura_em.pdf
UFRB,Universidade Federal do Recôncavo da Bahia,BA,federal,CARGA HORÁRIA DE AÇÕES EXTENSIONISTAS,"[""computador"", ""educacao a distancia"", ""tecnologia"", ""tecnologias""]",12,91,PROJETO PEDAGÓGICO DE CURSO DE LICENCIATURA EM,https://ufrb.edu.br/parforequidade/images/arquivos/editais/educacao-bilingue-de-surdos/PPC_ENVIAR__DE_CURSO_DE_LICENCIATURA_EM_EDUCAO_BILNGUE_DE_SURDOS__Publicar_Site.pdf
UFRB,Universidade Federal do Recôncavo da Bahia,BA,federal,CARGA HORÁRIA,"[""cibercultura"", ""midia"", ""midias""]",10,86,Ministério da Educação Universidade Federal do Recôncavo da ...,https://www2.ufrb.edu.br/letras/images/Documentos_Regulatórios_do_Curso/projeto-pedagógico-do-curso-de-licenciatura-em-letraslibras-língua-estrangeira.pdf
UFRB,Universidade Federal do Recôncavo da Bahia,BA,federal,CORREQUISITO,"[""midia"", ""midias"", ""midias digitais""]",10,103,PROJETO PEDAGÓGICO DE CURSO DE LICENCIATURA EM,https://ufrb.edu.br/parforequidade/images/arquivos/editais/educacao-bilingue-de-surdos/PPC_ENVIAR__DE_CURSO_DE_LICENCIATURA_EM_EDUCAO_BILNGUE_DE_SURDOS__Publicar_Site.pdf
UFRB,Universidade Federal do Recôncavo da Bahia,BA,federal,Função: Específica Natureza: Obrigatória,"[""cibercultura"", ""midia"", ""midias""]",10,150,Projeto Pedagógico do Curso de Licenciatura em Letras,https://www1.ufrb.edu.br/prograd/images/PPC_-_NUGAAC/CFP/Letras/Letras_Licenciatura_em.pdf
UFRB,Universidade Federal do Recôncavo da Bahia,BA,federal,NATUREZA: Obrigatória FUNÇÃO: Específica TIPO: Disc iplina,"[""midia"", ""midias"", ""midias digitais""]",10,86,PROJETO PEDAGÓGICO DE CURSO DE LICENCIATURA EM,https://ufrb.edu.br/parforequidade/images/arquivos/editais/educacao-bilingue-de-surdos/PPC_ENVIAR__DE_CURSO_DE_LICENCIATURA_EM_EDUCAO_BILNGUE_DE_SURDOS__Publicar_Site.pdf
UFRB,Universidade Federal do Recôncavo da Bahia,BA,federal,Redes sociais e mídias digitais no ensino–aprendizagem de Língua,"[""midia"", ""midias"", ""midias digitais"", ""redes sociais""]",10,239,Projeto Pedagógico do Curso de Licenciatura em Letras,https://www1.ufrb.edu.br/prograd/images/PPC_-_NUGAAC/CFP/Letras/Letras_Licenciatura_em.pdf
UFRB,Universidade Federal do Recôncavo da Bahia,BA,federal,NATUREZA: Obrigatória FUNÇÃO: Específica TIPO: Dis ciplina,"[""tecnologia"", ""tecnologias""]",8,125,PROJETO PEDAGÓGICO DE CURSO DE LICENCIATURA EM,https://ufrb.edu.br/parforequidade/images/arquivos/editais/educacao-bilingue-de-surdos/PPC_ENVIAR__DE_CURSO_DE_LICENCIATURA_EM_EDUCAO_BILNGUE_DE_SURDOS__Publicar_Site.pdf
UFRB,Universidade Federal do Recôncavo da Bahia,BA,federal,Redes Sociais e Mídias Digitais no Ensino/Aprendizagem de Língua,"[""midia"", ""midias"", ""midias digitais"", ""redes sociais""]",8,92,Projeto Pedagógico do Curso de Licenciatura em Letras,https://www1.ufrb.edu.br/prograd/images/PPC_-_NUGAAC/CFP/Letras/Letras_Licenciatura_em.pdf
UFRB,Universidade Federal do Recôncavo da Bahia,BA,federal,Áudio-Visuais,"[""midia"", ""midias""]",8,104,Ministério da Educação Universidade Federal do Recôncavo da ...,https://www2.ufrb.edu.br/letras/images/Documentos_Regulatórios_do_Curso/projeto-pedagógico-do-curso-de-licenciatura-em-letraslibras-língua-estrangeira.pdf
UFRB,Universidade Federal do Recôncavo da Bahia,BA,federal,Libras e Tecnologia Assistiva Digital 3º,"[""digital"", ""tecnologia""]",6,58,PROJETO PEDAGÓGICO DE CURSO DE LICENCIATURA EM,https://ufrb.edu.br/parforequidade/images/arquivos/editais/educacao-bilingue-de-surdos/PPC_ENVIAR__DE_CURSO_DE_LICENCIATURA_EM_EDUCAO_BILNGUE_DE_SURDOS__Publicar_Site.pdf
UFRB,Universidade Federal do Recôncavo da Bahia,BA,federal,Natureza: Obrigatória,"[""corpora""]",6,110,Projeto Pedagógico do Curso de Licenciatura em Letras,https://www1.ufrb.edu.br/prograd/images/PPC_-_NUGAAC/CFP/Letras/Letras_Licenciatura_em.pdf
UFRB,Universidade Federal do Recôncavo da Bahia,BA,federal,Rubrica,"[""tecnologia""]",6,96,Ministério da Educação Universidade Federal do Recôncavo da ...,https://www2.ufrb.edu.br/letras/images/Documentos_Regulatórios_do_Curso/projeto-pedagógico-do-curso-de-licenciatura-em-letraslibras-língua-estrangeira.pdf
UFRB,Universidade Federal do Recôncavo da Bahia,BA,federal,Tecnologias e Educação  4h Obrigatória Nenhum,"[""tecnologia"", ""tecnologias""]",6,71,Projeto Pedagógico do Curso de Licenciatura em Letras,https://www1.ufrb.edu.br/prograd/images/PPC_-_NUGAAC/CFP/Letras/Letras_Licenciatura_em.pdf
UFRB,Universidade Federal do Recôncavo da Bahia,BA,federal,Tecnologias e Educação ( T),"[""tecnologia"", ""tecnologias""]",6,37,Projeto Pedagógico do Curso de Licenciatura em Letras,https://www1.ufrb.edu.br/prograd/images/PPC_-_NUGAAC/CFP/Letras/Letras_Licenciatura_em.pdf
UFRB,Universidade Federal do Recôncavo da Bahia,BA,federal,Tecnologias no Ensino de Línguas,"[""tecnologia"", ""tecnologias""]",6,91,Projeto Pedagógico do Curso de Licenciatura em Letras,https://www1.ufrb.edu.br/prograd/images/PPC_-_NUGAAC/CFP/Letras/Letras_Licenciatura_em.pdf
UFRB,Universidade Federal do Recôncavo da Bahia,BA,federal,Educação à Distância e Novas,"[""educacao a distancia""]",5,91,Projeto Pedagógico do Curso de Licenciatura em Letras,https://www1.ufrb.edu.br/prograd/images/PPC_-_NUGAAC/CFP/Letras/Letras_Licenciatura_em.pdf
UFRB,Universidade Federal do Recôncavo da Bahia,BA,federal,Análise de Discurso e Mídia,"[""midia""]",4,232,Projeto Pedagógico do Curso de Licenciatura em Letras,https://www1.ufrb.edu.br/prograd/images/PPC_-_NUGAAC/CFP/Letras/Letras_Licenciatura_em.pdf
UFRB,Universidade Federal do Recôncavo da Bahia,BA,federal,Cruz das Almas Ciências Exatas e Tecnológicas CETEC,"[""tecnologica"", ""tecnologicas""]",4,5,Projeto Pedagógico do Curso de Licenciatura em Letras,https://www1.ufrb.edu.br/prograd/images/PPC_-_NUGAAC/CFP/Letras/Letras_Licenciatura_em.pdf
UFRB,Universidade Federal do Recôncavo da Bahia,BA,federal,Educação à Distância,"[""educacao a distancia""]",4,224,Projeto Pedagógico do Curso de Licenciatura em Letras,https://www1.ufrb.edu.br/prograd/images/PPC_-_NUGAAC/CFP/Letras/Letras_Licenciatura_em.pdf
UFRB,Universidade Federal do Recôncavo da Bahia,BA,federal,Informática na Educação,"[""informatica""]",4,220,Projeto Pedagógico do Curso de Licenciatura em Letras,https://www1.ufrb.edu.br/prograd/images/PPC_-_NUGAAC/CFP/Letras/Letras_Licenciatura_em.pdf
UFRB,Universidade Federal do Recôncavo da Bahia,BA,federal,"Santo Amaro Cultura, Linguagens e Tecnologias","[""tecnologia"", ""tecnologias""]",4,5,Projeto Pedagógico do Curso de Licenciatura em Letras,https://www1.ufrb.edu.br/prograd/images/PPC_-_NUGAAC/CFP/Letras/Letras_Licenciatura_em.pdf
UFRB,Universidade Federal do Recôncavo da Bahia,BA,federal,T P EAD Total,"[""ead""]",4,59,Projeto Pedagógico do Curso de Licenciatura em Letras,https://www1.ufrb.edu.br/prograd/images/PPC_-_NUGAAC/CFP/Letras/Letras_Licenciatura_em.pdf
UFRB,Universidade Federal do Recôncavo da Bahia,BA,federal,Tecnologias e Educação,"[""tecnologia"", ""tecnologias""]",4,41,Projeto Pedagógico do Curso de Licenciatura em Letras,https://www1.ufrb.edu.br/prograd/images/PPC_-_NUGAAC/CFP/Letras/Letras_Licenciatura_em.pdf
UFRGS,Universidade Federal do Rio Grande do Sul,RS,federal,Literaturas Estrangeiras Modernas e as Mídias – 04 créditos,"[""midia"", ""midias""]",9,1,ESTRUTURA CURRICULAR – PPG Letras | UFRGS,https://www.ufrgs.br/ppgletras/estrutura-curricular/
UFRGS,Universidade Federal do Rio Grande do Sul,RS,federal,LITERATURAS ESTRANGEIRAS MODERNAS E AS MÍDIAS,"[""midia"", ""midias""]",6,1,ESTRUTURA CURRICULAR – PPG Letras | UFRGS,https://www.ufrgs.br/ppgletras/estrutura-curricular/
UFRGS,Universidade Federal do Rio Grande do Sul,RS,federal,INGLÊS INSTRUMENTAL EAD Eletiva,"[""ead""]",5,131,Projeto Pedagógico do Curso de Bacharelado em Letras,https://www1.ufrgs.br/PortalEnsino/GraduacaoCurriculos/plone.php?r=projeto&curso=334&habilitacao=47&curriculo=148
UFRGS,Universidade Federal do Rio Grande do Sul,RS,federal,INTRODUÇÃO À EDUCAÇÃO A DISTÂNCIA Eletiva,"[""educacao a distancia""]",5,190,Projeto Pedagógico do Curso de Bacharelado em Letras,https://www1.ufrgs.br/PortalEnsino/GraduacaoCurriculos/plone.php?r=projeto&curso=334&habilitacao=47&curriculo=148
UFRGS,Universidade Federal do Rio Grande do Sul,RS,federal,INTRODUÇÃO À INFORMÁTICA Eletiva,"[""informatica""]",5,131,Projeto Pedagógico do Curso de Bacharelado em Letras,https://www1.ufrgs.br/PortalEnsino/GraduacaoCurriculos/plone.php?r=projeto&curso=334&habilitacao=47&curriculo=148
UFRGS,Universidade Federal do Rio Grande do Sul,RS,federal,Introdução à Educação a Distância,"[""educacao a distancia""]",4,29,Projeto Pedagógico do Curso de Bacharelado em Letras,https://www1.ufrgs.br/PortalEnsino/GraduacaoCurriculos/plone.php?r=projeto&curso=334&habilitacao=47&curriculo=148
UFRGS,Universidade Federal do Rio Grande do Sul,RS,federal,Introdução à Informática INF,"[""informatica""]",4,18,Projeto Pedagógico do Curso de Bacharelado em Letras,https://www1.ufrgs.br/PortalEnsino/GraduacaoCurriculos/plone.php?r=projeto&curso=334&habilitacao=47&curriculo=148
UFRGS,Universidade Federal do Rio Grande do Sul,RS,federal,Localize-se virtualmente!,"[""virtual""]",4,3,Licenciatura - UFRGS (anexo),https://www.ufrgs.br/letras/wp-content/uploads/2026/02/Manual-do-Calouro-2026.pdf
UFRGS,Universidade Federal do Rio Grande do Sul,RS,federal,Moodle,"[""moodle""]",4,3,Licenciatura - UFRGS (anexo),https://www.ufrgs.br/letras/wp-content/uploads/2026/02/Manual-do-Calouro-2026.pdf
UFRJ,Universidade Federal do Rio de Janeiro,RJ,federal,Libras,"[""audiovisual"", ""computador"", ""internet"", ""redes sociais""]",12,6,Ementário - Programa de Pós-Graduação em Ciência da ... (anexo),https://posciencialit.letras.ufrj.br/wp-content/uploads/2024/02/Ementas-2024.1_Final_16_02.pdf
UFRJ,Universidade Federal do Rio de Janeiro,RJ,federal,"TÍTULO DO CURSO: Escrita acadêmica: afetos, procedimentos, ofício","[""corpora"", ""corpus""]",8,25,Ementário - Programa de Pós-Graduação em Ciência da ... (anexo),https://posciencialit.letras.ufrj.br/wp-content/uploads/2024/02/Ementas-2024.1_Final_16_02.pdf
UFRJ,Universidade Federal do Rio de Janeiro,RJ,federal,Literários Neolatinos,"[""corpus""]",6,23,Ementário - Programa de Pós-Graduação em Ciência da ... (anexo),https://posciencialit.letras.ufrj.br/wp-content/uploads/2024/02/Ementas-2024.1_Final_16_02.pdf
UFRJ,Universidade Federal do Rio de Janeiro,RJ,federal,TÍTULO DO CURSO: OS TRABALHOS DELAS,"[""corpus""]",6,5,Ementário - Programa de Pós-Graduação em Ciência da ... (anexo),https://posciencialit.letras.ufrj.br/wp-content/uploads/2024/02/Ementas-2024.1_Final_16_02.pdf
UFRPE,Universidade Federal Rural de Pernambuco,PE,federal,Licenciatura em Letras (EAD),"[""ead""]",4,1,Licenciatura em Letras (EAD) | Universidade Federal Rural de ...,https://antigo.ufrpe.br/br/content/licenciatura-em-letras-ead
UFRR,Universidade Federal de Roraima,RR,federal,Revisão de Textos,"[""digital"", ""informatica"", ""tecnologia"", ""tecnologias""]",12,43,ÁREA: LETRAS - UFRR,https://ufrr.br/letrasportugues/wp-content/uploads/sites/30/2023/07/PPC-Letras-Portugues-2018.pdf
UFRR,Universidade Federal de Roraima,RR,federal,Didática Geral,"[""tecnologia"", ""tecnologias"", ""tecnologias digitais""]",10,40,ÁREA: LETRAS - UFRR,https://ufrr.br/letrasfrances/wp-content/uploads/sites/32/2023/07/PPC-Letras-Frances_2018.pdf
UFRR,Universidade Federal de Roraima,RR,federal,Ensino de Língua Estrangeira,"[""tecnologia"", ""tecnologias"", ""tecnologias digitais""]",10,40,ÁREA: LETRAS - UFRR,https://ufrr.br/letrasfrances/wp-content/uploads/sites/32/2023/07/PPC-Letras-Frances_2018.pdf
UFRR,Universidade Federal de Roraima,RR,federal,LIBRAS e Educação,"[""tecnologia"", ""tecnologias"", ""tecnologias digitais""]",10,40,ÁREA: LETRAS - UFRR,https://ufrr.br/letrasfrances/wp-content/uploads/sites/32/2023/07/PPC-Letras-Frances_2018.pdf
UFRR,Universidade Federal de Roraima,RR,federal,Novas Tecnologias e Ensino de Línguas,"[""digital"", ""tecnologia"", ""tecnologias""]",10,43,ÁREA: LETRAS - UFRR,https://ufrr.br/letrasportugues/wp-content/uploads/sites/30/2023/07/PPC-Letras-Portugues-2018.pdf
UFRR,Universidade Federal de Roraima,RR,federal,OBJETIVOS,"[""digital"", ""tecnologia"", ""tecnologias""]",10,184,ÁREA: LETRAS - UFRR,https://ufrr.br/letrasportugues/wp-content/uploads/sites/30/2023/07/PPC-Letras-Portugues-2018.pdf
UFRR,Universidade Federal de Roraima,RR,federal,Tópicos sobre identidade na literatura franco-antilhana,"[""digital"", ""tecnologia"", ""tecnologias""]",10,42,ÁREA: LETRAS - UFRR,https://ufrr.br/letrasfrances/wp-content/uploads/sites/32/2023/07/PPC-Letras-Frances_2018.pdf
UFRR,Universidade Federal de Roraima,RR,federal,Estudo do ensino-aprendizagem de línguas mediado pelas tecnologias da comunicação digital,"[""digital"", ""tecnologia"", ""tecnologias""]",8,184,ÁREA: LETRAS - UFRR,https://ufrr.br/letrasportugues/wp-content/uploads/sites/30/2023/07/PPC-Letras-Portugues-2018.pdf
UFRR,Universidade Federal de Roraima,RR,federal,Novas Tecnologias e Ensino de Línguas 60 0 60 LLV034 Tópicos Especiais em Linguística,"[""tecnologia"", ""tecnologias""]",7,273,ÁREA: LETRAS - UFRR,https://ufrr.br/letrasportugues/wp-content/uploads/sites/30/2023/07/PPC-Letras-Portugues-2018.pdf
UFRR,Universidade Federal de Roraima,RR,federal,Novas Tecnologias e Ensino de Línguas e Literaturas,"[""tecnologia"", ""tecnologias""]",7,2,MINISTÉRIO DA EDUCAÇÃO UNIVERSIDADE FEDERAL DE RORAIMA CENTRO ...,https://ufrr.br/letrasportugues/wp-content/uploads/sites/30/2024/09/Estrutura-curricular-do-Curso-de-Letras-Portugues-2023.pdf
UFRR,Universidade Federal de Roraima,RR,federal,BJETIVOS,"[""informatica""]",6,154,ÁREA: LETRAS - UFRR,https://ufrr.br/letrasfrances/wp-content/uploads/sites/32/2023/07/PPC-Letras-Frances_2018.pdf
UFRR,Universidade Federal de Roraima,RR,federal,"Discutir a relação autor, obra e leitor","[""midia""]",6,110,ÁREA: LETRAS - UFRR,https://ufrr.br/letrasfrances/wp-content/uploads/sites/32/2023/07/PPC-Letras-Frances_2018.pdf
UFRR,Universidade Federal de Roraima,RR,federal,Identificar os procedimentos teórico-metodológicos em análises discursivas,"[""corpora""]",6,175,ÁREA: LETRAS - UFRR,https://ufrr.br/letrasportugues/wp-content/uploads/sites/30/2023/07/PPC-Letras-Portugues-2018.pdf
UFRR,Universidade Federal de Roraima,RR,federal,Tópicos em Pragmática,"[""informatica""]",6,42,ÁREA: LETRAS - UFRR,https://ufrr.br/letrasfrances/wp-content/uploads/sites/32/2023/07/PPC-Letras-Frances_2018.pdf
UFRR,Universidade Federal de Roraima,RR,federal,Tradicional; Tipos e estratégias de revisão textual; ferramentas bibliográficas e informáticas,"[""informatica""]",4,154,ÁREA: LETRAS - UFRR,https://ufrr.br/letrasfrances/wp-content/uploads/sites/32/2023/07/PPC-Letras-Frances_2018.pdf
UFRRJ,Universidade Federal Rural do Rio de Janeiro,RJ,federal,OBJETIVO DA DISCIPLINA,"[""cibercultura"", ""hipermidia"", ""hipertexto"", ""internet"", ""midia"", ""midias"", ""midias sociais"", ""redes sociais""]",20,204,PROJETO PEDAGÓGICO - Federal Rural University of Rio de Janeiro,https://cursos.ufrrj.br/grad/letras/files/2023/12/PPC-aprovado-em-2023-.pdf
UFRRJ,Universidade Federal Rural do Rio de Janeiro,RJ,federal,Elaborar material didático para o ensino dos gêneros textuais,"[""digital"", ""letramento digital"", ""midia"", ""midias"", ""multimodal"", ""multimodalidade""]",16,190,PROJETO PEDAGÓGICO - Federal Rural University of Rio de Janeiro,https://cursos.ufrrj.br/grad/letras/files/2023/12/PPC-aprovado-em-2023-.pdf
UFRRJ,Universidade Federal Rural do Rio de Janeiro,RJ,federal,OBJETIVOS DA DISCIPLINA,"[""midia"", ""midias"", ""tecnologia"", ""tecnologias""]",12,136,PROJETO PEDAGÓGICO - Federal Rural University of Rio de Janeiro,https://cursos.ufrrj.br/grad/letras/files/2023/12/PPC-aprovado-em-2023-.pdf
UFRRJ,Universidade Federal Rural do Rio de Janeiro,RJ,federal,INSTITUTO DE CIÊNCIAS HUMANAS E SOCIAIS,"[""tecnologia"", ""tecnologias"", ""tecnologias digitais""]",10,175,PROJETO PEDAGÓGICO - Federal Rural University of Rio de Janeiro,https://cursos.ufrrj.br/grad/letras/files/2023/12/PPC-aprovado-em-2023-.pdf
UFRRJ,Universidade Federal Rural do Rio de Janeiro,RJ,federal,Teoria e Prática do Texto THXX- Multiletramentos e ensino,"[""multiletramento"", ""multiletramentos""]",7,45,PROJETO PEDAGÓGICO - Federal Rural University of Rio de Janeiro,https://cursos.ufrrj.br/grad/letras/files/2023/12/PPC-aprovado-em-2023-.pdf
UFRRJ,Universidade Federal Rural do Rio de Janeiro,RJ,federal,MULTILETRAMENTOS E ENSINO,"[""multiletramento"", ""multiletramentos""]",6,89,PROJETO PEDAGÓGICO - Federal Rural University of Rio de Janeiro,https://cursos.ufrrj.br/grad/letras/files/2023/12/PPC-aprovado-em-2023-.pdf
UFRRJ,Universidade Federal Rural do Rio de Janeiro,RJ,federal,THXX - Multiletramentos e ensino,"[""multiletramento"", ""multiletramentos""]",6,39,PROJETO PEDAGÓGICO - Federal Rural University of Rio de Janeiro,https://cursos.ufrrj.br/grad/letras/files/2023/12/PPC-aprovado-em-2023-.pdf
UFRRJ,Universidade Federal Rural do Rio de Janeiro,RJ,federal,LINGUÍSTICA E INTERNET,"[""internet""]",4,204,PROJETO PEDAGÓGICO - Federal Rural University of Rio de Janeiro,https://cursos.ufrrj.br/grad/letras/files/2023/12/PPC-aprovado-em-2023-.pdf
UFS,Universidade Federal de Sergipe,SE,federal,Espanhol Instrumental,"[""ead"", ""educacao a distancia"", ""tecnologia"", ""tecnologias"", ""tecnologias da informacao e comunicacao"", ""tic""]",19,18,0622012 Letras Português - Projeto,https://cech.ufs.br/uploads/page_attach/path/21870/Resolu__o_62.2012_PPC_Letras_Vern_culas.pdf
UFS,Universidade Federal de Sergipe,SE,federal,Educação e Tecnologias da Informação e Comunicação,"[""ead"", ""educacao a distancia"", ""tecnologia"", ""tecnologias"", ""tic""]",17,18,0622012 Letras Português - Projeto,https://cech.ufs.br/uploads/page_attach/path/21870/Resolu__o_62.2012_PPC_Letras_Vern_culas.pdf
UFS,Universidade Federal de Sergipe,SE,federal,Princípios da Educação a Distância,"[""ead""]",9,18,0622012 Letras Português - Projeto,https://cech.ufs.br/uploads/page_attach/path/21870/Resolu__o_62.2012_PPC_Letras_Vern_culas.pdf
UFS,Universidade Federal de Sergipe,SE,federal,Princípios da Educação a Distância 04 60 3.01.0,"[""educacao a distancia""]",5,11,0622012 Letras Português - Projeto,https://cech.ufs.br/uploads/page_attach/path/21870/Resolu__o_62.2012_PPC_Letras_Vern_culas.pdf
UFSB,Universidade Federal do Sul da Bahia,BA,federal,Carga horária total,"[""cibercultura"", ""cultura digital"", ""digital"", ""hipermidia"", ""hipertexto"", ""midia"", ""midias"", ""multiletramento"", ""multiletramentos""]",24,164,LI em Linguagens e suas tecnologias - IHAC CSC (anexo),https://www.ufsb.edu.br/ihac-csc/images/Portarias/2024/PPC_LILT_CSC_2023.pdf
UFSB,Universidade Federal do Sul da Bahia,BA,federal,Carga horária,"[""digital"", ""educacao a distancia"", ""letramento digital"", ""midia"", ""midias"", ""tecnologia"", ""tecnologias"", ""tecnologias digitais""]",20,81,LI em Linguagens e suas tecnologias - IHAC CSC (anexo),https://www.ufsb.edu.br/ihac-csc/images/Portarias/2024/PPC_LILT_CSC_2023.pdf
UFSB,Universidade Federal do Sul da Bahia,BA,federal,Carga horária total:  Modalidade: Componente curricular Natureza,"[""cibercultura"", ""digital"", ""letramentos digitais"", ""tecnologia"", ""tecnologias"", ""tecnologias digitais""]",18,72,Licenciatura Interdisciplinar em Linguagens e suas ... - UFSB (anexo),https://ufsb.edu.br/images/1º_ciclo/LIs/CJA/Linguagens/PPC-LI-Linguagens_FINAL.pdf
UFSB,Universidade Federal do Sul da Bahia,BA,federal,Letramento digital e formação de professores,"[""digital"", ""letramento digital""]",9,177,LI em Linguagens e suas tecnologias - IHAC CSC (anexo),https://www.ufsb.edu.br/ihac-csc/images/Portarias/2024/PPC_LILT_CSC_2023.pdf
UFSB,Universidade Federal do Sul da Bahia,BA,federal,Mídias digitais e literatura,"[""midia"", ""midias"", ""midias digitais""]",9,60,LI em Linguagens e suas tecnologias - IHAC CSC (anexo),https://www.ufsb.edu.br/ihac-csc/images/Portarias/2024/PPC_LILT_CSC_2023.pdf
UFSB,Universidade Federal do Sul da Bahia,BA,federal,Carga horária total:  Modalidade: Componente curricular Natureza: Optativo,"[""midia""]",8,63,Microsoft Word - PPC-LI-Linguagens-2016 - revisado.docx - UFSB,https://ufsb.edu.br/ihac/images/arquivos/PPC/PPC_LI_Linguagens_2016_revisado.pdf
UFSB,Universidade Federal do Sul da Bahia,BA,federal,"Educação, comunicação e mídias","[""midia"", ""midias""]",8,44,LI em Linguagens e suas tecnologias - IHAC CSC (anexo),https://www.ufsb.edu.br/ihac-csc/images/Portarias/2024/PPC_LILT_CSC_2023.pdf
UFSB,Universidade Federal do Sul da Bahia,BA,federal,Carga horária total: 0h Modalidade: Componente curricular Natureza: Obrigatorio,"[""corpora""]",6,52,Microsoft Word - PPC-LI-Linguagens-2016 - revisado.docx - UFSB,https://ufsb.edu.br/ihac/images/arquivos/PPC/PPC_LI_Linguagens_2016_revisado.pdf
UFSB,Universidade Federal do Sul da Bahia,BA,federal,Curso: Licenciatura Interdisciplinar em Linguagens e suas Tecnologias - LILT,"[""tecnologia"", ""tecnologias""]",6,8,LI em Linguagens e suas tecnologias - IHAC CSC (anexo),https://www.ufsb.edu.br/ihac-csc/images/Portarias/2024/PPC_LILT_CSC_2023.pdf
UFSB,Universidade Federal do Sul da Bahia,BA,federal,Discurso e mídia,"[""midia""]",6,45,LI em Linguagens e suas tecnologias - IHAC CSC (anexo),https://www.ufsb.edu.br/ihac-csc/images/Portarias/2024/PPC_LILT_CSC_2023.pdf
UFSB,Universidade Federal do Sul da Bahia,BA,federal,E SUAS TECNOLOGIAS,"[""tecnologia"", ""tecnologias""]",6,1,Microsoft Word - PPC-LI-Linguagens-2016 - revisado.docx - UFSB,https://ufsb.edu.br/ihac/images/arquivos/PPC/PPC_LI_Linguagens_2016_revisado.pdf
UFSB,Universidade Federal do Sul da Bahia,BA,federal,"Educação, comunicação e mídias  Optativo Conhecimento","[""midia"", ""midias""]",6,26,Microsoft Word - PPC-LI-Linguagens-2016 - revisado.docx - UFSB,https://ufsb.edu.br/ihac/images/arquivos/PPC/PPC_LI_Linguagens_2016_revisado.pdf
UFSB,Universidade Federal do Sul da Bahia,BA,federal,LI em Linguagens e suas Tecnologias Carga horária,"[""tecnologia"", ""tecnologias""]",6,21,Microsoft Word - PPC-LI-Linguagens-2016 - revisado.docx - UFSB,https://ufsb.edu.br/ihac/images/arquivos/PPC/PPC_LI_Linguagens_2016_revisado.pdf
UFSB,Universidade Federal do Sul da Bahia,BA,federal,LI em Linguagens e suas tecnologias,"[""tecnologia"", ""tecnologias""]",6,1,LI em Linguagens e suas tecnologias - IHAC CSC,https://www.ufsb.edu.br/ihac-csc/graduacao/licenciatura-interdisciplinar-em-linguagens-e-suas-tecnologias
UFSB,Universidade Federal do Sul da Bahia,BA,federal,LI em Linguagens e suas tecnologias Carga,"[""tecnologia"", ""tecnologias""]",6,56,LI em Linguagens e suas tecnologias - IHAC CSC (anexo),https://www.ufsb.edu.br/ihac-csc/images/Portarias/2024/PPC_LILT_CSC_2023.pdf
UFSB,Universidade Federal do Sul da Bahia,BA,federal,LICENCIATURA INTERDISCIPLINAR EM LINGUAGENS E SUAS TECNOLOGIAS,"[""tecnologia"", ""tecnologias""]",6,1,LI em Linguagens e suas tecnologias - IHAC CSC (anexo),https://www.ufsb.edu.br/ihac-csc/images/Portarias/2024/PPC_LILT_CSC_2023.pdf
UFSB,Universidade Federal do Sul da Bahia,BA,federal,Laboratório Interdisciplinar em Linguagens: multiletramentos e hipertextualidade,"[""multiletramento"", ""multiletramentos""]",6,1,Licenciatura Interdisciplinar em Linguagens e suas ... - UFSB,https://ufsb.edu.br/ensino/graduacao?view=article&id=1959:licenciatura-interdisciplinar-em-linguagens-e-suas-tecnologias-cja&catid=2
UFSB,Universidade Federal do Sul da Bahia,BA,federal,Letramento digital e formação de professores  Optativo Conhecimento,"[""digital"", ""letramento digital""]",6,26,Microsoft Word - PPC-LI-Linguagens-2016 - revisado.docx - UFSB,https://ufsb.edu.br/ihac/images/arquivos/PPC/PPC_LI_Linguagens_2016_revisado.pdf
UFSB,Universidade Federal do Sul da Bahia,BA,federal,Licenciatura Interdisciplinar em Linguagens e suas tecnologias - CJA,"[""tecnologia"", ""tecnologias""]",6,1,Licenciatura Interdisciplinar em Linguagens e suas ... - UFSB,https://ufsb.edu.br/ensino/graduacao?view=article&id=1959:licenciatura-interdisciplinar-em-linguagens-e-suas-tecnologias-cja&catid=2
UFSB,Universidade Federal do Sul da Bahia,BA,federal,Multiletramentos,"[""multiletramento"", ""multiletramentos""]",6,1,Licenciatura Interdisciplinar em Linguagens e suas ... - UFSB,https://ufsb.edu.br/ensino/graduacao?view=article&id=1959:licenciatura-interdisciplinar-em-linguagens-e-suas-tecnologias-cja&catid=2
UFSB,Universidade Federal do Sul da Bahia,BA,federal,Mídia e literatura,"[""midia""]",6,44,LI em Linguagens e suas tecnologias - IHAC CSC (anexo),https://www.ufsb.edu.br/ihac-csc/images/Portarias/2024/PPC_LILT_CSC_2023.pdf
UFSB,Universidade Federal do Sul da Bahia,BA,federal,Mídia e literatura  Optativo Conhecimento,"[""midia""]",6,26,Microsoft Word - PPC-LI-Linguagens-2016 - revisado.docx - UFSB,https://ufsb.edu.br/ihac/images/arquivos/PPC/PPC_LI_Linguagens_2016_revisado.pdf
UFSB,Universidade Federal do Sul da Bahia,BA,federal,NOME: Licenciatura Interdisciplinar em Linguagens e suas tecnologias,"[""tecnologia"", ""tecnologias""]",6,6,Microsoft Word - PPC-LI-Linguagens-2016 - revisado.docx - UFSB,https://ufsb.edu.br/ihac/images/arquivos/PPC/PPC_LI_Linguagens_2016_revisado.pdf
UFSB,Universidade Federal do Sul da Bahia,BA,federal,Pré-resuisito: Módulo,"[""corpora""]",6,53,Licenciatura Interdisciplinar em Linguagens e suas ... - UFSB (anexo),https://ufsb.edu.br/images/1º_ciclo/LIs/CJA/Linguagens/PPC-LI-Linguagens_FINAL.pdf
UFSB,Universidade Federal do Sul da Bahia,BA,federal,Tecnologias,"[""tecnologia"", ""tecnologias""]",6,21,Microsoft Word - PPC-LI-Linguagens-2016 - revisado.docx - UFSB,https://ufsb.edu.br/ihac/images/arquivos/PPC/PPC_LI_Linguagens_2016_revisado.pdf
UFSB,Universidade Federal do Sul da Bahia,BA,federal,Fundamentos de computação,"[""computacao""]",5,60,LI em Linguagens e suas tecnologias - IHAC CSC (anexo),https://www.ufsb.edu.br/ihac-csc/images/Portarias/2024/PPC_LILT_CSC_2023.pdf
UFSB,Universidade Federal do Sul da Bahia,BA,federal,Diferentes perspectivas e principais técnicas de análise linguística baseada em corpus,"[""corpus""]",4,132,LI em Linguagens e suas tecnologias - IHAC CSC (anexo),https://www.ufsb.edu.br/ihac-csc/images/Portarias/2024/PPC_LILT_CSC_2023.pdf
UFSB,Universidade Federal do Sul da Bahia,BA,federal,Fundamentos da Computação,"[""computacao""]",4,37,LI em Linguagens e suas tecnologias - IHAC CSC (anexo),https://www.ufsb.edu.br/ihac-csc/images/Portarias/2024/PPC_LILT_CSC_2023.pdf
UFSB,Universidade Federal do Sul da Bahia,BA,federal,Introdução ao Raciocínio Computacional,"[""computacional""]",4,22,Microsoft Word - PPC-LI-Linguagens-2016 - revisado.docx - UFSB,https://ufsb.edu.br/ihac/images/arquivos/PPC/PPC_LI_Linguagens_2016_revisado.pdf
UFSB,Universidade Federal do Sul da Bahia,BA,federal,Laboratório interdisciplinar em Linguagens: introdução à linguística de corpus,"[""corpus""]",4,132,LI em Linguagens e suas tecnologias - IHAC CSC (anexo),https://www.ufsb.edu.br/ihac-csc/images/Portarias/2024/PPC_LILT_CSC_2023.pdf
UFSB,Universidade Federal do Sul da Bahia,BA,federal,Multiletramentos - Quadrimestres: VII e VIII,"[""multiletramento"", ""multiletramentos""]",4,26,Microsoft Word - PPC-LI-Linguagens-2016 - revisado.docx - UFSB,https://ufsb.edu.br/ihac/images/arquivos/PPC/PPC_LI_Linguagens_2016_revisado.pdf
UFSB,Universidade Federal do Sul da Bahia,BA,federal,Mídia e literatura  Alteração do nome do CC,"[""midia""]",4,60,LI em Linguagens e suas tecnologias - IHAC CSC (anexo),https://www.ufsb.edu.br/ihac-csc/images/Portarias/2024/PPC_LILT_CSC_2023.pdf
UFSC,Universidade Federal de Santa Catarina,SC,federal,PRÁTICAS DE PRODUÇÃO TEXTUAL E ENSINO,"[""multiletramento"", ""multiletramentos"", ""tecnologia"", ""tecnologias"", ""tics""]",17,74,Sumári - UFSC,https://profletras.paginas.ufsc.br/files/2013/08/MATRIZ-CURRICULAR-PROFLETRAS-COM-EMENTA-DAS-DISCIPLINAS.pdf
UFSC,Universidade Federal de Santa Catarina,SC,federal,TECNOLOGIAS NA EDUCAÇÃO,"[""ciberespaco"", ""educacao a distancia"", ""tdic"", ""tecnologia"", ""tecnologias"", ""tecnologias digitais""]",16,44,Prática como Componente Curricular - UFSC,https://uab.ufsc.br/ead/letras-portugues/wp-content/uploads/2023/08/ProjetoPortuguesLicenciatura.pdf
UFSC,Universidade Federal de Santa Catarina,SC,federal,ALFABETIZAÇÃO E LETRAMENTO,"[""multiletramento"", ""multiletramentos"", ""multimodal"", ""multimodalidade""]",15,33,Sumári - UFSC,https://profletras.paginas.ufsc.br/files/2013/08/MATRIZ-CURRICULAR-PROFLETRAS-COM-EMENTA-DAS-DISCIPLINAS.pdf
UFSC,Universidade Federal de Santa Catarina,SC,federal,PRÁTICAS DE ORALIDADE E ENSINO,"[""digital"", ""midia""]",11,80,Sumári - UFSC,https://profletras.paginas.ufsc.br/files/2013/08/MATRIZ-CURRICULAR-PROFLETRAS-COM-EMENTA-DAS-DISCIPLINAS.pdf
UFSC,Universidade Federal de Santa Catarina,SC,federal,ESTÁGIO SUPERVISIONADO EM LÍNGUA PORTUGUESA IV,"[""tecnologia"", ""tecnologias"", ""tecnologica""]",10,65,Prática como Componente Curricular - UFSC,https://uab.ufsc.br/ead/letras-portugues/wp-content/uploads/2023/08/ProjetoPortuguesLicenciatura.pdf
UFSC,Universidade Federal de Santa Catarina,SC,federal,"Disciplinas: Produção Textual Acadêmica, Tecnologias na Educação, Carga Horária Total","[""tecnologia"", ""tecnologias""]",8,35,Prática como Componente Curricular - UFSC,https://uab.ufsc.br/ead/letras-portugues/wp-content/uploads/2023/08/ProjetoPortuguesLicenciatura.pdf
UFSC,Universidade Federal de Santa Catarina,SC,federal,LLV - ESTUDOS LITERÁRIOS III: MEMÓRIA E SUBJETIVIDADE,"[""tecnologia"", ""tecnologias""]",8,64,PROJETO PEDAGÓGICO - UFSC,https://letrasportugues.paginas.ufsc.br/files/2012/06/ProjetoPedagSet2006.pdf
UFSC,Universidade Federal de Santa Catarina,SC,federal,LLV - HISTÓRIA DA MÚSICA POPULAR BRASILEIRA II,"[""informatica""]",6,97,PROJETO PEDAGÓGICO - UFSC,https://letrasportugues.paginas.ufsc.br/files/2012/06/ProjetoPedagSet2006.pdf
UFSC,Universidade Federal de Santa Catarina,SC,federal,LLV - POLÍTICA LINGÜÍSTICA,"[""corpus""]",6,62,PROJETO PEDAGÓGICO - UFSC,https://letrasportugues.paginas.ufsc.br/files/2012/06/ProjetoPedagSet2006.pdf
UFSC,Universidade Federal de Santa Catarina,SC,federal,Uso de Tecnologia em L2 72 LLE,"[""tecnologia""]",5,11,Matriz curricular do Curso de Letras Espanhol - UFSC,https://coordlinguasestrangeiras.paginas.ufsc.br/files/2019/05/MATRIZ-CURRICULAR-Espanhol-Licenciatura-2019.pdf
UFSC,Universidade Federal de Santa Catarina,SC,federal,LLV TECNOLOGIAS NA EDUCAÇÃO,"[""tecnologia"", ""tecnologias""]",4,38,Prática como Componente Curricular - UFSC,https://uab.ufsc.br/ead/letras-portugues/wp-content/uploads/2023/08/ProjetoPortuguesLicenciatura.pdf
UFSC,Universidade Federal de Santa Catarina,SC,federal,Planificação de Corpus versus planificação de Status. Políticas lingüísticas,"[""corpus""]",4,62,PROJETO PEDAGÓGICO - UFSC,https://letrasportugues.paginas.ufsc.br/files/2012/06/ProjetoPedagSet2006.pdf
UFSC,Universidade Federal de Santa Catarina,SC,federal,Proposta detalhada do novo Currículo Curso de Letras- EaD,"[""ead""]",4,38,Prática como Componente Curricular - UFSC,https://uab.ufsc.br/ead/letras-portugues/wp-content/uploads/2023/08/ProjetoPortuguesLicenciatura.pdf
UFSC,Universidade Federal de Santa Catarina,SC,federal,Práticas de multiletramentos,"[""multiletramento"", ""multiletramentos""]",4,76,Sumári - UFSC,https://profletras.paginas.ufsc.br/files/2013/08/MATRIZ-CURRICULAR-PROFLETRAS-COM-EMENTA-DAS-DISCIPLINAS.pdf
UFSC,Universidade Federal de Santa Catarina,SC,federal,Tecnologias,"[""tecnologia"", ""tecnologias""]",4,37,Prática como Componente Curricular - UFSC,https://uab.ufsc.br/ead/letras-portugues/wp-content/uploads/2023/08/ProjetoPortuguesLicenciatura.pdf
UFSC,Universidade Federal de Santa Catarina,SC,federal,"Tradução, Tecnologia e Textos de Especialidade","[""tecnologia""]",4,35,Projeto Pedagógico Curso de Letras,https://coordlinguasestrangeiras.paginas.ufsc.br/files/2026/05/Projeto-Pedagogico-do-Curso-de-Letras-Ingles-Licenciatura.pdf
UFSC,Universidade Federal de Santa Catarina,SC,federal,"Virtual de Ensino e Aprendizagem, videoconferência, correio el etrônico, fax e correio","[""virtual""]",4,71,Prática como Componente Curricular - UFSC,https://uab.ufsc.br/ead/letras-portugues/wp-content/uploads/2023/08/ProjetoPortuguesLicenciatura.pdf
UFSCAR,Universidade Federal de São Carlos,SP,federal,Desenvolver atividades de ensino e pesquisa relacionadas à produção textual,"[""midia"", ""midias"", ""tecnologica"", ""tecnologicas""]",12,62,letras - prograd.ufscar.br,https://www.prograd.ufscar.br/en/assets/arquivos/cursos/cursos-oferecidos/letras/letras-projeto-pedagogico.pdf
UFSCAR,Universidade Federal de São Carlos,SP,federal,CONTEMPORÂNEO,"[""midia""]",6,57,letras - prograd.ufscar.br,https://www.prograd.ufscar.br/en/assets/arquivos/cursos/cursos-oferecidos/letras/letras-projeto-pedagogico.pdf
UFSCAR,Universidade Federal de São Carlos,SP,federal,"Desenvolver atividades pedagógicas específicas, relativas à abordagem da literatura","[""audiovisual""]",6,56,letras - prograd.ufscar.br,https://www.prograd.ufscar.br/en/assets/arquivos/cursos/cursos-oferecidos/letras/letras-projeto-pedagogico.pdf
UFSCAR,Universidade Federal de São Carlos,SP,federal,Objetivos Gerais: Aprofundar as reflexões acerca do ensino de produções textua is,"[""internet""]",6,64,letras - prograd.ufscar.br,https://www.prograd.ufscar.br/en/assets/arquivos/cursos/cursos-oferecidos/letras/letras-projeto-pedagogico.pdf
UFSCAR,Universidade Federal de São Carlos,SP,federal,"Objetivos Gerais: Permitir, com base em teorias lingüísticas acerca de pr oduções","[""tecnologia""]",6,65,letras - prograd.ufscar.br,https://www.prograd.ufscar.br/en/assets/arquivos/cursos/cursos-oferecidos/letras/letras-projeto-pedagogico.pdf
UFSCAR,Universidade Federal de São Carlos,SP,federal,Objetivos Gerais: 1- Transmitir e ampliar conhecimentos sobre a cultura audiovisual,"[""audiovisual""]",4,73,letras - prograd.ufscar.br,https://www.prograd.ufscar.br/en/assets/arquivos/cursos/cursos-oferecidos/letras/letras-projeto-pedagogico.pdf
UFSJ,Universidade Federal de São João del-Rei,MG,federal,Contac Teórica: Prática: 115h30min Total: 115h30min,"[""corpora"", ""digital"", ""multiletramento"", ""multiletramentos"", ""multimodal"", ""multimodalidade""]",16,91,Res032Conep2017 PPC Letras-Língua Inglesa e suas Literaturas,https://arquivos.ufsj.edu.br/arquivos/2017077157864c033328f35760e508e1/Res032Conep2017_PPCLetras-LinguaInglesaesuasLiteraturas.pdf
UFSJ,Universidade Federal de São João del-Rei,MG,federal,Contac Teórica: 72ha () Prática: Total: 72ha (),"[""internet"", ""midia"", ""midias""]",12,68,Res032Conep2017 PPC Letras-Língua Inglesa e suas Literaturas,https://arquivos.ufsj.edu.br/arquivos/2017077157864c033328f35760e508e1/Res032Conep2017_PPCLetras-LinguaInglesaesuasLiteraturas.pdf
UFSJ,Universidade Federal de São João del-Rei,MG,federal,Contac Teórica: Prática:  Total,"[""tecnologia"", ""tecnologias""]",10,102,Res032Conep2017 PPC Letras-Língua Inglesa e suas Literaturas,https://arquivos.ufsj.edu.br/arquivos/2017077157864c033328f35760e508e1/Res032Conep2017_PPCLetras-LinguaInglesaesuasLiteraturas.pdf
UFSJ,Universidade Federal de São João del-Rei,MG,federal,Contac Teórica: 36ha () Prática: Total: 36ha (),"[""midia""]",8,70,Res032Conep2017 PPC Letras-Língua Inglesa e suas Literaturas,https://arquivos.ufsj.edu.br/arquivos/2017077157864c033328f35760e508e1/Res032Conep2017_PPCLetras-LinguaInglesaesuasLiteraturas.pdf
UFSJ,Universidade Federal de São João del-Rei,MG,federal,Teórica:  (-aula) Prática: Total:  (-aula),"[""internet""]",8,87,Res033Conep2017 PPC Curso de Letras-Língua Portuguesa e suas ...,https://arquivos.ufsj.edu.br/arquivos/2017104236ca6e033329efa4c62706dc/Res033Conep2017_PPCCursoLetras-LinguaPortuguesaesuasLiteraturas.pdf
UFSJ,Universidade Federal de São João del-Rei,MG,federal,Unidade Curricular: ELI: ESCRITA ACADÊMICA EM LÍNGUA INGLESA (ONLINE),"[""online""]",4,81,Res032Conep2017 PPC Letras-Língua Inglesa e suas Literaturas,https://arquivos.ufsj.edu.br/arquivos/2017077157864c033328f35760e508e1/Res032Conep2017_PPCLetras-LinguaInglesaesuasLiteraturas.pdf
UFSJ,Universidade Federal de São João del-Rei,MG,federal,Unidade Curricular: PCI: ENSINO DE LÍNGUA ESTRANGEIRA POR MEIO DE TECNOLOGIA,"[""tecnologia""]",4,98,Res032Conep2017 PPC Letras-Língua Inglesa e suas Literaturas,https://arquivos.ufsj.edu.br/arquivos/2017077157864c033328f35760e508e1/Res032Conep2017_PPCLetras-LinguaInglesaesuasLiteraturas.pdf
UFSM,Universidade Federal de Santa Maria,RS,federal,INTRODUÇÃO À INFORMÁTICA (2-2),"[""ead"", ""informatica""]",9,44,MINISTÉRIO DA EDUCAÇÃO UNIVERSIDADE FEDERAL DE SANTA MA - UFSM,https://www.ufsm.br/orgaos-suplementares/nte/wp-content/uploads/sites/358/2019/01/PPC-Letras-Portugues.pdf
UFSM,Universidade Federal de Santa Maria,RS,federal,OFICINA DE INTRODUÇÃO À MULTIMÍDIA (2-2),"[""ead"", ""midia""]",9,48,MINISTÉRIO DA EDUCAÇÃO UNIVERSIDADE FEDERAL DE SANTA MA - UFSM,https://www.ufsm.br/orgaos-suplementares/nte/wp-content/uploads/sites/358/2019/01/PPC-Letras-Portugues.pdf
UFSM,Universidade Federal de Santa Maria,RS,federal,ANTROPOLOGIA CULTURAL (2-2),"[""ead""]",7,154,MINISTÉRIO DA EDUCAÇÃO UNIVERSIDADE FEDERAL DE SANTA MA - UFSM,https://www.ufsm.br/orgaos-suplementares/nte/wp-content/uploads/sites/358/2019/01/PPC-Letras-Portugues.pdf
UFSM,Universidade Federal de Santa Maria,RS,federal,EPISTEMOLOGIA (2-2),"[""ead""]",7,150,MINISTÉRIO DA EDUCAÇÃO UNIVERSIDADE FEDERAL DE SANTA MA - UFSM,https://www.ufsm.br/orgaos-suplementares/nte/wp-content/uploads/sites/358/2019/01/PPC-Letras-Portugues.pdf
UFSM,Universidade Federal de Santa Maria,RS,federal,ESTÁGIO CURRICULAR SUPERVISIONADO (2-5),"[""ead""]",7,114,MINISTÉRIO DA EDUCAÇÃO UNIVERSIDADE FEDERAL DE SANTA MA - UFSM,https://www.ufsm.br/orgaos-suplementares/nte/wp-content/uploads/sites/358/2019/01/PPC-Letras-Portugues.pdf
UFSM,Universidade Federal de Santa Maria,RS,federal,ESTÁGIO CURRICULAR SUPERVISIONADO NO ENSINO,"[""ead""]",7,134,MINISTÉRIO DA EDUCAÇÃO UNIVERSIDADE FEDERAL DE SANTA MA - UFSM,https://www.ufsm.br/orgaos-suplementares/nte/wp-content/uploads/sites/358/2019/01/PPC-Letras-Portugues.pdf
UFSM,Universidade Federal de Santa Maria,RS,federal,ESTÁGIO CURRICULAR SUPERVISIONADO NO ENSINO MÉDIO I (2-5),"[""ead""]",7,146,MINISTÉRIO DA EDUCAÇÃO UNIVERSIDADE FEDERAL DE SANTA MA - UFSM,https://www.ufsm.br/orgaos-suplementares/nte/wp-content/uploads/sites/358/2019/01/PPC-Letras-Portugues.pdf
UFSM,Universidade Federal de Santa Maria,RS,federal,ESTÁGIO CURRICULAR SUPERVISIONADO NO ENSINO MÉDIO II (2-5),"[""ead""]",7,166,MINISTÉRIO DA EDUCAÇÃO UNIVERSIDADE FEDERAL DE SANTA MA - UFSM,https://www.ufsm.br/orgaos-suplementares/nte/wp-content/uploads/sites/358/2019/01/PPC-Letras-Portugues.pdf
UFSM,Universidade Federal de Santa Maria,RS,federal,Estágio Curricular Supervisionado 105 (2-5) EAD 1110 Estágio Curricular Supervisionado 105 (2-5),"[""ead""]",7,353,MINISTÉRIO DA EDUCAÇÃO UNIVERSIDADE FEDERAL DE SANTA MA - UFSM,https://www.ufsm.br/orgaos-suplementares/nte/wp-content/uploads/sites/358/2019/01/PPC-Letras-Portugues.pdf
UFSM,Universidade Federal de Santa Maria,RS,federal,FUNDAMENTOS DA EDUCAÇÃO ESPECIAL (2-2),"[""ead""]",7,40,MINISTÉRIO DA EDUCAÇÃO UNIVERSIDADE FEDERAL DE SANTA MA - UFSM,https://www.ufsm.br/orgaos-suplementares/nte/wp-content/uploads/sites/358/2019/01/PPC-Letras-Portugues.pdf
UFSM,Universidade Federal de Santa Maria,RS,federal,FUNDAMENTOS DE LITERATURA BRASILEIRA (2-2),"[""ead""]",7,94,MINISTÉRIO DA EDUCAÇÃO UNIVERSIDADE FEDERAL DE SANTA MA - UFSM,https://www.ufsm.br/orgaos-suplementares/nte/wp-content/uploads/sites/358/2019/01/PPC-Letras-Portugues.pdf
UFSM,Universidade Federal de Santa Maria,RS,federal,FUNDAMENTOS DE LITERATURA PORTUGUESA I (2-2),"[""ead""]",7,102,MINISTÉRIO DA EDUCAÇÃO UNIVERSIDADE FEDERAL DE SANTA MA - UFSM,https://www.ufsm.br/orgaos-suplementares/nte/wp-content/uploads/sites/358/2019/01/PPC-Letras-Portugues.pdf
UFSM,Universidade Federal de Santa Maria,RS,federal,FUNDAMENTOS GRAMATICAIS EM LÍNGUA PORTUGUESA (2-2),"[""ead""]",7,30,MINISTÉRIO DA EDUCAÇÃO UNIVERSIDADE FEDERAL DE SANTA MA - UFSM,https://www.ufsm.br/orgaos-suplementares/nte/wp-content/uploads/sites/358/2019/01/PPC-Letras-Portugues.pdf
UFSM,Universidade Federal de Santa Maria,RS,federal,Fundamentos Gramaticais em Língua,"[""ead""]",7,352,MINISTÉRIO DA EDUCAÇÃO UNIVERSIDADE FEDERAL DE SANTA MA - UFSM,https://www.ufsm.br/orgaos-suplementares/nte/wp-content/uploads/sites/358/2019/01/PPC-Letras-Portugues.pdf
UFSM,Universidade Federal de Santa Maria,RS,federal,GÊNEROS E LEITURA (2-2),"[""ead""]",7,86,MINISTÉRIO DA EDUCAÇÃO UNIVERSIDADE FEDERAL DE SANTA MA - UFSM,https://www.ufsm.br/orgaos-suplementares/nte/wp-content/uploads/sites/358/2019/01/PPC-Letras-Portugues.pdf
UFSM,Universidade Federal de Santa Maria,RS,federal,HISTÓRIA DA EDUCAÇÃO (2-2),"[""ead""]",7,138,MINISTÉRIO DA EDUCAÇÃO UNIVERSIDADE FEDERAL DE SANTA MA - UFSM,https://www.ufsm.br/orgaos-suplementares/nte/wp-content/uploads/sites/358/2019/01/PPC-Letras-Portugues.pdf
UFSM,Universidade Federal de Santa Maria,RS,federal,INTRODUÇÃO AOS ESTUDOS LETERÁRIOS I (2-2),"[""ead""]",7,56,MINISTÉRIO DA EDUCAÇÃO UNIVERSIDADE FEDERAL DE SANTA MA - UFSM,https://www.ufsm.br/orgaos-suplementares/nte/wp-content/uploads/sites/358/2019/01/PPC-Letras-Portugues.pdf
UFSM,Universidade Federal de Santa Maria,RS,federal,INTRODUÇÃO AOS ESTUDOS LITERÁRIOS II (2-2),"[""ead""]",7,90,MINISTÉRIO DA EDUCAÇÃO UNIVERSIDADE FEDERAL DE SANTA MA - UFSM,https://www.ufsm.br/orgaos-suplementares/nte/wp-content/uploads/sites/358/2019/01/PPC-Letras-Portugues.pdf
UFSM,Universidade Federal de Santa Maria,RS,federal,Introdução à Informática 60 (2-2) EAD 1091 Introdução à Informática 60 (2-2),"[""ead"", ""informatica""]",7,352,MINISTÉRIO DA EDUCAÇÃO UNIVERSIDADE FEDERAL DE SANTA MA - UFSM,https://www.ufsm.br/orgaos-suplementares/nte/wp-content/uploads/sites/358/2019/01/PPC-Letras-Portugues.pdf
UFSM,Universidade Federal de Santa Maria,RS,federal,LATIM BÁSICO (2-2),"[""ead""]",7,66,MINISTÉRIO DA EDUCAÇÃO UNIVERSIDADE FEDERAL DE SANTA MA - UFSM,https://www.ufsm.br/orgaos-suplementares/nte/wp-content/uploads/sites/358/2019/01/PPC-Letras-Portugues.pdf
UFSM,Universidade Federal de Santa Maria,RS,federal,LINGÜÍSTICA CONTEMPORÂNEA (2-2),"[""ead""]",7,70,MINISTÉRIO DA EDUCAÇÃO UNIVERSIDADE FEDERAL DE SANTA MA - UFSM,https://www.ufsm.br/orgaos-suplementares/nte/wp-content/uploads/sites/358/2019/01/PPC-Letras-Portugues.pdf
UFSM,Universidade Federal de Santa Maria,RS,federal,LINGÜÍSTICA GERAL (2-2),"[""ead""]",7,34,MINISTÉRIO DA EDUCAÇÃO UNIVERSIDADE FEDERAL DE SANTA MA - UFSM,https://www.ufsm.br/orgaos-suplementares/nte/wp-content/uploads/sites/358/2019/01/PPC-Letras-Portugues.pdf
UFSM,Universidade Federal de Santa Maria,RS,federal,LITERATURA BRASILEIRA: LÍRICA (2-2),"[""ead""]",7,110,MINISTÉRIO DA EDUCAÇÃO UNIVERSIDADE FEDERAL DE SANTA MA - UFSM,https://www.ufsm.br/orgaos-suplementares/nte/wp-content/uploads/sites/358/2019/01/PPC-Letras-Portugues.pdf
UFSM,Universidade Federal de Santa Maria,RS,federal,LITERATURA BRASILEIRA: NARRATIVA (2-2),"[""ead""]",7,122,MINISTÉRIO DA EDUCAÇÃO UNIVERSIDADE FEDERAL DE SANTA MA - UFSM,https://www.ufsm.br/orgaos-suplementares/nte/wp-content/uploads/sites/358/2019/01/PPC-Letras-Portugues.pdf
UFSM,Universidade Federal de Santa Maria,RS,federal,LITERATURA INFANTO-JUVENIL (2-2),"[""ead""]",7,142,MINISTÉRIO DA EDUCAÇÃO UNIVERSIDADE FEDERAL DE SANTA MA - UFSM,https://www.ufsm.br/orgaos-suplementares/nte/wp-content/uploads/sites/358/2019/01/PPC-Letras-Portugues.pdf
UFSM,Universidade Federal de Santa Maria,RS,federal,LITERATURA SUL RIO-GRANDENSE (2-2),"[""ead""]",7,162,MINISTÉRIO DA EDUCAÇÃO UNIVERSIDADE FEDERAL DE SANTA MA - UFSM,https://www.ufsm.br/orgaos-suplementares/nte/wp-content/uploads/sites/358/2019/01/PPC-Letras-Portugues.pdf
UFSM,Universidade Federal de Santa Maria,RS,federal,Lingüística Contemporânea 60 (2-2) EAD 1099 Lingüística Contemporânea 60 (2-2),"[""ead""]",7,353,MINISTÉRIO DA EDUCAÇÃO UNIVERSIDADE FEDERAL DE SANTA MA - UFSM,https://www.ufsm.br/orgaos-suplementares/nte/wp-content/uploads/sites/358/2019/01/PPC-Letras-Portugues.pdf
UFSM,Universidade Federal de Santa Maria,RS,federal,MORFOLOGIA DO PORTUGUÊS (2-2),"[""ead""]",7,52,MINISTÉRIO DA EDUCAÇÃO UNIVERSIDADE FEDERAL DE SANTA MA - UFSM,https://www.ufsm.br/orgaos-suplementares/nte/wp-content/uploads/sites/358/2019/01/PPC-Letras-Portugues.pdf
UFSM,Universidade Federal de Santa Maria,RS,federal,Morfologia do Português 60 (2-2) EAD 1079 Morfologia do Português 60 (2-2),"[""ead""]",7,352,MINISTÉRIO DA EDUCAÇÃO UNIVERSIDADE FEDERAL DE SANTA MA - UFSM,https://www.ufsm.br/orgaos-suplementares/nte/wp-content/uploads/sites/358/2019/01/PPC-Letras-Portugues.pdf
UFSM,Universidade Federal de Santa Maria,RS,federal,POLÍTICAS PÚBLICAS E GESTÃO NA EDUCAÇÃO BÁSICA (3-2),"[""ead""]",7,62,MINISTÉRIO DA EDUCAÇÃO UNIVERSIDADE FEDERAL DE SANTA MA - UFSM,https://www.ufsm.br/orgaos-suplementares/nte/wp-content/uploads/sites/358/2019/01/PPC-Letras-Portugues.pdf
UFSM,Universidade Federal de Santa Maria,RS,federal,PRAGMÁTICA DO PORTUGUÊS (2-2),"[""ead""]",7,106,MINISTÉRIO DA EDUCAÇÃO UNIVERSIDADE FEDERAL DE SANTA MA - UFSM,https://www.ufsm.br/orgaos-suplementares/nte/wp-content/uploads/sites/358/2019/01/PPC-Letras-Portugues.pdf
UFSM,Universidade Federal de Santa Maria,RS,federal,PRODUÇÃO E ANÁLISE DE MATERIAL DIDÁTICO EM LÍNGUA,"[""ead""]",7,130,MINISTÉRIO DA EDUCAÇÃO UNIVERSIDADE FEDERAL DE SANTA MA - UFSM,https://www.ufsm.br/orgaos-suplementares/nte/wp-content/uploads/sites/358/2019/01/PPC-Letras-Portugues.pdf
UFSM,Universidade Federal de Santa Maria,RS,federal,PRODUÇÃO TEXTUAL (2-2),"[""ead""]",7,126,MINISTÉRIO DA EDUCAÇÃO UNIVERSIDADE FEDERAL DE SANTA MA - UFSM,https://www.ufsm.br/orgaos-suplementares/nte/wp-content/uploads/sites/358/2019/01/PPC-Letras-Portugues.pdf
UFSM,Universidade Federal de Santa Maria,RS,federal,PSICOLINGÜÍSTICA (2-2),"[""ead""]",7,118,MINISTÉRIO DA EDUCAÇÃO UNIVERSIDADE FEDERAL DE SANTA MA - UFSM,https://www.ufsm.br/orgaos-suplementares/nte/wp-content/uploads/sites/358/2019/01/PPC-Letras-Portugues.pdf
UFSM,Universidade Federal de Santa Maria,RS,federal,Psicolingüística 60 (2-2) EAD 1100 Psicolingüística 60 (2-2),"[""ead""]",7,353,MINISTÉRIO DA EDUCAÇÃO UNIVERSIDADE FEDERAL DE SANTA MA - UFSM,https://www.ufsm.br/orgaos-suplementares/nte/wp-content/uploads/sites/358/2019/01/PPC-Letras-Portugues.pdf
UFSM,Universidade Federal de Santa Maria,RS,federal,SEMÂNTICA DO PORTUGUÊS (2-2),"[""ead""]",7,98,MINISTÉRIO DA EDUCAÇÃO UNIVERSIDADE FEDERAL DE SANTA MA - UFSM,https://www.ufsm.br/orgaos-suplementares/nte/wp-content/uploads/sites/358/2019/01/PPC-Letras-Portugues.pdf
UFSM,Universidade Federal de Santa Maria,RS,federal,SINTAXE DO PORTUGUÊS (2-2),"[""ead""]",7,74,MINISTÉRIO DA EDUCAÇÃO UNIVERSIDADE FEDERAL DE SANTA MA - UFSM,https://www.ufsm.br/orgaos-suplementares/nte/wp-content/uploads/sites/358/2019/01/PPC-Letras-Portugues.pdf
UFSM,Universidade Federal de Santa Maria,RS,federal,SOCIOLINGÜÍSTICA (2-2),"[""ead""]",7,78,MINISTÉRIO DA EDUCAÇÃO UNIVERSIDADE FEDERAL DE SANTA MA - UFSM,https://www.ufsm.br/orgaos-suplementares/nte/wp-content/uploads/sites/358/2019/01/PPC-Letras-Portugues.pdf
UFSM,Universidade Federal de Santa Maria,RS,federal,TRABALHO DE CONCLUSÃO DE CURSO (1-3),"[""ead""]",7,158,MINISTÉRIO DA EDUCAÇÃO UNIVERSIDADE FEDERAL DE SANTA MA - UFSM,https://www.ufsm.br/orgaos-suplementares/nte/wp-content/uploads/sites/358/2019/01/PPC-Letras-Portugues.pdf
UFSM,Universidade Federal de Santa Maria,RS,federal,Antropologia Cultural 60 (2-2) EAD 1094 Antropologia Cultural 60 (2-2),"[""ead""]",5,352,MINISTÉRIO DA EDUCAÇÃO UNIVERSIDADE FEDERAL DE SANTA MA - UFSM,https://www.ufsm.br/orgaos-suplementares/nte/wp-content/uploads/sites/358/2019/01/PPC-Letras-Portugues.pdf
UFSM,Universidade Federal de Santa Maria,RS,federal,Didática do Português 75 (3-2) EAD 1087 Didática do Português 75 (3-2),"[""ead""]",5,352,MINISTÉRIO DA EDUCAÇÃO UNIVERSIDADE FEDERAL DE SANTA MA - UFSM,https://www.ufsm.br/orgaos-suplementares/nte/wp-content/uploads/sites/358/2019/01/PPC-Letras-Portugues.pdf
UFSM,Universidade Federal de Santa Maria,RS,federal,Epistemologia 60 (2-2) EAD 1093 Epistemologia 60 (2-2),"[""ead""]",5,352,MINISTÉRIO DA EDUCAÇÃO UNIVERSIDADE FEDERAL DE SANTA MA - UFSM,https://www.ufsm.br/orgaos-suplementares/nte/wp-content/uploads/sites/358/2019/01/PPC-Letras-Portugues.pdf
UFSM,Universidade Federal de Santa Maria,RS,federal,Fundamentos de Literatura Portuguesa,"[""ead""]",5,353,MINISTÉRIO DA EDUCAÇÃO UNIVERSIDADE FEDERAL DE SANTA MA - UFSM,https://www.ufsm.br/orgaos-suplementares/nte/wp-content/uploads/sites/358/2019/01/PPC-Letras-Portugues.pdf
UFSM,Universidade Federal de Santa Maria,RS,federal,Gêneros e Leitura 60 (2-2) EAD 1096 Gêneros e Leitura 60 (2-2),"[""ead""]",5,352,MINISTÉRIO DA EDUCAÇÃO UNIVERSIDADE FEDERAL DE SANTA MA - UFSM,https://www.ufsm.br/orgaos-suplementares/nte/wp-content/uploads/sites/358/2019/01/PPC-Letras-Portugues.pdf
UFSM,Universidade Federal de Santa Maria,RS,federal,História da Educação 60 (2-2) EAD 1090 História da Educação 60 (2-2),"[""ead""]",5,352,MINISTÉRIO DA EDUCAÇÃO UNIVERSIDADE FEDERAL DE SANTA MA - UFSM,https://www.ufsm.br/orgaos-suplementares/nte/wp-content/uploads/sites/358/2019/01/PPC-Letras-Portugues.pdf
UFSM,Universidade Federal de Santa Maria,RS,federal,Latim Básico 60 (2-2) EAD 1095 Latim Básico 60 (2-2),"[""ead""]",5,352,MINISTÉRIO DA EDUCAÇÃO UNIVERSIDADE FEDERAL DE SANTA MA - UFSM,https://www.ufsm.br/orgaos-suplementares/nte/wp-content/uploads/sites/358/2019/01/PPC-Letras-Portugues.pdf
UFSM,Universidade Federal de Santa Maria,RS,federal,Lingüística Geral 60 (2-2) EAD 1082 Lingüística Geral 60 (2-2),"[""ead""]",5,352,MINISTÉRIO DA EDUCAÇÃO UNIVERSIDADE FEDERAL DE SANTA MA - UFSM,https://www.ufsm.br/orgaos-suplementares/nte/wp-content/uploads/sites/358/2019/01/PPC-Letras-Portugues.pdf
UFSM,Universidade Federal de Santa Maria,RS,federal,Literatura Brasileira: Lírica 60 (2-2) EAD 1104 Literatura Brasileira: Lírica 60 (2-2),"[""ead""]",5,353,MINISTÉRIO DA EDUCAÇÃO UNIVERSIDADE FEDERAL DE SANTA MA - UFSM,https://www.ufsm.br/orgaos-suplementares/nte/wp-content/uploads/sites/358/2019/01/PPC-Letras-Portugues.pdf
UFSM,Universidade Federal de Santa Maria,RS,federal,Literatura Brasileira: Narrativa 60 (2-2) EAD 1107 Literatura Brasileira: Narrativa 60 (2-2),"[""ead""]",5,353,MINISTÉRIO DA EDUCAÇÃO UNIVERSIDADE FEDERAL DE SANTA MA - UFSM,https://www.ufsm.br/orgaos-suplementares/nte/wp-content/uploads/sites/358/2019/01/PPC-Letras-Portugues.pdf
UFSM,Universidade Federal de Santa Maria,RS,federal,Literatura Infanto-juvenil 60 (2-2) EAD 1105 Literatura Infanto-juvenil 60 (2-2),"[""ead""]",5,353,MINISTÉRIO DA EDUCAÇÃO UNIVERSIDADE FEDERAL DE SANTA MA - UFSM,https://www.ufsm.br/orgaos-suplementares/nte/wp-content/uploads/sites/358/2019/01/PPC-Letras-Portugues.pdf
UFSM,Universidade Federal de Santa Maria,RS,federal,Políticas Públicas e Gestão na Educação,"[""ead""]",5,352,MINISTÉRIO DA EDUCAÇÃO UNIVERSIDADE FEDERAL DE SANTA MA - UFSM,https://www.ufsm.br/orgaos-suplementares/nte/wp-content/uploads/sites/358/2019/01/PPC-Letras-Portugues.pdf
UFSM,Universidade Federal de Santa Maria,RS,federal,Pragmática do Português 60 (2-2) EAD 1098 Pragmática do Português 60 (2-2),"[""ead""]",5,352,MINISTÉRIO DA EDUCAÇÃO UNIVERSIDADE FEDERAL DE SANTA MA - UFSM,https://www.ufsm.br/orgaos-suplementares/nte/wp-content/uploads/sites/358/2019/01/PPC-Letras-Portugues.pdf
UFSM,Universidade Federal de Santa Maria,RS,federal,Produção Textual 60 (2-2) EAD 1108 Produção Textual 60 (2-2),"[""ead""]",5,353,MINISTÉRIO DA EDUCAÇÃO UNIVERSIDADE FEDERAL DE SANTA MA - UFSM,https://www.ufsm.br/orgaos-suplementares/nte/wp-content/uploads/sites/358/2019/01/PPC-Letras-Portugues.pdf
UFSM,Universidade Federal de Santa Maria,RS,federal,Produção e Análise de Material,"[""ead""]",5,353,MINISTÉRIO DA EDUCAÇÃO UNIVERSIDADE FEDERAL DE SANTA MA - UFSM,https://www.ufsm.br/orgaos-suplementares/nte/wp-content/uploads/sites/358/2019/01/PPC-Letras-Portugues.pdf
UFSM,Universidade Federal de Santa Maria,RS,federal,Semântica do Português 60 (2-2) EAD 1097 Semântica do Português 60 (2-2),"[""ead""]",5,352,MINISTÉRIO DA EDUCAÇÃO UNIVERSIDADE FEDERAL DE SANTA MA - UFSM,https://www.ufsm.br/orgaos-suplementares/nte/wp-content/uploads/sites/358/2019/01/PPC-Letras-Portugues.pdf
UFSM,Universidade Federal de Santa Maria,RS,federal,Sintaxe do Português 60 (2-2) EAD 1081 Sintaxe do Português 60 (2-2),"[""ead""]",5,352,MINISTÉRIO DA EDUCAÇÃO UNIVERSIDADE FEDERAL DE SANTA MA - UFSM,https://www.ufsm.br/orgaos-suplementares/nte/wp-content/uploads/sites/358/2019/01/PPC-Letras-Portugues.pdf
UFSM,Universidade Federal de Santa Maria,RS,federal,Sociolingüística 60 (2-2) EAD 1083 Sociolingüística 60 (2-2),"[""ead""]",5,352,MINISTÉRIO DA EDUCAÇÃO UNIVERSIDADE FEDERAL DE SANTA MA - UFSM,https://www.ufsm.br/orgaos-suplementares/nte/wp-content/uploads/sites/358/2019/01/PPC-Letras-Portugues.pdf
UFSM,Universidade Federal de Santa Maria,RS,federal,Ambiente Virtual Moodle,"[""moodle"", ""virtual""]",4,1,Letras – Curso de Graduação – Campus Santa Maria,https://www.ufsm.br/cursos/graduacao/santa-maria/letras
UFSM,Universidade Federal de Santa Maria,RS,federal,Descrever a organização funcional de um computador,"[""computador""]",4,44,MINISTÉRIO DA EDUCAÇÃO UNIVERSIDADE FEDERAL DE SANTA MA - UFSM,https://www.ufsm.br/orgaos-suplementares/nte/wp-content/uploads/sites/358/2019/01/PPC-Letras-Portugues.pdf
UFSM,Universidade Federal de Santa Maria,RS,federal,EAD Disciplina Complementar de Graduação N DCG -X,"[""ead""]",4,185,MINISTÉRIO DA EDUCAÇÃO UNIVERSIDADE FEDERAL DE SANTA MA - UFSM,https://www.ufsm.br/orgaos-suplementares/nte/wp-content/uploads/sites/358/2019/01/PPC-Letras-Portugues.pdf
UFSM,Universidade Federal de Santa Maria,RS,federal,Licenciatura - EAD,"[""ead""]",4,1,Letras – Português – EaD – Curso de Graduação – Educação a ...,https://www.ufsm.br/cursos/graduacao/educacao-a-distancia/letras-portugues
UFSM,Universidade Federal de Santa Maria,RS,federal,UNIDADE 2 – SISTEMAS OPERACIONAIS E APLICATIVOS,"[""aplicativo"", ""aplicativos""]",4,44,MINISTÉRIO DA EDUCAÇÃO UNIVERSIDADE FEDERAL DE SANTA MA - UFSM,https://www.ufsm.br/orgaos-suplementares/nte/wp-content/uploads/sites/358/2019/01/PPC-Letras-Portugues.pdf
UFT,Universidade Federal do Tocantins,TO,federal,Libras e Tecnologias Digitais de Informação e Comunicação - TDIC,"[""tdic"", ""tecnologia"", ""tecnologias"", ""tecnologias digitais""]",10,1,Estrutura Curricular - uft.edu.br,https://www.uft.edu.br/campus/portonacional/cursos/graduacao/letras-libras/estrutura-curricular
UFT,Universidade Federal do Tocantins,TO,federal,Carga horária Total: 30 Carga horária Teórica: 30 Carga Horária Prática,"[""corpus""]",6,95,FUNDAÇÃO UNIVERSIDADE FEDERAL DO TOCANTINS,https://docs.uft.edu.br/share/proxy/alfresco-noauth/api/internal/shared/node/-WoU6GnsTCurkTx6iTLh-A/content/Projeto+PedagÃ³gico+do+curso+de+Licenciatura+em+Letras+PortuguÃªs+e+InglÃªs+-+2009.pdf
UFT,Universidade Federal do Tocantins,TO,federal,Educação e Tecnologias Contemporâneas Mara,"[""tecnologia"", ""tecnologias""]",6,186,FUNDAÇÃO UNIVERSIDADE FEDERAL DO TOCANTINS,https://docs.uft.edu.br/share/proxy/alfresco-noauth/api/internal/shared/node/-WoU6GnsTCurkTx6iTLh-A/content/Projeto+PedagÃ³gico+do+curso+de+Licenciatura+em+Letras+PortuguÃªs+e+InglÃªs+-+2009.pdf
UFT,Universidade Federal do Tocantins,TO,federal,Educação e Tecnologias Contemporâneas* A contratar,"[""tecnologia"", ""tecnologias""]",6,189,FUNDAÇÃO UNIVERSIDADE FEDERAL DO TOCANTINS,https://docs.uft.edu.br/share/proxy/alfresco-noauth/api/internal/shared/node/-WoU6GnsTCurkTx6iTLh-A/content/Projeto+PedagÃ³gico+do+curso+de+Licenciatura+em+Letras+PortuguÃªs+e+InglÃªs+-+2009.pdf
UFU,Universidade Federal de Uberlândia,MG,federal,Inglesa e as Tecnologias,"[""tecnologia"", ""tecnologias""]",4,1,Grade curricular | ILEEL (anexo),http://www.portal.ileel.ufu.br/system/files/conteudo/fluxograma_curricular_ingles_-_versao_2018_0.pdf
UFU,Universidade Federal de Uberlândia,MG,federal,Introdução à Educação a distância,"[""educacao a distancia""]",4,59,PROJETO PEDAGÓGICO DO CURSO DE LETRAS LICENCIATURA ... - ILEEL,http://www.portal.ileel.ufu.br/system/files/conteudo/projeto-pedagogico-letras-ingles_0.pdf
UFU,Universidade Federal de Uberlândia,MG,federal,LICENCIATURA EAD MG,"[""ead""]",4,7,PROJETO PEDAGÓGICO DO CURSO DE LETRAS LICENCIATURA ... - ILEEL,http://www.portal.ileel.ufu.br/system/files/conteudo/projeto-pedagogico-letras-ingles_0.pdf
UFU,Universidade Federal de Uberlândia,MG,federal,LICENCIATURA EAD MG ARAXÁ,"[""ead""]",4,7,PROJETO PEDAGÓGICO DO CURSO DE LETRAS LICENCIATURA ... - ILEEL,http://www.portal.ileel.ufu.br/system/files/conteudo/projeto-pedagogico-letras-ingles_0.pdf
UFU,Universidade Federal de Uberlândia,MG,federal,LICENCIATURA EAD MG UBERABA,"[""ead""]",4,7,PROJETO PEDAGÓGICO DO CURSO DE LETRAS LICENCIATURA ... - ILEEL,http://www.portal.ileel.ufu.br/system/files/conteudo/projeto-pedagogico-letras-ingles_0.pdf
UFU,Universidade Federal de Uberlândia,MG,federal,LICENCIATURA EAD MG UBERLÂNDIA,"[""ead""]",4,7,PROJETO PEDAGÓGICO DO CURSO DE LETRAS LICENCIATURA ... - ILEEL,http://www.portal.ileel.ufu.br/system/files/conteudo/projeto-pedagogico-letras-ingles_0.pdf
UFU,Universidade Federal de Uberlândia,MG,federal,Língua Inglesa: Estudos Descritivos e Linguística de Corpus integrada à prática educativa,"[""corpus""]",4,119,PROJETO PEDAGÓGICO DO CURSO DE LETRAS LICENCIATURA ... - ILEEL,http://www.portal.ileel.ufu.br/system/files/conteudo/projeto-pedagogico-letras-ingles_0.pdf
UFU,Universidade Federal de Uberlândia,MG,federal,Tecnologia da Informação,"[""tecnologia""]",4,1,| PROGRAD/UFU,https://prograd.ufu.br/servicos/pibidsites/default/files/Estabelece+as+Diretrizes+Curriculares+para+os+cursos+de+Letras.pdf
UFU,Universidade Federal de Uberlândia,MG,federal,Tradução e novas tecnologias,"[""tecnologia"", ""tecnologias""]",4,108,PROJETO PEDAGÓGICO DO CURSO DE LETRAS LICENCIATURA ... - ILEEL,http://www.portal.ileel.ufu.br/system/files/conteudo/projeto-pedagogico-letras-ingles_0.pdf
UFV,Universidade Federal de Viçosa,MG,federal,Comunicação e Cultura Digital,"[""cultura digital"", ""digital""]",7,81,PROJETO PEDAGÓGICO DO CURSO DE LETRAS PORTUGUÊS-FRANC,https://letras.ufv.br/wp-content/uploads/2022/12/PPC-2023-LETRAS-Portugues_Frances-FINAL-com-anexos_compressed.pdf
UFV,Universidade Federal de Viçosa,MG,federal,Tecnologias,"[""tecnologia"", ""tecnologias""]",7,77,PROJETO PEDAGÓGICO DO CURSO DE LETRAS PORTUGUÊS-FRANC,https://letras.ufv.br/wp-content/uploads/2022/12/PPC-2023-LETRAS-Portugues_Frances-FINAL-com-anexos_compressed.pdf
UFV,Universidade Federal de Viçosa,MG,federal,Projeto TICs na prática docente,"[""tics""]",5,82,PROJETO PEDAGÓGICO DO CURSO DE LETRAS PORTUGUÊS-FRANC,https://letras.ufv.br/wp-content/uploads/2022/12/PPC-2023-LETRAS-Portugues_Frances-FINAL-com-anexos_compressed.pdf
UFVJM,Universidade Federal dos Vales do Jequitinhonha e Mucuri,MG,federal,Carga horária,"[""hipermidia"", ""midia"", ""midias"", ""tic"", ""tics""]",16,134,MINISTÉRIO DA EDUCAÇÃO UNIVERSIDADE FEDERAL DOS VALES DO ...,https://portal.ufvjm.edu.br/prograd/ensino/projetos-pedagogicos/projetos-pedagogicos-periodo-normal/campi-de-diamantina/letras-projeto-pedagogico-2018/@@download/file/Letras+-+Projeto+Pedagógico+2018.pdf
UFVJM,Universidade Federal dos Vales do Jequitinhonha e Mucuri,MG,federal,Linguística Aplicada ao Ensino de Língua Inglesa,"[""corpus"", ""gamificacao"", ""midia"", ""midias"", ""multiletramento"", ""multiletramentos""]",16,129,MINISTÉRIO DA EDUCAÇÃO UNIVERSIDADE FEDERAL DOS VALES DO ...,https://portal.ufvjm.edu.br/prograd/ensino/projetos-pedagogicos/projetos-pedagogicos-periodo-normal/campi-de-diamantina/letras-projeto-pedagogico-2018/@@download/file/Letras+-+Projeto+Pedagógico+2018.pdf
UFVJM,Universidade Federal dos Vales do Jequitinhonha e Mucuri,MG,federal,Carga horária  teóricas,"[""midia""]",8,92,MINISTÉRIO DA EDUCAÇÃO UNIVERSIDADE FEDERAL DOS VALES DO ...,https://portal.ufvjm.edu.br/prograd/ensino/projetos-pedagogicos/projetos-pedagogicos-periodo-normal/campi-de-diamantina/letras-projeto-pedagogico-2018/@@download/file/Letras+-+Projeto+Pedagógico+2018.pdf
UFVJM,Universidade Federal dos Vales do Jequitinhonha e Mucuri,MG,federal,Literatura e Tecnologias do Texto,"[""tecnologia"", ""tecnologias""]",8,24,PPP Curso de Letras _ Portugu\352s Espanhol_,https://site.ufvjm.edu.br/letras/files/2013/06/Letras-Português-Espanhol-Projeto-Pedagógico.pdf
UFVJM,Universidade Federal dos Vales do Jequitinhonha e Mucuri,MG,federal,Inglês Através das Mídias 3,"[""midia"", ""midias""]",7,231,MINISTÉRIO DA EDUCAÇÃO UNIVERSIDADE FEDERAL DOS VALES DO ...,https://portal.ufvjm.edu.br/prograd/ensino/projetos-pedagogicos/projetos-pedagogicos-periodo-normal/campi-de-diamantina/letras-projeto-pedagogico-2018/@@download/file/Letras+-+Projeto+Pedagógico+2018.pdf
UFVJM,Universidade Federal dos Vales do Jequitinhonha e Mucuri,MG,federal,Interdisciplinar Comunicaçãoo Midiática*,"[""midia""]",7,219,MINISTÉRIO DA EDUCAÇÃO UNIVERSIDADE FEDERAL DOS VALES DO ...,https://portal.ufvjm.edu.br/prograd/ensino/projetos-pedagogicos/projetos-pedagogicos-periodo-normal/campi-de-diamantina/letras-projeto-pedagogico-2018/@@download/file/Letras+-+Projeto+Pedagógico+2018.pdf
UFVJM,Universidade Federal dos Vales do Jequitinhonha e Mucuri,MG,federal,Elaborar materiais pedagógicos/ hipermídias,"[""hipermidia"", ""midia"", ""midias""]",6,134,MINISTÉRIO DA EDUCAÇÃO UNIVERSIDADE FEDERAL DOS VALES DO ...,https://portal.ufvjm.edu.br/prograd/ensino/projetos-pedagogicos/projetos-pedagogicos-periodo-normal/campi-de-diamantina/letras-projeto-pedagogico-2018/@@download/file/Letras+-+Projeto+Pedagógico+2018.pdf
UFVJM,Universidade Federal dos Vales do Jequitinhonha e Mucuri,MG,federal,"Espanhola, usando desde as tecnologias tradicionais até","[""tecnologia"", ""tecnologias""]",6,69,PPP Curso de Letras _ Portugu\352s Espanhol_,https://site.ufvjm.edu.br/letras/files/2013/06/Letras-Português-Espanhol-Projeto-Pedagógico.pdf
UFVJM,Universidade Federal dos Vales do Jequitinhonha e Mucuri,MG,federal,Tecnologias,"[""tecnologia"", ""tecnologias""]",6,38,PPP Curso de Letras _ Portugu\352s Espanhol_,https://site.ufvjm.edu.br/letras/files/2013/06/Letras-Português-Espanhol-Projeto-Pedagógico.pdf
UFVJM,Universidade Federal dos Vales do Jequitinhonha e Mucuri,MG,federal,Comunicação Midiática,"[""midia""]",5,224,MINISTÉRIO DA EDUCAÇÃO UNIVERSIDADE FEDERAL DOS VALES DO ...,https://portal.ufvjm.edu.br/prograd/ensino/projetos-pedagogicos/projetos-pedagogicos-periodo-normal/campi-de-diamantina/letras-projeto-pedagogico-2018/@@download/file/Letras+-+Projeto+Pedagógico+2018.pdf
UFVJM,Universidade Federal dos Vales do Jequitinhonha e Mucuri,MG,federal,Língua Inglesa: Estudos Descritivos e Linguística de Corpus I 3,"[""corpus""]",5,231,MINISTÉRIO DA EDUCAÇÃO UNIVERSIDADE FEDERAL DOS VALES DO ...,https://portal.ufvjm.edu.br/prograd/ensino/projetos-pedagogicos/projetos-pedagogicos-periodo-normal/campi-de-diamantina/letras-projeto-pedagogico-2018/@@download/file/Letras+-+Projeto+Pedagógico+2018.pdf
UFVJM,Universidade Federal dos Vales do Jequitinhonha e Mucuri,MG,federal,Cursos de Informática. Participação  01 hora,"[""informatica""]",4,195,MINISTÉRIO DA EDUCAÇÃO UNIVERSIDADE FEDERAL DOS VALES DO ...,https://portal.ufvjm.edu.br/prograd/ensino/projetos-pedagogicos/projetos-pedagogicos-periodo-normal/campi-de-diamantina/letras-projeto-pedagogico-2018/@@download/file/Letras+-+Projeto+Pedagógico+2018.pdf
UFVJM,Universidade Federal dos Vales do Jequitinhonha e Mucuri,MG,federal,"Tecnologia, Cognição e Sociedade","[""tecnologia""]",4,25,PPP Curso de Letras _ Portugu\352s Espanhol_,https://site.ufvjm.edu.br/letras/files/2013/06/Letras-Português-Espanhol-Projeto-Pedagógico.pdf
UFVJM,Universidade Federal dos Vales do Jequitinhonha e Mucuri,MG,federal,Tecnologias da Informação no Processo de Ensino−,"[""tecnologia"", ""tecnologias""]",4,74,MINISTÉRIO DA EDUCAÇÃO UNIVERSIDADE FEDERAL DOS VALES DO ...,https://portal.ufvjm.edu.br/prograd/ensino/projetos-pedagogicos/projetos-pedagogicos-periodo-normal/campi-de-diamantina/letras-projeto-pedagogico-2018/@@download/file/Letras+-+Projeto+Pedagógico+2018.pdf
UFVJM,Universidade Federal dos Vales do Jequitinhonha e Mucuri,MG,federal,"VII - Programação, planejamento e atividades do estágio","[""programacao""]",4,94,PPP Curso de Letras _ Portugu\352s Espanhol_,https://site.ufvjm.edu.br/letras/files/2013/06/Letras-Português-Espanhol-Projeto-Pedagógico.pdf
UNCISAL,Universidade Estadual de Ciências da Saúde de Alagoas,AL,estadual,Carga horária da disciplina: 40 Carga horária semanal: 2,"[""cibercultura"", ""informatica"", ""recursos digitais"", ""tecnologia"", ""tecnologias"", ""tecnologias digitais""]",16,49,PDF Projeto Pedagógico Do Curso De Licenciatura Em Letras/Português ...,https://www2.ifal.edu.br/superior/arquivos/ppc-licenciatura-em-letras.pdf
UNCISAL,Universidade Estadual de Ciências da Saúde de Alagoas,AL,estadual,Nível: Superior,"[""redes sociais"", ""software"", ""tecnologia"", ""tecnologias"", ""tic"", ""tics""]",16,138,PDF Projeto Pedagógico do Curso - PPC Curso de Licenciatura em Letras ...,https://h-portal.ifce.edu.br/documents/4418/PPC-Letras.pdf
UNCISAL,Universidade Estadual de Ciências da Saúde de Alagoas,AL,estadual,Carga horária da disciplina: 60 Carga horária semanal: 3,"[""midia"", ""tecnologia"", ""tecnologia educacional"", ""tecnologias"", ""tecnologica""]",14,95,PDF Projeto Pedagógico Do Curso De Licenciatura Em Letras/Português ...,https://www2.ifal.edu.br/superior/arquivos/ppc-licenciatura-em-letras.pdf
UNCISAL,Universidade Estadual de Ciências da Saúde de Alagoas,AL,estadual,Mídias e Tecnologia no Ensino,"[""midia"", ""midias"", ""tecnologia""]",8,95,PDF Projeto Pedagógico Do Curso De Licenciatura Em Letras/Português ...,https://www2.ifal.edu.br/superior/arquivos/ppc-licenciatura-em-letras.pdf
UNCISAL,Universidade Estadual de Ciências da Saúde de Alagoas,AL,estadual,Carga horária da disciplina: 120 Carga horária semanal: 6,"[""educacao a distancia""]",6,91,PDF Projeto Pedagógico Do Curso De Licenciatura Em Letras/Português ...,https://www2.ifal.edu.br/superior/arquivos/ppc-licenciatura-em-letras.pdf
UNCISAL,Universidade Estadual de Ciências da Saúde de Alagoas,AL,estadual,"Dessa inici ativa poderão resultar , ainda, ferramentas tecnológicas","[""tecnologica"", ""tecnologicas""]",6,9,PDF Projeto Pedagógico Do Curso De Licenciatura Em Letras/Português ...,https://www2.ifal.edu.br/superior/arquivos/ppc-licenciatura-em-letras.pdf
UNCISAL,Universidade Estadual de Ciências da Saúde de Alagoas,AL,estadual,"Educação, Comunicação e Tecnologias","[""tecnologia"", ""tecnologias""]",6,14,PDF Projeto Pedagógico Do Curso De Licenciatura Em Letras/Português ...,https://www2.ifal.edu.br/superior/arquivos/ppc-licenciatura-em-letras.pdf
UNCISAL,Universidade Estadual de Ciências da Saúde de Alagoas,AL,estadual,"Em síntese, este escopo deve também dialogar com as diversas tecnologias","[""tecnologia"", ""tecnologias""]",6,9,PDF Projeto Pedagógico do Curso - PPC Curso de Licenciatura em Letras ...,https://h-portal.ifce.edu.br/documents/4418/PPC-Letras.pdf
UNCISAL,Universidade Estadual de Ciências da Saúde de Alagoas,AL,estadual,"Mídias e Tecnologia no Ensino 03 60 50,0","[""midia"", ""midias"", ""tecnologia""]",6,19,PDF Projeto Pedagógico Do Curso De Licenciatura Em Letras/Português ...,https://www2.ifal.edu.br/superior/arquivos/ppc-licenciatura-em-letras.pdf
UNCISAL,Universidade Estadual de Ciências da Saúde de Alagoas,AL,estadual,Pressupostos básicos de tecnologia educacional; novas dimensões do processo,"[""tecnologia"", ""tecnologia educacional""]",6,95,PDF Projeto Pedagógico Do Curso De Licenciatura Em Letras/Português ...,https://www2.ifal.edu.br/superior/arquivos/ppc-licenciatura-em-letras.pdf
UNCISAL,Universidade Estadual de Ciências da Saúde de Alagoas,AL,estadual,Participação em cursos de informática,"[""informatica""]",4,54,PDF Projeto Pedagógico do Curso - PPC Curso de Licenciatura em Letras ...,https://h-portal.ifce.edu.br/documents/4418/PPC-Letras.pdf
UNCISAL,Universidade Estadual de Ciências da Saúde de Alagoas,AL,estadual,TICS APLICADAS AO ENSINO,"[""tics""]",4,138,PDF Projeto Pedagógico do Curso - PPC Curso de Licenciatura em Letras ...,https://h-portal.ifce.edu.br/documents/4418/PPC-Letras.pdf
UNCISAL,Universidade Estadual de Ciências da Saúde de Alagoas,AL,estadual,Tecnologias assistivas,"[""tecnologia"", ""tecnologias""]",4,142,PDF Projeto Pedagógico do Curso - PPC Curso de Licenciatura em Letras ...,https://h-portal.ifce.edu.br/documents/4418/PPC-Letras.pdf
UNCISAL,Universidade Estadual de Ciências da Saúde de Alagoas,AL,estadual,Uso de novas tecnologias na educação;,"[""tecnologia"", ""tecnologias""]",4,138,PDF Projeto Pedagógico do Curso - PPC Curso de Licenciatura em Letras ...,https://h-portal.ifce.edu.br/documents/4418/PPC-Letras.pdf
UNDF,Universidade do Distrito Federal Jorge Amaury,DF,estadual,Eletiva,"[""multimodal"", ""multimodalidade"", ""tecnologia"", ""tecnologias""]",12,100,PPC Letras - Português - versão abril/2024,https://universidade.df.gov.br/documents/d/undf/ppc_letras_portugues_matutino__versao_final_2024-04-11_ppc-pdf-1
UNDF,Universidade do Distrito Federal Jorge Amaury,DF,estadual,Multiletramentos,"[""multiletramento"", ""multiletramentos""]",6,87,PPC Letras - Português - versão abril/2024,https://universidade.df.gov.br/documents/d/undf/ppc_letras_portugues_matutino__versao_final_2024-04-11_ppc-pdf-1
UNDF,Universidade do Distrito Federal Jorge Amaury,DF,estadual,Multimodalidade,"[""multimodal"", ""multimodalidade""]",6,100,PPC Letras - Português - versão abril/2024,https://universidade.df.gov.br/documents/d/undf/ppc_letras_portugues_matutino__versao_final_2024-04-11_ppc-pdf-1
UNDF,Universidade do Distrito Federal Jorge Amaury,DF,estadual,Computacional,"[""computacional""]",4,135,PPC Letras - Português - versão abril/2024,https://universidade.df.gov.br/documents/d/undf/ppc_letras_portugues_matutino__versao_final_2024-04-11_ppc-pdf-1
UNDF,Universidade do Distrito Federal Jorge Amaury,DF,estadual,HPL 1: Multiletramentos,"[""multiletramento"", ""multiletramentos""]",4,1,Matriz Curricular - Letras-Português - universidade.df.gov.br,https://universidade.df.gov.br/documents/d/undf/matriz_letras_portugues-pdf
UNDF,Universidade do Distrito Federal Jorge Amaury,DF,estadual,"Letramentos, mídias, linguagens","[""midia"", ""midias""]",4,262,PPC Letras - Português - versão abril/2024,https://universidade.df.gov.br/documents/d/undf/ppc_letras_portugues_matutino__versao_final_2024-04-11_ppc-pdf-1
UNDF,Universidade do Distrito Federal Jorge Amaury,DF,estadual,"Multiletramentos, espaços","[""multiletramento"", ""multiletramentos""]",4,202,PPC de Licenciatura em Letras-Inglês - versão colaborativa,https://universidade.df.gov.br/documents/d/undf/ppc_letras_ingles_vespertino_versao_final_2024-04-11-pdf-1
UNDF,Universidade do Distrito Federal Jorge Amaury,DF,estadual,Práticas de Leitura e Escrita III - Textos e Tecnologias,"[""tecnologia"", ""tecnologias""]",4,1,Matriz Curricular - Letras-Português - universidade.df.gov.br,https://universidade.df.gov.br/documents/d/undf/matriz_letras_portugues-pdf
UNDF,Universidade do Distrito Federal Jorge Amaury,DF,estadual,Tecnologias,"[""tecnologia"", ""tecnologias""]",4,5,PPC Letras - Português - versão abril/2024,https://universidade.df.gov.br/documents/d/undf/ppc_letras_portugues_matutino__versao_final_2024-04-11_ppc-pdf-1
UNDF,Universidade do Distrito Federal Jorge Amaury,DF,estadual,"Textos, tecnologias","[""tecnologia"", ""tecnologias""]",4,100,PPC Letras - Português - versão abril/2024,https://universidade.df.gov.br/documents/d/undf/ppc_letras_portugues_matutino__versao_final_2024-04-11_ppc-pdf-1
UNEAL,Universidade Estadual de Alagoas,AL,estadual,Período letivo: 6º,"[""hipertexto""]",6,80,PDF Projeto Pedagógico Do Curso De Licenciatura Em Letras - Português,https://www2.ifal.edu.br/campus/ead/ensino/cursos/superior/licenciatura-em-letras-portugues/PROJETOPEDAGGICODECURSOLICENCIATURAEMLETRASPORTUGUS_DIREAD_UAB_2020.pdf
UNEAL,Universidade Estadual de Alagoas,AL,estadual,"Educação, Comunicação e Tecnologias","[""tecnologia"", ""tecnologias""]",4,22,PDF Projeto Pedagógico Do Curso De Licenciatura Em Letras - Português,https://www2.ifal.edu.br/campus/ead/ensino/cursos/superior/licenciatura-em-letras-portugues/PROJETOPEDAGGICODECURSOLICENCIATURAEMLETRASPORTUGUS_DIREAD_UAB_2020.pdf
UNEMAT,Universidade do Estado de Mato Grosso,MT,estadual,TECNOLOGIAS DA INFORMAÇÃO E COMUNICAÇÃO - TICS (ELETIVA),"[""tecnologia"", ""tecnologias"", ""tecnologias da informacao e comunicacao"", ""tics""]",10,1,UNEMAT - Universidade do Estado de Mato Grosso | 45 anos de ...,https://sinop.unemat.br/faculdades/fachlin/graduacao/letras-licenciatura-graduacao-presencial-noturno-sinop/matriz
UNEMAT,Universidade do Estado de Mato Grosso,MT,estadual,TECNOLOGIAS DA INFORMAÇÃO E DA COMUNICAÇÃO (TICS),"[""tecnologia"", ""tecnologias"", ""tics""]",8,1,UNEMAT - Universidade do Estado de Mato Grosso | 45 anos de ...,https://tangaradaserra.unemat.br/faculdades/facsal/graduacao/letras-licenciatura-graduacao-presencial-noturno-tangara-da-serra/matriz
UNEMAT,Universidade do Estado de Mato Grosso,MT,estadual,CH. Total,"[""tecnologia""]",6,1,UNEMAT - Universidade do Estado de Mato Grosso | 45 anos de ...,https://caceres.unemat.br/faculdades/facel/graduacao/letras-licenciatura-graduacao-presencial-noturno-caceres/matriz
UNEMAT,Universidade do Estado de Mato Grosso,MT,estadual,INTRODUÇÃO À EAD: LINGUAGEM E TECNOLOGIA,"[""ead"", ""tecnologia""]",6,1,UNEMAT - Universidade do Estado de Mato Grosso | 45 anos de ...,https://pre-dead.unemat.br/faculdades/faed/graduacao/letras-licenciatura-graduacao-a-distancia-integral-dead/matriz
UNEMAT,Universidade do Estado de Mato Grosso,MT,estadual,INTRODUÇÃO Á INFORMÁTICA E A EAD,"[""ead"", ""informatica""]",6,1,UNEMAT - Universidade do Estado de Mato Grosso | 45 anos de ...,https://pre-dead.unemat.br/faculdades/faed/graduacao/letras-licenciatura-graduacao-a-distancia-integral-dead/matriz
UNEMAT,Universidade do Estado de Mato Grosso,MT,estadual,CH. EAD,"[""ead""]",4,1,UNEMAT - Universidade do Estado de Mato Grosso | 45 anos de ...,https://caceres.unemat.br/faculdades/facel/graduacao/letras-licenciatura-graduacao-presencial-noturno-caceres/matriz
UNEMAT,Universidade do Estado de Mato Grosso,MT,estadual,COMPUTADOR NA EDUCAÇÃO,"[""computador""]",4,1,UNEMAT - Universidade do Estado de Mato Grosso | 45 anos de ...,https://pre-dead.unemat.br/faculdades/faed/graduacao/letras-licenciatura-graduacao-a-distancia-integral-dead/matriz
UNEMAT,Universidade do Estado de Mato Grosso,MT,estadual,EDUCAÇÃO FÍSICA: DISCURSO CORPORAL,"[""corpora""]",4,1,UNEMAT - Universidade do Estado de Mato Grosso | 45 anos de ...,https://sinop.unemat.br/faculdades/fachlin/graduacao/letras-licenciatura-graduacao-presencial-noturno-sinop/matriz
UNEMAT,Universidade do Estado de Mato Grosso,MT,estadual,INTRODUÇÃO À EDUCAÇÃO A DISTÂNCIA,"[""educacao a distancia""]",4,1,UNEMAT - Universidade do Estado de Mato Grosso | 45 anos de ...,https://caceres.unemat.br/faculdades/facel/graduacao/letras-licenciatura-graduacao-presencial-noturno-caceres/matriz
UNEMAT,Universidade do Estado de Mato Grosso,MT,estadual,INTRODUÇÃO À INFORMÁTICA,"[""informatica""]",4,1,UNEMAT - Universidade do Estado de Mato Grosso | 45 anos de ...,https://pre-dead.unemat.br/faculdades/faed/graduacao/letras-licenciatura-graduacao-a-distancia-integral-dead/matriz
UNEMAT,Universidade do Estado de Mato Grosso,MT,estadual,INTRODUÇÃO À METODOLOGIA DA EDUCAÇÃO A DISTÂNCIA,"[""educacao a distancia""]",4,1,UNEMAT - Universidade do Estado de Mato Grosso | 45 anos de ...,https://pre-dead.unemat.br/faculdades/faed/graduacao/letras-licenciatura-graduacao-a-distancia-integral-dead/matriz
UNEMAT,Universidade do Estado de Mato Grosso,MT,estadual,LINGUAGEM E TECNOLOGIA,"[""tecnologia""]",4,1,UNEMAT - Universidade do Estado de Mato Grosso | 45 anos de ...,https://caceres.unemat.br/faculdades/facel/graduacao/letras-licenciatura-graduacao-presencial-noturno-caceres/matriz
UNEMAT,Universidade do Estado de Mato Grosso,MT,estadual,LINGUÍSTICA DE CORPUS,"[""corpus""]",4,1,UNEMAT - Universidade do Estado de Mato Grosso | 45 anos de ...,https://caceres.unemat.br/faculdades/facel/graduacao/letras-licenciatura-graduacao-presencial-noturno-caceres/matriz
UNEMAT,Universidade do Estado de Mato Grosso,MT,estadual,METODOLOGIA DA EDUCAÇÃO A DISTÂNCIA,"[""educacao a distancia""]",4,1,UNEMAT - Universidade do Estado de Mato Grosso | 45 anos de ...,https://caceres.unemat.br/faculdades/facel/graduacao/letras-licenciatura-graduacao-presencial-noturno-caceres/matriz
UNEMAT,Universidade do Estado de Mato Grosso,MT,estadual,TECNOLOGIA E ENSINO DE LÍNGUA INGLESA,"[""tecnologia""]",4,1,UNEMAT - Universidade do Estado de Mato Grosso | 45 anos de ...,https://caceres.unemat.br/faculdades/facel/graduacao/letras-licenciatura-graduacao-presencial-noturno-caceres/matriz
UNESPAR,Universidade Estadual do Paraná,PR,estadual,C/H TEÓRICA: 60 C/H PRÁTICA: C/H EXTENSÃO: C/H SEMIPRESENCIAL,"[""aplicativo"", ""aplicativos"", ""ead"", ""educacao a distancia"", ""multiletramento"", ""multiletramentos"", ""online""]",18,62,PDF PROJETO PEDAGÓGICO DO CURSO LETRAS PORTUGUÊS - Universidade,https://prograd.unespar.edu.br/assuntos/graduacao/cursos/apucarana/ppc/ppc-de-letras-portugues-apuc.pdf
UNESPAR,Universidade Estadual do Paraná,PR,estadual,PRÉ-REQUISITOS,"[""tecnologia"", ""tecnologias""]",8,89,PDF Projeto Pedagógico De Curso Letras-português Campus De Paranag,https://paranagua.unespar.edu.br/graduacao/letras-portugues/letras-portugues/ppc-letras-portugues-2023.pdf
UNESPAR,Universidade Estadual do Paraná,PR,estadual,REQUISITOS,"[""corpora"", ""ead""]",8,93,CURSO DE LETRAS - PORTUGUÊS E INGLÊS - LICENCIATURA,https://uniaodavitoria.unespar.edu.br/arquivos/ppc-letras-portugues-e-ingles-2022.pdf
UNESPAR,Universidade Estadual do Paraná,PR,estadual,SEMIPRESENCIAL,"[""tecnologia"", ""tecnologias""]",8,39,PDF Ppc Do Curso De Letras Da Unespar Campus De Paranavai,https://paranavai.unespar.edu.br/graduacao/cursos/letras/ppc-curso-letras-paranavai-2021-marcelo-silva-unespar-paranavai-marcelo-jose-da-silva.pdf
UNESPAR,Universidade Estadual do Paraná,PR,estadual,Mídias sociais e educação,"[""midia"", ""midias"", ""midias sociais""]",6,33,PDF PROJETO PEDAGÓGICO DO CURSO LETRAS PORTUGUÊS - Universidade,https://prograd.unespar.edu.br/assuntos/graduacao/cursos/apucarana/ppc/ppc-de-letras-portugues-apuc.pdf
UNESPAR,Universidade Estadual do Paraná,PR,estadual,PIC Coordenador A aplicação de tecnologias baseada em Inteligência,"[""tecnologia"", ""tecnologias""]",6,25,paranavai.unespar.edu.br,https://paranavai.unespar.edu.br/graduacao/cursos/letras/PAD_Letras_2026.pdf
UNESPAR,Universidade Estadual do Paraná,PR,estadual,Superior: Tecnologias Educacionais e Inovação (UNICESUMAR-2020),"[""tecnologia"", ""tecnologias"", ""tecnologias educacionais""]",6,60,PDF Ppc Do Curso De Letras Da Unespar Campus De Paranavai,https://paranavai.unespar.edu.br/graduacao/cursos/letras/ppc-curso-letras-paranavai-2021-marcelo-silva-unespar-paranavai-marcelo-jose-da-silva.pdf
UNESPAR,Universidade Estadual do Paraná,PR,estadual,Aplicativos para uso em sala de aula,"[""aplicativo"", ""aplicativos""]",4,33,PDF PROJETO PEDAGÓGICO DO CURSO LETRAS PORTUGUÊS - Universidade,https://prograd.unespar.edu.br/assuntos/graduacao/cursos/apucarana/ppc/ppc-de-letras-portugues-apuc.pdf
UNESPAR,Universidade Estadual do Paraná,PR,estadual,Concomitante a esses trabalhos desenvolvidos dentro da programação das próprias,"[""programacao""]",4,27,PDF PROJETO PEDAGÓGICO DO CURSO LETRAS PORTUGUÊS - Universidade,https://prograd.unespar.edu.br/assuntos/graduacao/cursos/apucarana/ppc/ppc-de-letras-portugues-apuc.pdf
UNESPAR,Universidade Estadual do Paraná,PR,estadual,Da Programação e Plano dos Estágios,"[""programacao""]",4,83,PDF Ppc Do Curso De Letras Da Unespar Campus De Paranavai,https://paranavai.unespar.edu.br/graduacao/cursos/letras/ppc-curso-letras-paranavai-2021-marcelo-silva-unespar-paranavai-marcelo-jose-da-silva.pdf
UNESPAR,Universidade Estadual do Paraná,PR,estadual,Da Programação e Planos de Estágio,"[""programacao""]",4,72,PDF Ppc Do Curso De Letras Da Unespar Campus De Paranavai,https://paranavai.unespar.edu.br/graduacao/cursos/letras/ppc-curso-letras-paranavai-2021-marcelo-silva-unespar-paranavai-marcelo-jose-da-silva.pdf
UNESPAR,Universidade Estadual do Paraná,PR,estadual,IV - Aprovar a programação e normativas anuais dos estágios não obrigatórios;,"[""programacao""]",4,81,PDF Ppc Do Curso De Letras Da Unespar Campus De Paranavai,https://paranavai.unespar.edu.br/graduacao/cursos/letras/ppc-curso-letras-paranavai-2021-marcelo-silva-unespar-paranavai-marcelo-jose-da-silva.pdf
UNESPAR,Universidade Estadual do Paraná,PR,estadual,Laboratório Tecnológico em Línguas I,"[""tecnologico""]",4,44,CURSO DE LETRAS - PORTUGUÊS E INGLÊS - LICENCIATURA,https://uniaodavitoria.unespar.edu.br/arquivos/ppc-letras-portugues-e-ingles-2022.pdf
UNESPAR,Universidade Estadual do Paraná,PR,estadual,Laboratório Tecnológico em Línguas II,"[""tecnologico""]",4,45,CURSO DE LETRAS - PORTUGUÊS E INGLÊS - LICENCIATURA,https://uniaodavitoria.unespar.edu.br/arquivos/ppc-letras-portugues-e-ingles-2022.pdf
UNESPAR,Universidade Estadual do Paraná,PR,estadual,Serão presenciais as avaliações das disciplinas ministradas em EAD,"[""ead""]",4,29,PDF PROJETO PEDAGÓGICO DO CURSO LETRAS PORTUGUÊS - Universidade,https://prograd.unespar.edu.br/assuntos/graduacao/cursos/apucarana/ppc/ppc-de-letras-portugues-apuc.pdf
UNICAMP,Universidade Estadual de Campinas,SP,estadual,Pré-Req.: Não há,"[""computador"", ""hipermidia"", ""midia"", ""tecnologia"", ""tecnologias"", ""tecnologica"", ""tecnologicas""]",18,32,CURSOS DE LICENCIATURA EM LETRAS PROJETO PEDAGÓGIC,https://www.iel.unicamp.br/arquivos/graduacao/Projeto_Pedagogico_do_Curso_de_Licenciatura_em_Letras_UNICAMP-2019.pdf
UNICAMP,Universidade Estadual de Campinas,SP,estadual,Pré-Req.: LA,"[""computador"", ""midia"", ""midias"", ""multiletramento"", ""multiletramentos""]",14,58,CURSOS DE LICENCIATURA EM LETRAS PROJETO PEDAGÓGIC,https://www.iel.unicamp.br/arquivos/graduacao/Projeto_Pedagogico_do_Curso_de_Licenciatura_em_Letras_UNICAMP-2019.pdf
UNICAMP,Universidade Estadual de Campinas,SP,estadual,Pré-Req.: LA414/ AA,"[""computador"", ""midia"", ""midias"", ""multiletramento"", ""multiletramentos""]",14,58,CURSOS DE LICENCIATURA EM LETRAS PROJETO PEDAGÓGIC,https://www.iel.unicamp.br/arquivos/graduacao/Projeto_Pedagogico_do_Curso_de_Licenciatura_em_Letras_UNICAMP-2019.pdf
UNICAMP,Universidade Estadual de Campinas,SP,estadual,Pré-Req.: LA419/ AA,"[""computador"", ""midia"", ""midias"", ""multiletramento"", ""multiletramentos""]",14,58,CURSOS DE LICENCIATURA EM LETRAS PROJETO PEDAGÓGIC,https://www.iel.unicamp.br/arquivos/graduacao/Projeto_Pedagogico_do_Curso_de_Licenciatura_em_Letras_UNICAMP-2019.pdf
UNICAMP,Universidade Estadual de Campinas,SP,estadual,"Multiletramentos, Linguagens e Mídias","[""midia"", ""midias"", ""multiletramento"", ""multiletramentos""]",13,56,CURSOS DE LICENCIATURA EM LETRAS PROJETO PEDAGÓGIC,https://www.iel.unicamp.br/arquivos/graduacao/Projeto_Pedagogico_do_Curso_de_Licenciatura_em_Letras_UNICAMP-2019.pdf
UNICAMP,Universidade Estadual de Campinas,SP,estadual,"Tópicos em Multiletramentos, Linguagens e Mídias","[""midia"", ""midias"", ""multiletramento"", ""multiletramentos""]",13,58,CURSOS DE LICENCIATURA EM LETRAS PROJETO PEDAGÓGIC,https://www.iel.unicamp.br/arquivos/graduacao/Projeto_Pedagogico_do_Curso_de_Licenciatura_em_Letras_UNICAMP-2019.pdf
UNICAMP,Universidade Estadual de Campinas,SP,estadual,INSTITUTO DE ESTUDOS DA LINGUAGEM,"[""midia"", ""midias"", ""multimodal"", ""multimodalidade""]",12,57,CURSOS DE LICENCIATURA EM LETRAS PROJETO PEDAGÓGIC,https://www.iel.unicamp.br/arquivos/graduacao/Projeto_Pedagogico_do_Curso_de_Licenciatura_em_Letras_UNICAMP-2019.pdf
UNICAMP,Universidade Estadual de Campinas,SP,estadual,Aquisição da Linguagem e Ensino de Língua,"[""corpora""]",9,30,CURSOS DE LICENCIATURA EM LETRAS PROJETO PEDAGÓGIC,https://www.iel.unicamp.br/arquivos/graduacao/Projeto_Pedagogico_do_Curso_de_Licenciatura_em_Letras_UNICAMP-2019.pdf
UNICAMP,Universidade Estadual de Campinas,SP,estadual,Linguagem e Tecnologias (6 créditos),"[""tecnologia"", ""tecnologias""]",9,17,CURSOS DE LICENCIATURA EM LETRAS PROJETO PEDAGÓGIC,https://www.iel.unicamp.br/arquivos/graduacao/Projeto_Pedagogico_do_Curso_de_Licenciatura_em_Letras_UNICAMP-2019.pdf
UNICAMP,Universidade Estadual de Campinas,SP,estadual,Ensino de Línguas Mediado por Computador: Teoria e Prática,"[""computador""]",7,57,CURSOS DE LICENCIATURA EM LETRAS PROJETO PEDAGÓGIC,https://www.iel.unicamp.br/arquivos/graduacao/Projeto_Pedagogico_do_Curso_de_Licenciatura_em_Letras_UNICAMP-2019.pdf
UNICAMP,Universidade Estadual de Campinas,SP,estadual,Linguagem e Tecnologias,"[""tecnologia"", ""tecnologias""]",7,6,CURSOS DE LICENCIATURA EM LETRAS - iel.unicamp.br,https://www.iel.unicamp.br/arquivos/graduacao/CPFP-Projeto_Pedagogico_do_Curso_de_Licenciatura_em_Letras_UNICAMP-2017.pdf
UNICAMP,Universidade Estadual de Campinas,SP,estadual,Linguagem e Tecnologias 6 LA712 – Análise Linguística no Ensino de Língua Portuguesa,"[""tecnologia"", ""tecnologias""]",7,21,CURSOS DE LICENCIATURA EM LETRAS PROJETO PEDAGÓGIC,https://www.iel.unicamp.br/arquivos/graduacao/Projeto_Pedagogico_do_Curso_de_Licenciatura_em_Letras_UNICAMP-2019.pdf
UNICAMP,Universidade Estadual de Campinas,SP,estadual,Linguagem e Tecnologias T 1,"[""tecnologia"", ""tecnologias""]",7,17,CURSOS DE LICENCIATURA EM LETRAS - iel.unicamp.br,https://www.iel.unicamp.br/arquivos/graduacao/CPFP-Projeto_Pedagogico_do_Curso_de_Licenciatura_em_Letras_UNICAMP-2017.pdf
UNICAMP,Universidade Estadual de Campinas,SP,estadual,Linguagens e Tecnologias,"[""tecnologia"", ""tecnologias""]",7,8,CURSOS DE LICENCIATURA EM LETRAS PROJETO PEDAGÓGIC,https://www.iel.unicamp.br/arquivos/graduacao/Projeto_Pedagogico_do_Curso_de_Licenciatura_em_Letras_UNICAMP-2019.pdf
UNICAMP,Universidade Estadual de Campinas,SP,estadual,Linguística Computacional,"[""computacional""]",7,44,CURSOS DE LICENCIATURA EM LETRAS - iel.unicamp.br,https://www.iel.unicamp.br/arquivos/graduacao/CPFP-Projeto_Pedagogico_do_Curso_de_Licenciatura_em_Letras_UNICAMP-2017.pdf
UNICAMP,Universidade Estadual de Campinas,SP,estadual,Tópicos em Ensino de Línguas Mediado por Computador,"[""computador""]",7,58,CURSOS DE LICENCIATURA EM LETRAS PROJETO PEDAGÓGIC,https://www.iel.unicamp.br/arquivos/graduacao/Projeto_Pedagogico_do_Curso_de_Licenciatura_em_Letras_UNICAMP-2019.pdf
UNICAMP,Universidade Estadual de Campinas,SP,estadual,Tópicos em Linguística de Corpus,"[""corpus""]",7,45,CURSOS DE LICENCIATURA EM LETRAS PROJETO PEDAGÓGIC,https://www.iel.unicamp.br/arquivos/graduacao/Projeto_Pedagogico_do_Curso_de_Licenciatura_em_Letras_UNICAMP-2019.pdf
UNICAMP,Universidade Estadual de Campinas,SP,estadual,Pré-Req.: AA,"[""corpus""]",6,35,CURSOS DE LICENCIATURA EM LETRAS - iel.unicamp.br,https://www.iel.unicamp.br/arquivos/graduacao/CPFP-Projeto_Pedagogico_do_Curso_de_Licenciatura_em_Letras_UNICAMP-2017.pdf
UNICAMP,Universidade Estadual de Campinas,SP,estadual,Pré-Req.: AA200/ TL904 TL905/ TL904 TL906/ TL905 TL,"[""corpus""]",6,39,CURSOS DE LICENCIATURA EM LETRAS PROJETO PEDAGÓGIC,https://www.iel.unicamp.br/arquivos/graduacao/Projeto_Pedagogico_do_Curso_de_Licenciatura_em_Letras_UNICAMP-2019.pdf
UNICAMP,Universidade Estadual de Campinas,SP,estadual,Pré-Req.: HL,"[""corpora""]",6,47,CURSOS DE LICENCIATURA EM LETRAS PROJETO PEDAGÓGIC,https://www.iel.unicamp.br/arquivos/graduacao/Projeto_Pedagogico_do_Curso_de_Licenciatura_em_Letras_UNICAMP-2019.pdf
UNICAMP,Universidade Estadual de Campinas,SP,estadual,Pré-Req.: HL320/ HL,"[""computacional""]",6,43,CURSOS DE LICENCIATURA EM LETRAS PROJETO PEDAGÓGIC,https://www.iel.unicamp.br/arquivos/graduacao/Projeto_Pedagogico_do_Curso_de_Licenciatura_em_Letras_UNICAMP-2019.pdf
UNICAMP,Universidade Estadual de Campinas,SP,estadual,Pré-Req.: LA113/ AA,"[""midia""]",6,32,CURSOS DE LICENCIATURA EM LETRAS - iel.unicamp.br,https://www.iel.unicamp.br/arquivos/graduacao/CPFP-Projeto_Pedagogico_do_Curso_de_Licenciatura_em_Letras_UNICAMP-2017.pdf
UNICAMP,Universidade Estadual de Campinas,SP,estadual,Pré-Req.: LA118/ AA,"[""midia""]",6,37,CURSOS DE LICENCIATURA EM LETRAS PROJETO PEDAGÓGIC,https://www.iel.unicamp.br/arquivos/graduacao/Projeto_Pedagogico_do_Curso_de_Licenciatura_em_Letras_UNICAMP-2019.pdf
UNICAMP,Universidade Estadual de Campinas,SP,estadual,Pré-Req.: LA213/ AA,"[""midia""]",6,36,CURSOS DE LICENCIATURA EM LETRAS PROJETO PEDAGÓGIC,https://www.iel.unicamp.br/arquivos/graduacao/Projeto_Pedagogico_do_Curso_de_Licenciatura_em_Letras_UNICAMP-2019.pdf
UNICAMP,Universidade Estadual de Campinas,SP,estadual,Pré-Req.: LA313/ AA,"[""midia""]",6,36,CURSOS DE LICENCIATURA EM LETRAS PROJETO PEDAGÓGIC,https://www.iel.unicamp.br/arquivos/graduacao/Projeto_Pedagogico_do_Curso_de_Licenciatura_em_Letras_UNICAMP-2019.pdf
UNICAMP,Universidade Estadual de Campinas,SP,estadual,Pré-Req.: LA413/ AA,"[""computador""]",6,58,CURSOS DE LICENCIATURA EM LETRAS PROJETO PEDAGÓGIC,https://www.iel.unicamp.br/arquivos/graduacao/Projeto_Pedagogico_do_Curso_de_Licenciatura_em_Letras_UNICAMP-2019.pdf
UNICAMP,Universidade Estadual de Campinas,SP,estadual,"Pré-Req.: LA910, LA911, LA","[""corpus""]",6,39,CURSOS DE LICENCIATURA EM LETRAS PROJETO PEDAGÓGIC,https://www.iel.unicamp.br/arquivos/graduacao/Projeto_Pedagogico_do_Curso_de_Licenciatura_em_Letras_UNICAMP-2019.pdf
UNICAMP,Universidade Estadual de Campinas,SP,estadual,Revisão / LP / TIC,"[""tic""]",6,9,CURSOS DE LICENCIATURA EM LETRAS PROJETO PEDAGÓGIC,https://www.iel.unicamp.br/arquivos/graduacao/Projeto_Pedagogico_do_Curso_de_Licenciatura_em_Letras_UNICAMP-2019.pdf
UNICAMP,Universidade Estadual de Campinas,SP,estadual,Tópicos em Linguística de Corpus II,"[""corpus""]",5,47,CURSOS DE LICENCIATURA EM LETRAS PROJETO PEDAGÓGIC,https://www.iel.unicamp.br/arquivos/graduacao/Projeto_Pedagogico_do_Curso_de_Licenciatura_em_Letras_UNICAMP-2019.pdf
UNICAMP,Universidade Estadual de Campinas,SP,estadual,Computacional,"[""computacional""]",4,39,CURSOS DE LICENCIATURA EM LETRAS - iel.unicamp.br,https://www.iel.unicamp.br/arquivos/graduacao/CPFP-Projeto_Pedagogico_do_Curso_de_Licenciatura_em_Letras_UNICAMP-2017.pdf
UNICAMP,Universidade Estadual de Campinas,SP,estadual,EaD (se for o caso),"[""ead""]",4,9,CURSOS DE LICENCIATURA EM LETRAS PROJETO PEDAGÓGIC,https://www.iel.unicamp.br/arquivos/graduacao/Projeto_Pedagogico_do_Curso_de_Licenciatura_em_Letras_UNICAMP-2019.pdf
UNICAMP,Universidade Estadual de Campinas,SP,estadual,EaD PCC,"[""ead""]",4,8,CURSOS DE LICENCIATURA EM LETRAS PROJETO PEDAGÓGIC,https://www.iel.unicamp.br/arquivos/graduacao/Projeto_Pedagogico_do_Curso_de_Licenciatura_em_Letras_UNICAMP-2019.pdf
UNICAMP,Universidade Estadual de Campinas,SP,estadual,Literatura e artes não verbais. Literatura e mídia. Literatura e ciências humanas,"[""midia""]",4,61,CURSOS DE LICENCIATURA EM LETRAS PROJETO PEDAGÓGIC,https://www.iel.unicamp.br/arquivos/graduacao/Projeto_Pedagogico_do_Curso_de_Licenciatura_em_Letras_UNICAMP-2019.pdf
UNICAMP,Universidade Estadual de Campinas,SP,estadual,Mediado por Computador (disciplinas eletivas),"[""computador""]",4,10,CURSOS DE LICENCIATURA EM LETRAS - iel.unicamp.br,https://www.iel.unicamp.br/arquivos/graduacao/CPFP-Projeto_Pedagogico_do_Curso_de_Licenciatura_em_Letras_UNICAMP-2017.pdf
UNICENTRO,Universidade Estadual do Centro-Oeste,PR,estadual,NOME DA DISCIPLINA,"[""multiletramento"", ""multiletramentos"", ""tdic"", ""tecnologia"", ""tecnologias"", ""tecnologias digitais"", ""tics""]",18,102,Universidade Estadual do Centro-Oeste,https://www3.unicentro.br/proen/wp-content/uploads/sites/41/2022/12/PPC-Letras-Portugues-EaD-2023.pdf
UNICENTRO,Universidade Estadual do Centro-Oeste,PR,estadual,Carga horária da disciplina: 40 Carga horária semanal: 2,"[""cibercultura"", ""informatica"", ""recursos digitais"", ""tecnologia"", ""tecnologias"", ""tecnologias digitais""]",16,49,PROJETO PEDAGÓGICO DO CURSO DE LICENCIATURA EM LETRAS ...,https://www2.ifal.edu.br/superior/arquivos/ppc-licenciatura-em-letras.pdf/@@download/file/ppc-licenciatura-em-letras.pdf
UNICENTRO,Universidade Estadual do Centro-Oeste,PR,estadual,Carga horária da disciplina: 60 Carga horária semanal: 3,"[""midia"", ""tecnologia"", ""tecnologia educacional"", ""tecnologias"", ""tecnologica""]",14,95,PROJETO PEDAGÓGICO DO CURSO DE LICENCIATURA EM LETRAS ...,https://www2.ifal.edu.br/superior/arquivos/ppc-licenciatura-em-letras.pdf/@@download/file/ppc-licenciatura-em-letras.pdf
UNICENTRO,Universidade Estadual do Centro-Oeste,PR,estadual,LINGUÍSTICA APLICADA AO ENSINO DE LÍNGUA PORTUGUESA I (/a),"[""computacional"", ""multiletramento"", ""multiletramentos""]",12,88,Universidade Estadual do Centro-Oeste,https://www3.unicentro.br/proen/wp-content/uploads/sites/41/2022/12/PPC-Letras-Portugues-EaD-2023.pdf
UNICENTRO,Universidade Estadual do Centro-Oeste,PR,estadual,Fundamentos Didáticos para Formação do professor (DELET),"[""tecnologia"", ""tecnologias""]",8,34,PROJETO PEDAGÓGICO DE CURSO DE GRADUAÇÃO CURSO DE GRADUAÇÃO ...,https://www3.unicentro.br/proen/wp-content/uploads/sites/41/2025/05/PPC-Letras-LIBRAS-Irati-18-de-julho.pdf
UNICENTRO,Universidade Estadual do Centro-Oeste,PR,estadual,Literatura e outras Linguagens (DELET/I /a),"[""midia""]",8,35,PDF Universidade Estadual do Centro-Oeste Reconhecida pelo Decreto Estadual ...,https://www3.unicentro.br/proen/wp-content/uploads/sites/41/2022/12/PPC-Letras-Portugues-2023.pdf
UNICENTRO,Universidade Estadual do Centro-Oeste,PR,estadual,Língua Portuguesa I (DELET),"[""multimodal"", ""multimodalidade""]",8,31,PROJETO PEDAGÓGICO DE CURSO DE GRADUAÇÃO CURSO DE GRADUAÇÃO ...,https://www3.unicentro.br/proen/wp-content/uploads/sites/41/2025/05/PPC-Letras-LIBRAS-Irati-18-de-julho.pdf
UNICENTRO,Universidade Estadual do Centro-Oeste,PR,estadual,Mídias e Tecnologia no Ensino,"[""midia"", ""midias"", ""tecnologia""]",8,95,PROJETO PEDAGÓGICO DO CURSO DE LICENCIATURA EM LETRAS ...,https://www2.ifal.edu.br/superior/arquivos/ppc-licenciatura-em-letras.pdf/@@download/file/ppc-licenciatura-em-letras.pdf
UNICENTRO,Universidade Estadual do Centro-Oeste,PR,estadual,Carga horária da disciplina: 120 Carga horária semanal: 6,"[""educacao a distancia""]",6,91,PROJETO PEDAGÓGICO DO CURSO DE LICENCIATURA EM LETRAS ...,https://www2.ifal.edu.br/superior/arquivos/ppc-licenciatura-em-letras.pdf/@@download/file/ppc-licenciatura-em-letras.pdf
UNICENTRO,Universidade Estadual do Centro-Oeste,PR,estadual,"Dessa inici ativa poderão resultar , ainda, ferramentas tecnológicas","[""tecnologica"", ""tecnologicas""]",6,9,PROJETO PEDAGÓGICO DO CURSO DE LICENCIATURA EM LETRAS ...,https://www2.ifal.edu.br/superior/arquivos/ppc-licenciatura-em-letras.pdf/@@download/file/ppc-licenciatura-em-letras.pdf
UNICENTRO,Universidade Estadual do Centro-Oeste,PR,estadual,"Educação, Comunicação e Tecnologias","[""tecnologia"", ""tecnologias""]",6,14,PROJETO PEDAGÓGICO DO CURSO DE LICENCIATURA EM LETRAS ...,https://www2.ifal.edu.br/superior/arquivos/ppc-licenciatura-em-letras.pdf/@@download/file/ppc-licenciatura-em-letras.pdf
UNICENTRO,Universidade Estadual do Centro-Oeste,PR,estadual,Extensão,"[""tecnologia""]",6,123,Universidade Estadual do Centro-Oeste,https://www3.unicentro.br/proen/wp-content/uploads/sites/41/2022/12/PPC-Letras-Portugues-EaD-2023.pdf
UNICENTRO,Universidade Estadual do Centro-Oeste,PR,estadual,"Mídias e Tecnologia no Ensino 03 60 50,0","[""midia"", ""midias"", ""tecnologia""]",6,19,PROJETO PEDAGÓGICO DO CURSO DE LICENCIATURA EM LETRAS ...,https://www2.ifal.edu.br/superior/arquivos/ppc-licenciatura-em-letras.pdf/@@download/file/ppc-licenciatura-em-letras.pdf
UNICENTRO,Universidade Estadual do Centro-Oeste,PR,estadual,Pressupostos básicos de tecnologia educacional; novas dimensões do processo,"[""tecnologia"", ""tecnologia educacional""]",6,95,PROJETO PEDAGÓGICO DO CURSO DE LICENCIATURA EM LETRAS ...,https://www2.ifal.edu.br/superior/arquivos/ppc-licenciatura-em-letras.pdf/@@download/file/ppc-licenciatura-em-letras.pdf
UNICENTRO,Universidade Estadual do Centro-Oeste,PR,estadual,"Ainda, a universidade, pensando naqueles cujo acesso Internet ainda possa ser","[""internet""]",4,32,EDITAL n - UNESC,https://www.unesc.net/portal/resources/files/55/ppcletras.pdf
UNICENTRO,Universidade Estadual do Centro-Oeste,PR,estadual,Biblioteca Virtual,"[""virtual""]",4,57,EDITAL n - UNESC,https://www.unesc.net/portal/resources/files/55/ppcletras.pdf
UNICENTRO,Universidade Estadual do Centro-Oeste,PR,estadual,"Ciências, Engenharias e Tecnologias","[""tecnologia"", ""tecnologias""]",4,51,EDITAL n - UNESC,https://www.unesc.net/portal/resources/files/55/ppcletras.pdf
UNICENTRO,Universidade Estadual do Centro-Oeste,PR,estadual,DELET Linguística Textual e Multimodalidade,"[""multimodal"", ""multimodalidade""]",4,12,PDF Universidade Estadual do Centro-Oeste Reconhecida pelo Decreto Estadual ...,https://www3.unicentro.br/proen/wp-content/uploads/sites/41/2022/12/PPC-Letras-Portugues-2023.pdf
UNICENTRO,Universidade Estadual do Centro-Oeste,PR,estadual,EAD (ED510 – Indefinido – Cur. 2023) (Prot. 15751/2022),"[""ead""]",4,65,Universidade Estadual do Centro-Oeste,https://www3.unicentro.br/proen/wp-content/uploads/sites/41/2022/12/PPC-Letras-Portugues-EaD-2023.pdf
UNICENTRO,Universidade Estadual do Centro-Oeste,PR,estadual,HABILITAÇÃO: Português e Literaturas de Língua Portuguesa - EAD,"[""ead""]",4,1,"PDF UNIVERSIDADE ESTADUAL DO CENTRO-OESTE Setor de Ciências Humanas, Letras ...",https://ead.unicentro.br/wp-content/uploads/2016/08/Grade-Letras-Port.-EAD.pdf
UNICENTRO,Universidade Estadual do Centro-Oeste,PR,estadual,Internet e telefone,"[""internet""]",4,160,Universidade Estadual do Centro-Oeste,https://www3.unicentro.br/proen/wp-content/uploads/sites/41/2022/12/PPC-Letras-Portugues-EaD-2023.pdf
UNICENTRO,Universidade Estadual do Centro-Oeste,PR,estadual,Linguística Textual e Multimodalidade,"[""multimodal"", ""multimodalidade""]",4,41,PDF Universidade Estadual do Centro-Oeste Reconhecida pelo Decreto Estadual ...,https://www3.unicentro.br/proen/wp-content/uploads/sites/41/2022/12/PPC-Letras-Portugues-2023.pdf
UNICENTRO,Universidade Estadual do Centro-Oeste,PR,estadual,Moodle,"[""moodle""]",4,46,Universidade Estadual do Centro-Oeste,https://www3.unicentro.br/proen/wp-content/uploads/sites/41/2022/12/PPC-Letras-Portugues-EaD-2023.pdf
UNICENTRO,Universidade Estadual do Centro-Oeste,PR,estadual,NEAD Princípios e Práticas de Educação a distância,"[""educacao a distancia""]",4,68,Universidade Estadual do Centro-Oeste,https://www3.unicentro.br/proen/wp-content/uploads/sites/41/2022/12/PPC-Letras-Portugues-EaD-2023.pdf
UNICENTRO,Universidade Estadual do Centro-Oeste,PR,estadual,Não se aplica aos cursos EAD,"[""ead""]",4,67,Universidade Estadual do Centro-Oeste,https://www3.unicentro.br/proen/wp-content/uploads/sites/41/2022/12/PPC-Letras-Portugues-EaD-2023.pdf
UNICENTRO,Universidade Estadual do Centro-Oeste,PR,estadual,PRINCÍPIOS E PRÁTICAS DE EDUCAÇÃO A DISTÂNCIA,"[""educacao a distancia""]",4,113,Universidade Estadual do Centro-Oeste,https://www3.unicentro.br/proen/wp-content/uploads/sites/41/2022/12/PPC-Letras-Portugues-EaD-2023.pdf
UNICENTRO,Universidade Estadual do Centro-Oeste,PR,estadual,"Portuguesa, modalidade de educação a distância, Camila Teixeira Dobgenski e Reginaldo Ryzzi","[""educacao a distancia""]",4,4,Universidade Estadual do Centro-Oeste,https://www3.unicentro.br/proen/wp-content/uploads/sites/41/2022/12/PPC-Letras-Portugues-EaD-2023.pdf
UNICENTRO,Universidade Estadual do Centro-Oeste,PR,estadual,"Também atende pel o espaço oficial, plataforma Moodle, pelo email da coordenação","[""moodle""]",4,173,Universidade Estadual do Centro-Oeste,https://www3.unicentro.br/proen/wp-content/uploads/sites/41/2022/12/PPC-Letras-Portugues-EaD-2023.pdf
UNICENTRO,Universidade Estadual do Centro-Oeste,PR,estadual,Terceiro passo: Inserção da disciplina na plataforma Moodle,"[""moodle""]",4,47,Universidade Estadual do Centro-Oeste,https://www3.unicentro.br/proen/wp-content/uploads/sites/41/2022/12/PPC-Letras-Portugues-EaD-2023.pdf
UNIFAL-MG,Universidade Federal de Alfenas,MG,federal,Tecnologias,"[""tecnologia"", ""tecnologias""]",6,67,"RESOLUÇÃO Nº 036, DE 21 DE OUTUBRO DE 2019 COLEGIADO DA PRÓ ...",https://unifal-mg.edu.br/graduacao/wp-content/uploads/sites/94/2020/02/Projeto-Letras.pdf
UNIFAP,Universidade Federal do Amapá,AP,federal,LITERATURA E INTERFACES,"[""hipertexto"", ""midia"", ""midias""]",10,96,PROJETO PEDAGÓGICO DO CURSO DE LICENCIATURA EM LETRAS ...,https://www2.unifap.br/ead/files/2019/11/ppc_letrasportuguesEaD.pdf
UNIFAP,Universidade Federal do Amapá,AP,federal,PRÁTICA PEDAGÓGICA I,"[""tecnologia"", ""tecnologias"", ""tecnologica""]",10,104,PROJETO PEDAGÓGICO DO CURSO DE LICENCIATURA EM LETRAS ...,https://www2.unifap.br/ead/files/2019/11/ppc_letrasportuguesEaD.pdf
UNIFAP,Universidade Federal do Amapá,AP,federal,TÓPICOS EM SEMIÓTICA,"[""midia"", ""midias"", ""midias digitais""]",10,85,PROJETO PEDAGÓGICO DO CURSO DE LICENCIATURA EM LETRAS ...,https://sig-cdn.unifap.br/arquivos/20232261268f006624429baef3d5fc2b/PPC_PROJETO_LETRAS_EAD_-_Oiapoque_e_Jar.pdf
UNIFAP,Universidade Federal do Amapá,AP,federal,ESTÁGIO SUPERVISIONADO I - ENSINO FUNDAMENTAL,"[""tecnologica""]",6,105,PROJETO PEDAGÓGICO DO CURSO DE LICENCIATURA EM LETRAS ...,https://sig-cdn.unifap.br/arquivos/20232261268f006624429baef3d5fc2b/PPC_PROJETO_LETRAS_EAD_-_Oiapoque_e_Jar.pdf
UNIFAP,Universidade Federal do Amapá,AP,federal,LITERATURA PORTUGUESA I,"[""digital""]",6,97,PROJETO PEDAGÓGICO DO CURSO DE LICENCIATURA EM LETRAS ...,https://www2.unifap.br/ead/files/2019/11/ppc_letrasportuguesEaD.pdf
UNIFAP,Universidade Federal do Amapá,AP,federal,Prática,"[""corpora""]",6,80,PROJETO PEDAGÓGICO DO CURSO DE LICENCIATURA PLENA EM LETRAS ...,https://sig-cdn.unifap.br/arquivos/2019104243c086324455ed9ed04dcff3/PPC_de_Licenciatura_em_Letras_Lingua_Portuguesa-Inglesa_-_nov.19_COMENTADO.pdf
UNIFAP,Universidade Federal do Amapá,AP,federal,SOCIOLINGUÍSTICA EDUCACIONAL,"[""midia""]",6,119,PROJETO PEDAGÓGICO DO CURSO DE LICENCIATURA EM LETRAS ...,https://sig-cdn.unifap.br/arquivos/20232261268f006624429baef3d5fc2b/PPC_PROJETO_LETRAS_EAD_-_Oiapoque_e_Jar.pdf
UNIFAP,Universidade Federal do Amapá,AP,federal,Anexo II – MODELO DE RELATÓRIO DE ESTÁGIO DO ALUNO EaD,"[""ead""]",4,74,PROJETO PEDAGÓGICO DO CURSO DE LICENCIATURA EM LETRAS ...,https://sig-cdn.unifap.br/arquivos/20232261268f006624429baef3d5fc2b/PPC_PROJETO_LETRAS_EAD_-_Oiapoque_e_Jar.pdf
UNIFAP,Universidade Federal do Amapá,AP,federal,Anexo III – FICHA DE ESTÁGIO SUPERVISIONADO DO ALUNO DE EaD,"[""ead""]",4,76,PROJETO PEDAGÓGICO DO CURSO DE LICENCIATURA EM LETRAS ...,https://sig-cdn.unifap.br/arquivos/20232261268f006624429baef3d5fc2b/PPC_PROJETO_LETRAS_EAD_-_Oiapoque_e_Jar.pdf
UNIFAP,Universidade Federal do Amapá,AP,federal,Anexo IV – FICHA DE FREQUENCIA DE ESTÁGIO SUPERVISIONADO DO ALUNO EaD,"[""ead""]",4,77,PROJETO PEDAGÓGICO DO CURSO DE LICENCIATURA EM LETRAS ...,https://sig-cdn.unifap.br/arquivos/20232261268f006624429baef3d5fc2b/PPC_PROJETO_LETRAS_EAD_-_Oiapoque_e_Jar.pdf
UNIFAP,Universidade Federal do Amapá,AP,federal,Aprovação do Professor de Estágio - EaD,"[""ead""]",4,75,PROJETO PEDAGÓGICO DO CURSO DE LICENCIATURA EM LETRAS ...,https://sig-cdn.unifap.br/arquivos/20232261268f006624429baef3d5fc2b/PPC_PROJETO_LETRAS_EAD_-_Oiapoque_e_Jar.pdf
UNIFAP,Universidade Federal do Amapá,AP,federal,Assinatura do aluno EaD,"[""ead""]",4,75,PROJETO PEDAGÓGICO DO CURSO DE LICENCIATURA EM LETRAS ...,https://sig-cdn.unifap.br/arquivos/20232261268f006624429baef3d5fc2b/PPC_PROJETO_LETRAS_EAD_-_Oiapoque_e_Jar.pdf
UNIFAP,Universidade Federal do Amapá,AP,federal,CURSO DE GRADUAÇÃO EM LICENCIATURA EM SOCIOLOGIA MODALIDADE EaD,"[""ead""]",4,43,PROJETO PEDAGÓGICO DO CURSO DE LICENCIATURA EM LETRAS ...,https://sig-cdn.unifap.br/arquivos/20232261268f006624429baef3d5fc2b/PPC_PROJETO_LETRAS_EAD_-_Oiapoque_e_Jar.pdf
UNIFAP,Universidade Federal do Amapá,AP,federal,Estudos em Linguagens e Tecnologias,"[""tecnologia"", ""tecnologias""]",4,44,PROJETO PEDAGÓGICO DO CURSO DE LICENCIATURA EM LETRAS ...,https://sig-cdn.unifap.br/arquivos/20232261268f006624429baef3d5fc2b/PPC_PROJETO_LETRAS_EAD_-_Oiapoque_e_Jar.pdf
UNIFAP,Universidade Federal do Amapá,AP,federal,Interpretação Teatral; Imagem e Mídia,"[""midia""]",4,45,PROJETO PEDAGÓGICO DO CURSO DE LICENCIATURA PLENA EM LETRAS ...,https://sig-cdn.unifap.br/arquivos/2019104243c086324455ed9ed04dcff3/PPC_de_Licenciatura_em_Letras_Lingua_Portuguesa-Inglesa_-_nov.19_COMENTADO.pdf
UNIFAP,Universidade Federal do Amapá,AP,federal,Introdução à Educação a Distância,"[""educacao a distancia""]",4,43,PROJETO PEDAGÓGICO DO CURSO DE LICENCIATURA EM LETRAS ...,https://sig-cdn.unifap.br/arquivos/20232261268f006624429baef3d5fc2b/PPC_PROJETO_LETRAS_EAD_-_Oiapoque_e_Jar.pdf
UNIFAP,Universidade Federal do Amapá,AP,federal,O Núcleo Docente Estruturante do Curso de Licenciatura Letras Português EaD,"[""ead""]",4,62,PROJETO PEDAGÓGICO DO CURSO DE LICENCIATURA EM LETRAS ...,https://sig-cdn.unifap.br/arquivos/20232261268f006624429baef3d5fc2b/PPC_PROJETO_LETRAS_EAD_-_Oiapoque_e_Jar.pdf
UNIFAP,Universidade Federal do Amapá,AP,federal,PORTUGUÊS -EAD,"[""ead""]",4,20,PROJETO PEDAGÓGICO DO CURSO DE LICENCIATURA EM LETRAS ...,https://sig-cdn.unifap.br/arquivos/20232261268f006624429baef3d5fc2b/PPC_PROJETO_LETRAS_EAD_-_Oiapoque_e_Jar.pdf
UNIFAP,Universidade Federal do Amapá,AP,federal,Tecnologias,"[""tecnologia"", ""tecnologias""]",4,27,PROJETO PEDAGÓGICO DO CURSO DE LICENCIATURA PLENA EM LETRAS ...,https://sig-cdn.unifap.br/arquivos/2019104243c086324455ed9ed04dcff3/PPC_de_Licenciatura_em_Letras_Lingua_Portuguesa-Inglesa_-_nov.19_COMENTADO.pdf
UNIFESP,Universidade Federal de São Paulo,SP,federal,Período/termo,"[""digital"", ""letramento digital"", ""tdic"", ""tecnologia"", ""tecnologias"", ""tecnologias digitais""]",16,126,PROJETO PEDAGÓGICO DO CURSO DE LICENCIATURA EM LETRAS ...,https://cursos.siiu.unifesp.br/graduacao/curso/1615/projeto-pedagogico
UNIFESP,Universidade Federal de São Paulo,SP,federal,Período/termo: 10º,"[""tecnologia"", ""tecnologias""]",8,65,PROJETO PEDAGÓGICO DO CURSO DE LICENCIATURA EM LETRAS ...,https://cursos.siiu.unifesp.br/graduacao/curso/1617/projeto-pedagogico
UNIFESP,Universidade Federal de São Paulo,SP,federal,Termo,"[""tecnologica"", ""tecnologico""]",8,103,PROJETO PEDAGÓGICO DO CURSO DE LICENCIATURA EM LETRAS ...,https://cursos.siiu.unifesp.br/graduacao/curso/1615/projeto-pedagogico
UNIFESP,Universidade Federal de São Paulo,SP,federal,Multimodalidade e Ensino (60),"[""multimodal"", ""multimodalidade""]",6,38,PROJETO PEDAGÓGICO DO CURSO DE LICENCIATURA EM LETRAS ...,https://cursos.siiu.unifesp.br/graduacao/curso/1615/projeto-pedagogico
UNIFESP,Universidade Federal de São Paulo,SP,federal,Nome da Unidade Curricular: Adaptações Narrativas e Multimodalidade,"[""multimodal"", ""multimodalidade""]",6,121,PROJETO PEDAGÓGICO DO CURSO DE LICENCIATURA EM LETRAS ...,https://cursos.siiu.unifesp.br/graduacao/curso/1615/projeto-pedagogico
UNIFESP,Universidade Federal de São Paulo,SP,federal,Nome da Unidade Curricular: Multimodalidade e Ensino,"[""multimodal"", ""multimodalidade""]",6,131,PROJETO PEDAGÓGICO DO CURSO DE LICENCIATURA EM LETRAS ...,https://cursos.siiu.unifesp.br/graduacao/curso/1615/projeto-pedagogico
UNIFESP,Universidade Federal de São Paulo,SP,federal,Termo: 2º,"[""internet""]",6,50,PROJETO PEDAGÓGICO DO CURSO DE LICENCIATURA EM LETRAS ...,https://cursos.siiu.unifesp.br/graduacao/curso/1615/projeto-pedagogico
UNIFESP,Universidade Federal de São Paulo,SP,federal,UCFP - Multimodalidade e Ensino,"[""multimodal"", ""multimodalidade""]",6,33,PROJETO PEDAGÓGICO DO CURSO DE LICENCIATURA EM LETRAS ...,https://cursos.siiu.unifesp.br/graduacao/curso/1615/projeto-pedagogico
UNIFESP,Universidade Federal de São Paulo,SP,federal,Adaptações Narrativas e Multimodalidade (60),"[""multimodal"", ""multimodalidade""]",4,38,PROJETO PEDAGÓGICO DO CURSO DE LICENCIATURA EM LETRAS ...,https://cursos.siiu.unifesp.br/graduacao/curso/1615/projeto-pedagogico
UNIFESP,Universidade Federal de São Paulo,SP,federal,"Biomédica, da Computação e de Materiais","[""computacao""]",4,13,PROJETO PEDAGÓGICO DO CURSO DE LICENCIATURA EM LETRAS ...,https://cursos.siiu.unifesp.br/graduacao/curso/1617/projeto-pedagogico
UNIFESP,Universidade Federal de São Paulo,SP,federal,"Educacional, na modalidade EaD.3","[""ead""]",4,13,PROJETO PEDAGÓGICO DO CURSO DE LICENCIATURA EM LETRAS ...,https://cursos.siiu.unifesp.br/graduacao/curso/1617/projeto-pedagogico
UNIFESP,Universidade Federal de São Paulo,SP,federal,Moodle Graduação,"[""moodle""]",4,25,PROJETO PEDAGÓGICO DO CURSO DE LICENCIATURA EM LETRAS ...,https://cursos.siiu.unifesp.br/graduacao/curso/1615/projeto-pedagogico
UNIFESP,Universidade Federal de São Paulo,SP,federal,UCFP Adaptações literárias e multimodalidade,"[""multimodal"", ""multimodalidade""]",4,46,PROJETO PEDAGÓGICO DO CURSO DE LICENCIATURA EM LETRAS ...,https://cursos.siiu.unifesp.br/graduacao/curso/1615/projeto-pedagogico
UNIFESP,Universidade Federal de São Paulo,SP,federal,UCFP Adaptações narrativas e multimodalidade,"[""multimodal"", ""multimodalidade""]",4,46,PROJETO PEDAGÓGICO DO CURSO DE LICENCIATURA EM LETRAS ...,https://cursos.siiu.unifesp.br/graduacao/curso/1615/projeto-pedagogico
UNIFESSPA,Universidade Federal do Sul e Sudeste do Pará,PA,federal,Carga Horária Teórica Prática Extensão Total,"[""digital"", ""letramento digital"", ""multiletramento"", ""tecnologia"", ""tecnologias""]",14,96,SERVIÇO PÚBLICO FEDERAL MINISTÉRIO DA EDUCAÇÃO UNIVERSIDADE ...,https://crca.unifesspa.edu.br/images/ppc/33-PPC_LETRAS_LPORTUGUESA_IEX_2023.pdf
UNIFESSPA,Universidade Federal do Sul e Sudeste do Pará,PA,federal,"Multimodalidade, Letramentos e Tecnologia na Educação","[""multimodal"", ""multimodalidade"", ""tecnologia""]",6,4,MINISTÉRIO DA EDUCAÇÃO UNIVERSIDADE FEDERAL DO SUL E SUDESTE ...,https://crca.unifesspa.edu.br/images/Resoluo_N._919_Aprova_o_Projeto_Pedaggico_do_Curso_de_Licenciatura_em_Letras.pdf
UNIFESSPA,Universidade Federal do Sul e Sudeste do Pará,PA,federal,"Textos, Mídias, Linguagens e Ensino: Produção, Revisão e Tradução","[""midia"", ""midias""]",6,6,MINISTÉRIO DA EDUCAÇÃO UNIVERSIDADE FEDERAL DO SUL E SUDESTE ...,https://crca.unifesspa.edu.br/images/Resoluo_N._919_Aprova_o_Projeto_Pedaggico_do_Curso_de_Licenciatura_em_Letras.pdf
UNILA,Universidade Federal da Integração Latino-Americana,PR,federal,Carga horária total:  Carga horária teórica:  Carga horária prática,"[""hipermidia"", ""midia"", ""multiletramento"", ""multiletramentos"", ""multimodal"", ""multimodalidade""]",18,83,PROJETO PEDAGÓGICO DO CURSO DE LETRAS – ESPANHOL E PORTUGUÊS ...,https://portal.unila.edu.br/graduacao/letras-espanhol-portugues/nde/PPCLEPLE2017.2Apensao.pdf
UNILA,Universidade Federal da Integração Latino-Americana,PR,federal,Dispositivos Portáteis nas Aulas de Idioma,"[""audiovisual"", ""cibercultura"", ""digital"", ""tecnologia"", ""tecnologias""]",14,145,MINISTÉRIO DA EDUCAÇÃO - Universidade Federal da ...,https://portal.unila.edu.br/graduacao/letras-espanhol-portugues/nde/PPCLEPLE2018.1.pdf
UNILA,Universidade Federal da Integração Latino-Americana,PR,federal,Mídia e Educação,"[""internet"", ""midia"", ""redes sociais""]",10,143,MINISTÉRIO DA EDUCAÇÃO - Universidade Federal da ...,https://portal.unila.edu.br/graduacao/letras-espanhol-portugues/nde/PPCLEPLE2018.1.pdf
UNILA,Universidade Federal da Integração Latino-Americana,PR,federal,Produção de Material Didático para Línguas Estrangeiras,"[""midia"", ""midias""]",8,142,MINISTÉRIO DA EDUCAÇÃO - Universidade Federal da ...,https://portal.unila.edu.br/graduacao/letras-espanhol-portugues/nde/PPCLEPLE2018.1.pdf
UNILA,Universidade Federal da Integração Latino-Americana,PR,federal,Redação e Divulgação Científica,"[""midia""]",6,147,MINISTÉRIO DA EDUCAÇÃO - Universidade Federal da ...,https://portal.unila.edu.br/graduacao/letras-espanhol-portugues/nde/PPCLEPLE2018.1.pdf
UNILA,Universidade Federal da Integração Latino-Americana,PR,federal,Ética e Ciência,"[""tecnologico""]",6,84,MINISTÉRIO DA EDUCAÇÃO - Universidade Federal da ...,https://portal.unila.edu.br/graduacao/letras-espanhol-portugues/nde/PPCLEPLE2018.1.pdf
UNILA,Universidade Federal da Integração Latino-Americana,PR,federal,Intermidialidade,"[""midia""]",4,38,PROJETO PEDAGÓGICO DO CURSO DE GRADUAÇÃO EM LETRAS – ARTES E ...,https://portal.unila.edu.br/graduacao/mediacao-cultural-artes-letras/LETRASARTESEMEDIAOCULTURAL.pdf
UNILA,Universidade Federal da Integração Latino-Americana,PR,federal,MÍDIAS E EDUCAÇÃO,"[""midia"", ""midias""]",4,3,Ministério da Educação Universidade Federal da Integração ...,https://portal.unila.edu.br/graduacao/letras-espanhol-portugues/arquivos/MatrizCurricularAt2017.2_.pdf
UNILA,Universidade Federal da Integração Latino-Americana,PR,federal,O ESTÁGIO E O ENSINO REMOTO,"[""ensino remoto""]",4,121,PROJETO PEDAGÓGICO DO CURSO DE LETRAS – ESPANHOL E PORTUGUÊS ...,https://portal.unila.edu.br/graduacao/letras-espanhol-portugues/nde/PPCLEPLE2017.2Apensao.pdf
UNILAB,Universidade Federal da Lusofonia Afro-Brasileira,CEARÁ (SEDE) BAHIA,federal,Pratica de Ensino IV: Tecnologias Educacionais no Ensino de LE (),"[""tecnologia"", ""tecnologias"", ""tecnologias educacionais"", ""tecnologica""]",14,113,PDF Projeto Pedagógico Do Curso De Licenciatura Em Letras-língua Ingle,https://prograd.unilab.edu.br/wp-content/uploads/2020/08/PPC-Letras-Lingua-Inglesa-volume-2_Res-02_2019.pdf
UNILAB,Universidade Federal da Lusofonia Afro-Brasileira,CEARÁ (SEDE) BAHIA,federal,Teoria e Prática de Ensino da Língua Portuguesa (),"[""multiletramento"", ""multiletramentos"", ""tecnologia"", ""tecnologias""]",14,102,PDF Projeto Pedagógico Do Curso De Licenciatura Em Letras-língua Portugue,https://unilab.edu.br/wp-content/uploads/2023/07/2-PPC-curso-de-letras-lingua-portuguesa.pdf
UNILAB,Universidade Federal da Lusofonia Afro-Brasileira,CEARÁ (SEDE) BAHIA,federal,Multiletramentos e multimodalidade: novas práticas pedagógicas ao,"[""multiletramento"", ""multiletramentos"", ""multimodal"", ""multimodalidade""]",8,79,PROJETO PEDAGÓGICO DO CURSO - PPC GRADUAÇÃO EM LETRAS ...,https://unilab.edu.br/wp-content/uploads/2024/12/PPC_Revisado_CPAC.pdf
UNILAB,Universidade Federal da Lusofonia Afro-Brasileira,CEARÁ (SEDE) BAHIA,federal,Prática de Ensino IV: Tecnologias Educacionais,"[""tecnologia"", ""tecnologias"", ""tecnologias educacionais""]",8,47,PDF Projeto Pedagógico Do Curso De Licenciatura Em Letras-língua Ingle,https://prograd.unilab.edu.br/wp-content/uploads/2020/08/PPC-Letras-Lingua-Inglesa-volume-2_Res-02_2019.pdf
UNILAB,Universidade Federal da Lusofonia Afro-Brasileira,CEARÁ (SEDE) BAHIA,federal,LEITURA E PRODUÇÃO ESCRITA EM LÍNGUA INGLESA(OPTATIVA),"[""online""]",6,114,PROJETO PEDAGÓGICO DO CURSO DE LICENCIATURA EM LETRAS-LÍNGUA ...,https://unilab.edu.br/wp-content/uploads/2023/10/PPC-Letras-2018-Lingua-Inglesa-1.pdf
UNILAB,Universidade Federal da Lusofonia Afro-Brasileira,CEARÁ (SEDE) BAHIA,federal,Portuguesa,"[""digital""]",6,145,PROJETO PEDAGÓGICO DO CURSO - PPC GRADUAÇÃO EM LETRAS ...,https://unilab.edu.br/wp-content/uploads/2024/12/PPC_Revisado_CPAC.pdf
UNILAB,Universidade Federal da Lusofonia Afro-Brasileira,CEARÁ (SEDE) BAHIA,federal,V - inovação e valorização do uso de ferramentas tecnológicas;,"[""tecnologica"", ""tecnologicas""]",6,19,PDF Projeto Pedagógico Do Curso De Licenciatura Em Letras-língua Ingle,https://prograd.unilab.edu.br/wp-content/uploads/2020/08/PPC-Letras-Lingua-Inglesa-volume-2_Res-02_2019.pdf
UNILAB,Universidade Federal da Lusofonia Afro-Brasileira,CEARÁ (SEDE) BAHIA,federal,Linguística Aplicada: Tecnologias,"[""tecnologia"", ""tecnologias""]",4,56,UNIVERSIDADE DA INTEGRAÇÃO INTERNACIONAL DA LUSOFONIA AFRO ...,https://prograd.unilab.edu.br/wp-content/uploads/2020/08/PPC_Letras_LP_BA_Vol-I_Res-44_2018.pdf
UNILAB,Universidade Federal da Lusofonia Afro-Brasileira,CEARÁ (SEDE) BAHIA,federal,Tópicos em Linguagem Audiovisual (. Pré-requisitos: não há.),"[""audiovisual""]",4,116,UNIVERSIDADE DA INTEGRAÇÃO INTERNACIONAL DA LUSOFONIA AFRO ...,https://prograd.unilab.edu.br/wp-content/uploads/2020/08/PPC_Letras_LP_BA_Vol-I_Res-44_2018.pdf
UNIMONTES,Universidade Estadual de Montes Claros,MG,estadual,E-duc@r: Núcleo Interdisciplinar de Tecnologias Digitais na Educação,"[""tecnologia"", ""tecnologias"", ""tecnologias digitais""]",8,6,Resolução nº. 170 – Aprova o Projeto Político Pedagógico do ... (anexo),https://unimontes.br/wp-content/uploads/2024/04/portfolio_projetos_especiais_ensino_29-02-2024.pdf
UNIMONTES,Universidade Estadual de Montes Claros,MG,estadual,Desenvolvimento de Softwares e Soluções em EAD/Moodle,"[""ead"", ""moodle"", ""software""]",6,36,Material Didático de Letras Português - EAD Unimontes (anexo),http://www.ead.unimontes.br/arquivos/cadernos/uab/oferta2/letras-portugues/periodo1/introducao-a-ead.pdf
UNIMONTES,Universidade Estadual de Montes Claros,MG,estadual,A discussão sobre letramento digital re,"[""digital"", ""letramento digital""]",4,22,Material Didático de Letras Português - EAD Unimontes (anexo),http://www.ead.unimontes.br/arquivos/cadernos/uab/oferta2/letras-portugues/periodo1/introducao-a-ead.pdf
UNIMONTES,Universidade Estadual de Montes Claros,MG,estadual,A modalidade de EaD exige dos estudan,"[""ead""]",4,16,Material Didático de Letras Português - EAD Unimontes (anexo),http://www.ead.unimontes.br/arquivos/cadernos/uab/oferta2/letras-portugues/periodo1/introducao-a-ead.pdf
UNIMONTES,Universidade Estadual de Montes Claros,MG,estadual,Administração e Suporte Tecnológico da Plataforma Moodle,"[""moodle"", ""tecnologico""]",4,36,Material Didático de Letras Português - EAD Unimontes (anexo),http://www.ead.unimontes.br/arquivos/cadernos/uab/oferta2/letras-portugues/periodo1/introducao-a-ead.pdf
UNIMONTES,Universidade Estadual de Montes Claros,MG,estadual,Ambiente Virtual de Aprendizagem,"[""ambiente virtual de aprendizagem"", ""virtual""]",4,35,Material Didático de Letras Português - EAD Unimontes (anexo),http://www.ead.unimontes.br/arquivos/cadernos/uab/oferta2/letras-portugues/periodo1/introducao-a-ead.pdf
UNIMONTES,Universidade Estadual de Montes Claros,MG,estadual,Competições de Programação - Parte IV,"[""programacao""]",4,6,Resolução nº. 170 – Aprova o Projeto Político Pedagógico do ... (anexo),https://unimontes.br/wp-content/uploads/2024/04/portfolio_projetos_especiais_ensino_29-02-2024.pdf
UNIMONTES,Universidade Estadual de Montes Claros,MG,estadual,Elementos de multimídia e hipermídia,"[""hipermidia"", ""midia""]",4,1,Material Didático de Letras Português - EAD Unimontes,https://www.ead.unimontes.br/index.php/material-graduacao/material-didatico-de-letras-portugues
UNIMONTES,Universidade Estadual de Montes Claros,MG,estadual,Figura 33: Página web,"[""web""]",4,62,Material Didático de Letras Português - EAD Unimontes (anexo),http://www.ead.unimontes.br/arquivos/cadernos/uab/oferta2/letras-portugues/periodo1/introducao-a-ead.pdf
UNIMONTES,Universidade Estadual de Montes Claros,MG,estadual,Letramento digital e sua influência,"[""digital"", ""letramento digital""]",4,19,Material Didático de Letras Português - EAD Unimontes (anexo),http://www.ead.unimontes.br/arquivos/cadernos/uab/oferta2/letras-portugues/periodo1/introducao-a-ead.pdf
UNIMONTES,Universidade Estadual de Montes Claros,MG,estadual,Letras Português - Ambiente Virtual de Aprendizagem,"[""ambiente virtual de aprendizagem"", ""virtual""]",4,79,Material Didático de Letras Português - EAD Unimontes (anexo),http://www.ead.unimontes.br/arquivos/cadernos/uab/oferta2/letras-portugues/periodo1/introducao-a-ead.pdf
UNIMONTES,Universidade Estadual de Montes Claros,MG,estadual,WebGuardians: Navegando com Segurança na Internet,"[""internet""]",4,6,Resolução nº. 170 – Aprova o Projeto Político Pedagógico do ... (anexo),https://unimontes.br/wp-content/uploads/2024/04/portfolio_projetos_especiais_ensino_29-02-2024.pdf
UNIMONTES,Universidade Estadual de Montes Claros,MG,estadual,Área de conhecimento: Ciências da Computação,"[""computacao""]",4,28,Resolução nº. 170 – Aprova o Projeto Político Pedagógico do ... (anexo),https://unimontes.br/wp-content/uploads/2024/04/portfolio_projetos_especiais_ensino_29-02-2024.pdf
UNIND,Universidade Federal Indígena,DISTRITO FEDERAL (SEDE),federal,HB0778LINGUÍSTICA COMPUTACIONAL -  (4cr),"[""computacional""]",6,4,SIGAA - Sistema Integrado de Gestão de Atividades Acadêmicas,https://letrasdiurno.ufc.br/wp-content/uploads/2024/10/estrutura-curricular-lingua-portuguesa.pdf
UNIND,Universidade Federal Indígena,DISTRITO FEDERAL (SEDE),federal,"Tecnologias Digitais, Ensino e Aprendizagem de Línguas","[""tecnologia"", ""tecnologias"", ""tecnologias digitais""]",6,7,Matriz Curricular | Letras (anexo),https://letras.ufv.br/wp-content/uploads/2023/03/Matriz-Curricular-Portugues-Ingles.pdf
UNIND,Universidade Federal Indígena,DISTRITO FEDERAL (SEDE),federal,Universidade Federal do Espírito Santo,"[""corpus""]",6,44,Matriz Curricular | Letras (anexo),https://letras.ufes.br/sites/letras.ufes.br/files/field/anexo/ppc_842_lic._em_lingua_port._e_literat._de_lingua_port._-_noturno.pdf
UNIND,Universidade Federal Indígena,DISTRITO FEDERAL (SEDE),federal,Português: o uso de recursos digitais 3 30 0 30 OP,"[""recursos digitais""]",5,7,Matriz Curricular | Letras (anexo),https://letras.ufes.br/sites/letras.ufes.br/files/field/anexo/curriculo_curso-2006-matutino.pdf
UNIND,Universidade Federal Indígena,DISTRITO FEDERAL (SEDE),federal,Comunicação e Cultura Digital 4(2-2),"[""cultura digital"", ""digital""]",4,5,Matriz Curricular | Letras (anexo),https://letras.ufv.br/wp-content/uploads/2023/03/Matriz-Curricular-Portugues-Ingles.pdf
UNIND,Universidade Federal Indígena,DISTRITO FEDERAL (SEDE),federal,História da Língua Portuguesa 55 11 66 Online,"[""online""]",4,5,Letras Português - FMU,https://portal.fmu.br/wp-content/uploads/cursos/letras/projeto-pedagogico/LETRAS_PORTUGUES_LICENCIATURA_PPC-RESUMIDO_Atualizado.pdf
UNIND,Universidade Federal Indígena,DISTRITO FEDERAL (SEDE),federal,Linguística Textual 55 11 66 Online,"[""online""]",4,5,Letras Português - FMU,https://portal.fmu.br/wp-content/uploads/cursos/letras/projeto-pedagogico/LETRAS_PORTUGUES_LICENCIATURA_PPC-RESUMIDO_Atualizado.pdf
UNIND,Universidade Federal Indígena,DISTRITO FEDERAL (SEDE),federal,METODOLOGIA CIENTÍFICA (EAD),"[""ead""]",4,8,Letras Português - FMU,https://portal.fmu.br/wp-content/uploads/cursos/letras/projeto-pedagogico/LETRAS_PORTUGUES_LICENCIATURA_PPC-RESUMIDO_Atualizado.pdf
UNIND,Universidade Federal Indígena,DISTRITO FEDERAL (SEDE),federal,NTROPOLOGIA E CULTURA BRASILEIRA (EAD),"[""ead""]",4,6,Letras Português - FMU,https://portal.fmu.br/wp-content/uploads/cursos/letras/projeto-pedagogico/LETRAS_PORTUGUES_LICENCIATURA_PPC-RESUMIDO_Atualizado.pdf
UNIND,Universidade Federal Indígena,DISTRITO FEDERAL (SEDE),federal,Produção e Revisão de Texto 85 00 85 Online,"[""online""]",4,5,Letras Português - FMU,https://portal.fmu.br/wp-content/uploads/cursos/letras/projeto-pedagogico/LETRAS_PORTUGUES_LICENCIATURA_PPC-RESUMIDO_Atualizado.pdf
UNIND,Universidade Federal Indígena,DISTRITO FEDERAL (SEDE),federal,Textos da Mídia e Ensino 60E,"[""midia""]",4,20,Matriz Curricular | Letras (anexo),https://letras.ufes.br/sites/letras.ufes.br/files/field/anexo/ementario_portugues.pdf
UNIND,Universidade Federal Indígena,DISTRITO FEDERAL (SEDE),federal,Virtual de Aprendizagem,"[""virtual""]",4,15,Letras-Português - FMU,https://portal.fmu.br/wp-content/uploads/cursos/letras/projeto-pedagogico/letras_portugues_licenciatura_ppc_resumido.pdf
UNIOESTE,Universidade Estadual do Oeste do Paraná,PR,estadual,Alfabetização e letramento,"[""multiletramento"", ""multiletramentos"", ""multimodal"", ""multimodalidade""]",12,1,Estrutura Curricular - Unioeste,https://www.unioeste.br/portal/pos-profletras/disciplinas/estrutura-curricular
UNIOESTE,Universidade Estadual do Oeste do Paraná,PR,estadual,Literatura e Ensino,"[""multiletramento"", ""multiletramentos"", ""multimodal"", ""multimodalidade""]",12,1,Estrutura Curricular - Unioeste,https://www.unioeste.br/portal/pos-profletras/disciplinas/estrutura-curricular
UNIOESTE,Universidade Estadual do Oeste do Paraná,PR,estadual,Práticas de leitura e ensino,"[""digital"", ""midia"", ""multiletramento"", ""multiletramentos""]",12,1,Estrutura Curricular - Unioeste,https://www.unioeste.br/portal/pos-profletras/disciplinas/estrutura-curricular
UNIOESTE,Universidade Estadual do Oeste do Paraná,PR,estadual,Práticas de produção textual e ensino,"[""digital"", ""midia"", ""multiletramento"", ""multiletramentos""]",12,1,Estrutura Curricular - Unioeste,https://www.unioeste.br/portal/pos-profletras/disciplinas/estrutura-curricular
UNIOESTE,Universidade Estadual do Oeste do Paraná,PR,estadual,Práticas de análise linguística e ensino de aspectos gramaticais,"[""multiletramento"", ""multiletramentos""]",8,1,Estrutura Curricular - Unioeste,https://www.unioeste.br/portal/pos-profletras/disciplinas/estrutura-curricular
UNIOESTE,Universidade Estadual do Oeste do Paraná,PR,estadual,Práticas de oralidade e ensino,"[""digital"", ""midia""]",8,1,Estrutura Curricular - Unioeste,https://www.unioeste.br/portal/pos-profletras/disciplinas/estrutura-curricular
UNIOESTE,Universidade Estadual do Oeste do Paraná,PR,estadual,"Fonologia, Variação e Ensino","[""hipertexto""]",6,1,Estrutura Curricular - Unioeste,https://www.unioeste.br/portal/pos-profletras/disciplinas/estrutura-curricular
UNIOESTE,Universidade Estadual do Oeste do Paraná,PR,estadual,"Gramática, Variação e Ensino","[""hipertexto""]",6,1,Estrutura Curricular - Unioeste,https://www.unioeste.br/portal/pos-profletras/disciplinas/estrutura-curricular
UNIOESTE,Universidade Estadual do Oeste do Paraná,PR,estadual,Texto e Ensino,"[""hipertexto""]",6,1,Estrutura Curricular - Unioeste,https://www.unioeste.br/portal/pos-profletras/disciplinas/estrutura-curricular
UNIPAMPA,Universidade Federal do Pampa,RS,federal,Carga horária de extensão,"[""digital"", ""letramento digital"", ""midia"", ""recursos digitais"", ""tecnologia"", ""tecnologias""]",18,131,PDF UNIVERSIDADE FEDERAL DO PAMPA Câmpus Bag,https://cursos.unipampa.edu.br/cursos/letrasportugueseliteraturas/files/2025/05/ppc-2022-atualizado-2025.pdf
UNIPAMPA,Universidade Federal do Pampa,RS,federal,Prática como Componente Curricular,"[""ambiente virtual de aprendizagem"", ""moodle"", ""online"", ""tecnologia"", ""tecnologias"", ""tecnologias digitais"", ""virtual""]",18,97,Projeto Pedagógico do Curso (PPC) | Letras – Português ... (anexo),https://dspace.unipampa.edu.br/bitstream/riu/124/8/PPC_Letras%20Portugu%c3%aas_EaD_Jaguar%c3%a3o.pdf
UNIPAMPA,Universidade Federal do Pampa,RS,federal,Prática como,"[""ambiente virtual de aprendizagem"", ""online"", ""tecnologia"", ""tecnologias"", ""tecnologias digitais"", ""virtual""]",16,66,Projeto Pedagógico do Curso (PPC) | Letras – Português ... (anexo),https://dspace.unipampa.edu.br/bitstream/riu/124/9/PPC_Letras_Portugues_EaD_Jaguarao_2017_atualizado_2020.pdf
UNIPAMPA,Universidade Federal do Pampa,RS,federal,Letramento digital Obrigatório 4  teóricas nenhum,"[""digital"", ""letramento digital""]",9,54,Projeto Pedagógico do Curso (PPC) | Letras – Português ... (anexo),https://dspace.unipampa.edu.br/bitstream/riu/124/4/PPC_Letras%20Portugu%c3%aas%20EaD_Jaguar%c3%a3o.pdf
UNIPAMPA,Universidade Federal do Pampa,RS,federal,Letramento digital Obrigatório 4  teóricas nenhum Letramentos e cultura acadêmica,"[""digital"", ""letramento digital""]",9,82,Projeto Pedagógico do Curso (PPC) | Letras – Português ... (anexo),https://dspace.unipampa.edu.br/bitstream/riu/124/8/PPC_Letras%20Portugu%c3%aas_EaD_Jaguar%c3%a3o.pdf
UNIPAMPA,Universidade Federal do Pampa,RS,federal,Introdução a Tecnologias Digitais,"[""tecnologia"", ""tecnologias"", ""tecnologias digitais""]",8,66,Projeto Pedagógico do Curso (PPC) | Letras – Português ... (anexo),https://dspace.unipampa.edu.br/bitstream/riu/124/9/PPC_Letras_Portugues_EaD_Jaguarao_2017_atualizado_2020.pdf
UNIPAMPA,Universidade Federal do Pampa,RS,federal,Pós-graduação Tecnologias em Educação a Distância,"[""educacao a distancia"", ""tecnologia"", ""tecnologias""]",8,201,Projeto Pedagógico do Curso (PPC) | Letras – Português ... (anexo),https://dspace.unipampa.edu.br/bitstream/riu/124/8/PPC_Letras%20Portugu%c3%aas_EaD_Jaguar%c3%a3o.pdf
UNIPAMPA,Universidade Federal do Pampa,RS,federal,ACESSIBILIDADE E INCLUSAO DIGITAL,"[""digital""]",7,2,Matriz Curricular e Ementário | Letras – Português ... (anexo),https://cursos.unipampa.edu.br/cursos/llpead/files/2022/08/codigos-dos-componentes-curriculares-letras-portugues-uab.pdf
UNIPAMPA,Universidade Federal do Pampa,RS,federal,LETRAMENTO DIGITAL,"[""digital"", ""letramento digital""]",7,1,Matriz Curricular e Ementário | Letras – Português ... (anexo),https://cursos.unipampa.edu.br/cursos/llpead/files/2022/08/codigos-dos-componentes-curriculares-letras-portugues-uab.pdf
UNIPAMPA,Universidade Federal do Pampa,RS,federal,"Cursos de informática, (presenciais ou EAD)","[""ead"", ""informatica""]",6,64,PDF UNIVERSIDADE FEDERAL DO PAMPA Câmpus Bag,https://cursos.unipampa.edu.br/cursos/letrasportugueseliteraturas/files/2025/05/ppc-2022-atualizado-2025.pdf
UNIPAMPA,Universidade Federal do Pampa,RS,federal,"Cursos de informática, presenciais ou online","[""informatica"", ""online""]",6,62,PDF Ministério Da Educação Universidade Federal Do Pampa Campus Bagé,https://cursos.unipampa.edu.br/cursos/letrasportugueseliteraturas/files/2025/05/ppc-2019.pdf
UNIPAMPA,Universidade Federal do Pampa,RS,federal,Educação Inclusiva,"[""tecnologia""]",6,58,Projeto Pedagógico do Curso (PPC) | Letras – Português ... (anexo),https://dspace.unipampa.edu.br/bitstream/riu/124/1/PPC%20Letras%20Portugu%c3%aas%20EaD_Jaguar%c3%a3o.pdf
UNIPAMPA,Universidade Federal do Pampa,RS,federal,Etapa Virtual– 01 a 05/10/2018 MOODLE EaD,"[""ead"", ""moodle"", ""virtual""]",6,211,Projeto Pedagógico do Curso (PPC) | Letras – Português ... (anexo),https://dspace.unipampa.edu.br/bitstream/riu/124/8/PPC_Letras%20Portugu%c3%aas_EaD_Jaguar%c3%a3o.pdf
UNIPAMPA,Universidade Federal do Pampa,RS,federal,Introdução a Tecnologias,"[""tecnologia"", ""tecnologias""]",6,172,Projeto Pedagógico do Curso (PPC) | Letras – Português ... (anexo),https://dspace.unipampa.edu.br/bitstream/riu/124/8/PPC_Letras%20Portugu%c3%aas_EaD_Jaguar%c3%a3o.pdf
UNIPAMPA,Universidade Federal do Pampa,RS,federal,Introdução a Tecnologias Digitais de Informação,"[""tecnologia"", ""tecnologias"", ""tecnologias digitais""]",6,91,Projeto Pedagógico do Curso (PPC) | Letras – Português ... (anexo),https://dspace.unipampa.edu.br/bitstream/riu/124/8/PPC_Letras%20Portugu%c3%aas_EaD_Jaguar%c3%a3o.pdf
UNIPAMPA,Universidade Federal do Pampa,RS,federal,Introdução às tecnologias de informação e comunicação,"[""tecnologia"", ""tecnologias""]",6,97,Projeto Pedagógico do Curso (PPC) | Letras – Português ... (anexo),https://dspace.unipampa.edu.br/bitstream/riu/124/8/PPC_Letras%20Portugu%c3%aas_EaD_Jaguar%c3%a3o.pdf
UNIPAMPA,Universidade Federal do Pampa,RS,federal,Local de realização do curso: Moodle EaD,"[""ead"", ""moodle""]",6,210,Projeto Pedagógico do Curso (PPC) | Letras – Português ... (anexo),https://dspace.unipampa.edu.br/bitstream/riu/124/8/PPC_Letras%20Portugu%c3%aas_EaD_Jaguar%c3%a3o.pdf
UNIPAMPA,Universidade Federal do Pampa,RS,federal,Pós-graduação Especialização em Mídias na Educação - UFSM,"[""midia"", ""midias""]",6,200,Projeto Pedagógico do Curso (PPC) | Letras – Português ... (anexo),https://dspace.unipampa.edu.br/bitstream/riu/124/8/PPC_Letras%20Portugu%c3%aas_EaD_Jaguar%c3%a3o.pdf
UNIPAMPA,Universidade Federal do Pampa,RS,federal,Titulação Mestre em tecnologias educacionais em rede,"[""tecnologia"", ""tecnologias"", ""tecnologias educacionais""]",6,201,Projeto Pedagógico do Curso (PPC) | Letras – Português ... (anexo),https://dspace.unipampa.edu.br/bitstream/riu/124/8/PPC_Letras%20Portugu%c3%aas_EaD_Jaguar%c3%a3o.pdf
UNIPAMPA,Universidade Federal do Pampa,RS,federal,Acessibilidade e Inclusão Digital,"[""digital""]",4,104,Projeto Pedagógico do Curso (PPC) | Letras – Português ... (anexo),https://dspace.unipampa.edu.br/bitstream/riu/124/9/PPC_Letras_Portugues_EaD_Jaguarao_2017_atualizado_2020.pdf
UNIPAMPA,Universidade Federal do Pampa,RS,federal,Acessibilidade e inclusão digital Obrigatório 3  teóricas,"[""digital""]",4,56,Projeto Pedagógico do Curso (PPC) | Letras – Português ... (anexo),https://dspace.unipampa.edu.br/bitstream/riu/124/4/PPC_Letras%20Portugu%c3%aas%20EaD_Jaguar%c3%a3o.pdf
UNIPAMPA,Universidade Federal do Pampa,RS,federal,"Bagé; Ciências Exatas - Licenciatura, Curso Superior de Tecnologia em Mineração, Geologia","[""tecnologia""]",4,20,Projeto Pedagógico do Curso (PPC) | Letras – Português ... (anexo),https://dspace.unipampa.edu.br/bitstream/riu/124/8/PPC_Letras%20Portugu%c3%aas_EaD_Jaguar%c3%a3o.pdf
UNIPAMPA,Universidade Federal do Pampa,RS,federal,Cursos de informática,"[""informatica""]",4,62,PDF Ministério Da Educação Universidade Federal Do Pampa Campus Bagé,https://cursos.unipampa.edu.br/cursos/letrasportugueseliteraturas/files/2025/05/ppc-2019.pdf
UNIPAMPA,Universidade Federal do Pampa,RS,federal,"Câmpus São Borja : Ciências Humanas, Geografia EaD/UAB e História EaD/UAB","[""ead""]",4,15,PDF UNIVERSIDADE FEDERAL DO PAMPA Câmpus Bag,https://cursos.unipampa.edu.br/cursos/letrasportugueseliteraturas/files/2025/05/ppc-2022-atualizado-2025.pdf
UNIPAMPA,Universidade Federal do Pampa,RS,federal,"Equipamentos: 16 computadores, 1 projetor multimídia","[""computador"", ""midia""]",4,220,Projeto Pedagógico do Curso (PPC) | Letras – Português ... (anexo),https://dspace.unipampa.edu.br/bitstream/riu/124/8/PPC_Letras%20Portugu%c3%aas_EaD_Jaguar%c3%a3o.pdf
UNIPAMPA,Universidade Federal do Pampa,RS,federal,Estudos sobre Letramento Digital,"[""digital"", ""letramento digital""]",4,89,PDF Ministério Da Educação Universidade Federal Do Pampa Campus Bagé,https://cursos.unipampa.edu.br/cursos/letrasportugueseliteraturas/files/2025/05/ppc-2019.pdf
UNIPAMPA,Universidade Federal do Pampa,RS,federal,Gestão democrática da escola; Pedagogia e Trabalho docente; TIC,"[""tic""]",4,138,Projeto Pedagógico do Curso (PPC) | Letras – Português ... (anexo),https://dspace.unipampa.edu.br/bitstream/riu/124/9/PPC_Letras_Portugues_EaD_Jaguarao_2017_atualizado_2020.pdf
UNIPAMPA,Universidade Federal do Pampa,RS,federal,Introdução à Licenciatura em Letras EaD,"[""ead""]",4,1,Matriz Curricular do Curso e Ementário 2023 | Letras ...,https://cursos.unipampa.edu.br/cursos/llpead/curriculo/matriz-curricular-do-curso-e-ementario-2023/
UNIPAMPA,Universidade Federal do Pampa,RS,federal,Letramento Digital 30 Letramento Digital,"[""digital"", ""letramento digital""]",4,135,Projeto Pedagógico do Curso (PPC) | Letras – Português ... (anexo),https://dspace.unipampa.edu.br/bitstream/riu/124/9/PPC_Letras_Portugues_EaD_Jaguarao_2017_atualizado_2020.pdf
UNIPAMPA,Universidade Federal do Pampa,RS,federal,Letramento Digital II 45 Letramentos e cultura acadêmica,"[""digital"", ""letramento digital""]",4,170,Projeto Pedagógico do Curso (PPC) | Letras – Português ... (anexo),https://dspace.unipampa.edu.br/bitstream/riu/124/8/PPC_Letras%20Portugu%c3%aas_EaD_Jaguar%c3%a3o.pdf
UNIPAMPA,Universidade Federal do Pampa,RS,federal,"Licenciatura, Curso Superior de Tecnologia em Aquic ultura , Ciências da Natureza","[""tecnologia""]",4,13,Projeto Pedagógico do Curso (PPC) | Letras – Português ... (anexo),https://dspace.unipampa.edu.br/bitstream/riu/124/4/PPC_Letras%20Portugu%c3%aas%20EaD_Jaguar%c3%a3o.pdf
UNIPAMPA,Universidade Federal do Pampa,RS,federal,"Licenciatura, Curso Superior de Tecnologia em Aquicultura , Ciências da Natureza","[""tecnologia""]",4,12,Projeto Pedagógico do Curso (PPC) | Letras – Português ... (anexo),https://dspace.unipampa.edu.br/bitstream/riu/124/9/PPC_Letras_Portugues_EaD_Jaguarao_2017_atualizado_2020.pdf
UNIPAMPA,Universidade Federal do Pampa,RS,federal,Local de Realização do curso: Moodle e MConf,"[""moodle""]",4,209,Projeto Pedagógico do Curso (PPC) | Letras – Português ... (anexo),https://dspace.unipampa.edu.br/bitstream/riu/124/8/PPC_Letras%20Portugu%c3%aas_EaD_Jaguar%c3%a3o.pdf
UNIPAMPA,Universidade Federal do Pampa,RS,federal,Moodle – Educação a Distância,"[""educacao a distancia"", ""moodle""]",4,1,Matriz Curricular e Ementário | Letras – Português ...,https://cursos.unipampa.edu.br/cursos/llpead/curriculo/matriz-curricular-e-ementario/
UNIPAMPA,Universidade Federal do Pampa,RS,federal,Participação em cursos de informática,"[""informatica""]",4,64,PDF UNIVERSIDADE FEDERAL DO PAMPA Câmpus Bag,https://cursos.unipampa.edu.br/cursos/letrasportugueseliteraturas/files/2025/05/ppc-2022-atualizado-2025.pdf
UNIPAMPA,Universidade Federal do Pampa,RS,federal,"Português, modalidade EaD, no Exame Nacional de Desempenho de Estudantes","[""ead""]",4,27,Projeto Pedagógico do Curso (PPC) | Letras – Português ... (anexo),https://dspace.unipampa.edu.br/bitstream/riu/124/1/PPC%20Letras%20Portugu%c3%aas%20EaD_Jaguar%c3%a3o.pdf
UNIPAMPA,Universidade Federal do Pampa,RS,federal,"Recomenda-se aos cu rsos na modalidade EaD, mesmo que ainda não possuam alunos","[""ead""]",4,87,Projeto Pedagógico do Curso (PPC) | Letras – Português ... (anexo),https://dspace.unipampa.edu.br/bitstream/riu/124/8/PPC_Letras%20Portugu%c3%aas_EaD_Jaguar%c3%a3o.pdf
UNIPAMPA,Universidade Federal do Pampa,RS,federal,Tecnologia Educacional,"[""tecnologia"", ""tecnologia educacional""]",4,56,PDF UNIVERSIDADE FEDERAL DO PAMPA Câmpus Bag,https://cursos.unipampa.edu.br/cursos/letrasportugueseliteraturas/files/2025/05/ppc-2022-atualizado-2025.pdf
UNIR,Universidade Federal de Rondônia,RO,federal,TICs (Tecnologias da Informação e da Comunicação),"[""tecnologia"", ""tecnologias"", ""tics""]",8,2,Coordenação do Curso de Letras - letrasvilhena.unir.br (anexo),https://letrasvilhena.unir.br/uploads/91190067/Planos%202025%201/DAE01098%20-%20DIDATICA%20.pdf
UNIR,Universidade Federal de Rondônia,RO,federal,"Nesta disciplina, serão usadas TICs, tais como: Sistema Integrado de Gestão de Atividades Acadêmicas","[""tics""]",4,2,Coordenação do Curso de Letras - letrasvilhena.unir.br (anexo),https://letrasvilhena.unir.br/uploads/91190067/Planos%202025%201/DAE01107%20-%20ESTAGIO%20SUPERVISIONADO%20III%20%20-%20Rosana%20e%20Leandro-%20enviado%20do%20NDE.pdf
UNIRIO,Universidade Federal do Estado do Rio de Janeiro,RJ,federal,"Abordagens especiais em língua, literatura, cultura digital e ensino","[""cultura digital"", ""digital"", ""hipertexto"", ""letramento digital"", ""midia"", ""midias"", ""online"", ""tecnologia"", ""tecnologias"", ""tecnologias digitais"", ""virtual""]",29,48,Projeto político-pedagógico - UNIRIO,https://www.unirio.br/cch/prograd/ppc-dos-cursos-de-graduacao/PPCLETRASLicenciatura20162017.pdf
UNIRIO,Universidade Federal do Estado do Rio de Janeiro,RJ,federal,Literatura e Cultura Digital – Oficina  2P,"[""audiovisual"", ""computador"", ""cultura digital"", ""digital"", ""internet"", ""tecnologia"", ""tecnologias"", ""tecnologias digitais"", ""virtual""]",27,47,Microsoft Word - PPC-LICENCIATURA-27-JULHO.docx - UNIRIO,https://www.unirio.br/escoladeletras/projetos-pedagogicos-dos-cursos/licenciatura
UNIRIO,Universidade Federal do Estado do Rio de Janeiro,RJ,federal,Literatura e Cultura Digital – Oficina  4P,"[""computador"", ""cultura digital"", ""digital"", ""internet"", ""tecnologia"", ""tecnologias"", ""tecnologias digitais"", ""virtual""]",25,43,Projeto político-pedagógico - UNIRIO,https://www.unirio.br/cch/prograd/ppc-dos-cursos-de-graduacao/PPCLETRASLicenciatura20162017.pdf
UNIRIO,Universidade Federal do Estado do Rio de Janeiro,RJ,federal,LET... Literatura e Cultura Digital - Oficina  2P,"[""computador"", ""cultura digital"", ""digital"", ""internet"", ""linguagem digital"", ""tecnologia"", ""tecnologias"", ""tecnologias digitais"", ""virtual""]",24,46,Projeto político-pedagógico - UNIRIO,https://www.unirio.br/prograd/ppc-dos-cursos-de-graduacao/Proj.PedagogicoCursodeLetras.pdf
UNIRIO,Universidade Federal do Estado do Rio de Janeiro,RJ,federal,Estágio curricular supervisionado II: pesquisa e práticas sociais de leitura,"[""computador"", ""cultura digital"", ""digital"", ""internet"", ""tecnologia"", ""tecnologias"", ""tecnologias digitais"", ""virtual""]",23,43,Projeto político-pedagógico - UNIRIO,https://www.unirio.br/cch/prograd/ppc-dos-cursos-de-graduacao/PPCLETRASLicenciatura20162017.pdf
UNIRIO,Universidade Federal do Estado do Rio de Janeiro,RJ,federal,"LET... Abordagens especiais em língua, literatura, cultura digital e ensino","[""cultura digital"", ""digital"", ""hipertexto"", ""midia"", ""midias"", ""tecnologia"", ""tecnologias"", ""tecnologias digitais"", ""virtual""]",22,62,Projeto político-pedagógico - UNIRIO,https://www.unirio.br/prograd/ppc-dos-cursos-de-graduacao/Proj.PedagogicoCursodeLetras.pdf
UNIRIO,Universidade Federal do Estado do Rio de Janeiro,RJ,federal,Informática e Educação 5° 60 4T,"[""aplicativo"", ""aplicativos"", ""computador"", ""educacao a distancia"", ""informatica"", ""internet"", ""software""]",21,61,Projeto político-pedagógico - UNIRIO,https://www.unirio.br/cch/prograd/ppc-dos-cursos-de-graduacao/PPCLETRASLicenciatura20162017.pdf
UNIRIO,Universidade Federal do Estado do Rio de Janeiro,RJ,federal,HDI Libras  4T,"[""cultura digital"", ""digital"", ""midia"", ""midias""]",14,62,Projeto político-pedagógico - UNIRIO,https://www.unirio.br/prograd/ppc-dos-cursos-de-graduacao/Proj.PedagogicoCursodeLetras.pdf
UNIRIO,Universidade Federal do Estado do Rio de Janeiro,RJ,federal,"Cultura, História e Documento 4°  4T","[""midia"", ""web""]",13,51,Projeto político-pedagógico - UNIRIO,https://www.unirio.br/cch/prograd/ppc-dos-cursos-de-graduacao/PPCLETRASLicenciatura20162017.pdf
UNIRIO,Universidade Federal do Estado do Rio de Janeiro,RJ,federal,Desenvolvimento de páginas da WEB 5°  4T,"[""midia"", ""web""]",13,51,Projeto político-pedagógico - UNIRIO,https://www.unirio.br/cch/prograd/ppc-dos-cursos-de-graduacao/PPCLETRASLicenciatura20162017.pdf
UNIRIO,Universidade Federal do Estado do Rio de Janeiro,RJ,federal,Educação a Distância 5º  2T,"[""ead"", ""educacao a distancia""]",13,65,Projeto político-pedagógico - UNIRIO,https://www.unirio.br/cch/prograd/ppc-dos-cursos-de-graduacao/PPCLETRASLicenciatura20162017.pdf
UNIRIO,Universidade Federal do Estado do Rio de Janeiro,RJ,federal,Literatura e Outros Códigos  4T,"[""hipermidia"", ""midia""]",13,41,Projeto político-pedagógico - UNIRIO,https://www.unirio.br/cch/prograd/ppc-dos-cursos-de-graduacao/PPCLETRASLicenciatura20162017.pdf
UNIRIO,Universidade Federal do Estado do Rio de Janeiro,RJ,federal,ALT... Produção Audiovisual e Ensino  4T,"[""audiovisual"", ""tecnologia"", ""tecnologias""]",12,47,Projeto político-pedagógico - UNIRIO,https://www.unirio.br/cch/prograd/ppc-dos-cursos-de-graduacao/PPCLETRASLicenciatura20162017.pdf
UNIRIO,Universidade Federal do Estado do Rio de Janeiro,RJ,federal,LET... Indústria Cultural e Linguagens Audiovisuais  4T,"[""digital"", ""tecnologia"", ""tecnologias""]",12,44,Projeto político-pedagógico - UNIRIO,https://www.unirio.br/prograd/ppc-dos-cursos-de-graduacao/Proj.PedagogicoCursodeLetras.pdf
UNIRIO,Universidade Federal do Estado do Rio de Janeiro,RJ,federal,"Cultura, História e Documento 4° 60 4T","[""midia"", ""web""]",11,48,Projeto político-pedagógico - UNIRIO,https://www.unirio.br/prograd/ppc-dos-cursos-de-graduacao/Proj.PedagogicoCursodeLetras.pdf
UNIRIO,Universidade Federal do Estado do Rio de Janeiro,RJ,federal,Desenvolvimento de páginas da WEB 5° 60 4T,"[""midia"", ""web""]",11,48,Projeto político-pedagógico - UNIRIO,https://www.unirio.br/prograd/ppc-dos-cursos-de-graduacao/Proj.PedagogicoCursodeLetras.pdf
UNIRIO,Universidade Federal do Estado do Rio de Janeiro,RJ,federal,Diálogos intermídias 5º  2T,"[""midia"", ""midias""]",11,52,Projeto político-pedagógico - UNIRIO,https://www.unirio.br/cch/prograd/ppc-dos-cursos-de-graduacao/PPCLETRASLicenciatura20162017.pdf
UNIRIO,Universidade Federal do Estado do Rio de Janeiro,RJ,federal,Estudos da Materialidade do Texto 4º  4T,"[""corpora""]",11,55,Projeto político-pedagógico - UNIRIO,https://www.unirio.br/cch/prograd/ppc-dos-cursos-de-graduacao/PPCLETRASLicenciatura20162017.pdf
UNIRIO,Universidade Federal do Estado do Rio de Janeiro,RJ,federal,"Informação, Memória e Documento 5°  4T","[""computador""]",11,51,Projeto político-pedagógico - UNIRIO,https://www.unirio.br/prograd/ppc-dos-cursos-de-graduacao/Proj.PedagogicoCursodeLetras.pdf
UNIRIO,Universidade Federal do Estado do Rio de Janeiro,RJ,federal,Interação Humano-computador 5° 60 4T,"[""computacao"", ""tecnologia""]",11,61,Projeto político-pedagógico - UNIRIO,https://www.unirio.br/cch/prograd/ppc-dos-cursos-de-graduacao/PPCLETRASLicenciatura20162017.pdf
UNIRIO,Universidade Federal do Estado do Rio de Janeiro,RJ,federal,Introdução à Ciência da Computação 4°  3T,"[""tecnologia""]",11,61,Projeto político-pedagógico - UNIRIO,https://www.unirio.br/cch/prograd/ppc-dos-cursos-de-graduacao/PPCLETRASLicenciatura20162017.pdf
UNIRIO,Universidade Federal do Estado do Rio de Janeiro,RJ,federal,Introdução à Ciência da Informação 4°  2T,"[""tecnologia""]",11,7,Documento3 - UNIRIO,https://www.unirio.br/escoladeletras/componentes-curriculares/licenciatura-disciplinas-optativas
UNIRIO,Universidade Federal do Estado do Rio de Janeiro,RJ,federal,Introdução à arquivologia 4°  4T,"[""tecnologia""]",11,51,Projeto político-pedagógico - UNIRIO,https://www.unirio.br/prograd/ppc-dos-cursos-de-graduacao/Proj.PedagogicoCursodeLetras.pdf
UNIRIO,Universidade Federal do Estado do Rio de Janeiro,RJ,federal,LET... Diálogos interartísticos 5º  2T,"[""midia"", ""midias""]",10,2,Documento3 - UNIRIO,https://www.unirio.br/escoladeletras/componentes-curriculares/licenciatura-disciplinas-optativas
UNIRIO,Universidade Federal do Estado do Rio de Janeiro,RJ,federal,LET... Estudos de Literatura Africana  4T,"[""midia"", ""midias""]",10,44,Projeto político-pedagógico - UNIRIO,https://www.unirio.br/prograd/ppc-dos-cursos-de-graduacao/Proj.PedagogicoCursodeLetras.pdf
UNIRIO,Universidade Federal do Estado do Rio de Janeiro,RJ,federal,LET... Estudos de Temas e Textos da Literatura Portuguesa  4T,"[""hipermidia"", ""midia""]",10,42,Projeto político-pedagógico - UNIRIO,https://www.unirio.br/prograd/ppc-dos-cursos-de-graduacao/Proj.PedagogicoCursodeLetras.pdf
UNIRIO,Universidade Federal do Estado do Rio de Janeiro,RJ,federal,LET... Literatura e Outros Códigos  4T,"[""hipermidia"", ""midia""]",10,42,Projeto político-pedagógico - UNIRIO,https://www.unirio.br/prograd/ppc-dos-cursos-de-graduacao/Proj.PedagogicoCursodeLetras.pdf
UNIRIO,Universidade Federal do Estado do Rio de Janeiro,RJ,federal,Abordagens Especiais em Produção Textual e Ensino,"[""tics""]",9,44,Projeto político-pedagógico - UNIRIO,https://www.unirio.br/cch/prograd/ppc-dos-cursos-de-graduacao/PPCLETRASLicenciatura20162017.pdf
UNIRIO,Universidade Federal do Estado do Rio de Janeiro,RJ,federal,História da Música Popular Brasileira 1 4° 30 2T,"[""tecnologico""]",9,50,Projeto político-pedagógico - UNIRIO,https://www.unirio.br/prograd/ppc-dos-cursos-de-graduacao/Proj.PedagogicoCursodeLetras.pdf
UNIRIO,Universidade Federal do Estado do Rio de Janeiro,RJ,federal,História da Música Popular Brasileira 1I,"[""tecnologico""]",9,50,Projeto político-pedagógico - UNIRIO,https://www.unirio.br/prograd/ppc-dos-cursos-de-graduacao/Proj.PedagogicoCursodeLetras.pdf
UNIRIO,Universidade Federal do Estado do Rio de Janeiro,RJ,federal,História da Música Popular Brasileira I 4° 30 2T,"[""tecnologico""]",9,59,Projeto político-pedagógico - UNIRIO,https://www.unirio.br/cch/prograd/ppc-dos-cursos-de-graduacao/PPCLETRASLicenciatura20162017.pdf
UNIRIO,Universidade Federal do Estado do Rio de Janeiro,RJ,federal,História da Música Popular Brasileira II,"[""tecnologico""]",9,59,Projeto político-pedagógico - UNIRIO,https://www.unirio.br/cch/prograd/ppc-dos-cursos-de-graduacao/PPCLETRASLicenciatura20162017.pdf
UNIRIO,Universidade Federal do Estado do Rio de Janeiro,RJ,federal,LET... Diálogos intermídias  2T,"[""midia"", ""midias""]",8,44,Projeto político-pedagógico - UNIRIO,https://www.unirio.br/prograd/ppc-dos-cursos-de-graduacao/Proj.PedagogicoCursodeLetras.pdf
UNIRIO,Universidade Federal do Estado do Rio de Janeiro,RJ,federal,LET... Diálogos intermídias 5º  2T,"[""midia"", ""midias""]",8,64,Projeto político-pedagógico - UNIRIO,https://www.unirio.br/prograd/ppc-dos-cursos-de-graduacao/Proj.PedagogicoCursodeLetras.pdf
UNIRIO,Universidade Federal do Estado do Rio de Janeiro,RJ,federal,LET... Estudos da Materialidade do Texto  4T,"[""corpora""]",8,41,Projeto político-pedagógico - UNIRIO,https://www.unirio.br/prograd/ppc-dos-cursos-de-graduacao/Proj.PedagogicoCursodeLetras.pdf
UNIRIO,Universidade Federal do Estado do Rio de Janeiro,RJ,federal,LET... Estudos da Materialidade do Texto 4º  4T,"[""corpora""]",8,66,Projeto político-pedagógico - UNIRIO,https://www.unirio.br/prograd/ppc-dos-cursos-de-graduacao/Proj.PedagogicoCursodeLetras.pdf
UNIRIO,Universidade Federal do Estado do Rio de Janeiro,RJ,federal,LET... História Social da Escrita e da Leitura  2T,"[""computador""]",8,40,Projeto político-pedagógico - UNIRIO,https://www.unirio.br/prograd/ppc-dos-cursos-de-graduacao/Proj.PedagogicoCursodeLetras.pdf
UNIRIO,Universidade Federal do Estado do Rio de Janeiro,RJ,federal,LET... Oficina de Produção do Texto I  2P,"[""corpora""]",8,41,Projeto político-pedagógico - UNIRIO,https://www.unirio.br/prograd/ppc-dos-cursos-de-graduacao/Proj.PedagogicoCursodeLetras.pdf
UNIRIO,Universidade Federal do Estado do Rio de Janeiro,RJ,federal,LET... Teorias e Estéticas da Imagem  4T,"[""computador""]",8,40,Projeto político-pedagógico - UNIRIO,https://www.unirio.br/prograd/ppc-dos-cursos-de-graduacao/Proj.PedagogicoCursodeLetras.pdf
UNIRIO,Universidade Federal do Estado do Rio de Janeiro,RJ,federal,Diálogos intermídias 5° 30/,"[""midia"", ""midias""]",7,26,Projeto político-pedagógico - UNIRIO,https://www.unirio.br/cch/prograd/ppc-dos-cursos-de-graduacao/PPCLETRASLicenciatura20162017.pdf
UNIRIO,Universidade Federal do Estado do Rio de Janeiro,RJ,federal,Diálogos intermídias 5° 30/2 - 2 ALT0046 Diálogos,"[""midia"", ""midias""]",7,79,Projeto político-pedagógico - UNIRIO,https://www.unirio.br/cch/prograd/ppc-dos-cursos-de-graduacao/PPCLETRASLicenciatura20162017.pdf
UNIRIO,Universidade Federal do Estado do Rio de Janeiro,RJ,federal,Educação a Distância 5º. 30/2 - 2 Inclusão de disciplina,"[""educacao a distancia""]",7,80,Projeto político-pedagógico - UNIRIO,https://www.unirio.br/cch/prograd/ppc-dos-cursos-de-graduacao/PPCLETRASLicenciatura20162017.pdf
UNIRIO,Universidade Federal do Estado do Rio de Janeiro,RJ,federal,Literatura e Cultura Digital – Oficina 6º,"[""cultura digital"", ""digital""]",7,30,Projeto político-pedagógico - UNIRIO,https://www.unirio.br/cch/prograd/ppc-dos-cursos-de-graduacao/PPCLETRASLicenciatura20162017.pdf
UNIRIO,Universidade Federal do Estado do Rio de Janeiro,RJ,federal,Literatura e Cultura Digital – Oficina 6º 60/,"[""cultura digital"", ""digital""]",7,25,Projeto político-pedagógico - UNIRIO,https://www.unirio.br/cch/prograd/ppc-dos-cursos-de-graduacao/PPCLETRASLicenciatura20162017.pdf
UNIRIO,Universidade Federal do Estado do Rio de Janeiro,RJ,federal,Literatura e Cultura Digital – Oficina 8º,"[""cultura digital"", ""digital""]",7,31,Microsoft Word - PPC-LICENCIATURA-27-JULHO.docx - UNIRIO,https://www.unirio.br/escoladeletras/projetos-pedagogicos-dos-cursos/licenciatura
UNIRIO,Universidade Federal do Estado do Rio de Janeiro,RJ,federal,Literatura e Cultura Digital – Oficina 8º 60/,"[""cultura digital"", ""digital""]",7,25,Microsoft Word - PPC-LICENCIATURA-27-JULHO.docx - UNIRIO,https://www.unirio.br/escoladeletras/projetos-pedagogicos-dos-cursos/licenciatura
UNIRIO,Universidade Federal do Estado do Rio de Janeiro,RJ,federal,LET... Literatura e Cultura Digital - Oficina 8º,"[""cultura digital"", ""digital""]",6,35,Projeto político-pedagógico - UNIRIO,https://www.unirio.br/prograd/ppc-dos-cursos-de-graduacao/Proj.PedagogicoCursodeLetras.pdf
UNIRIO,Universidade Federal do Estado do Rio de Janeiro,RJ,federal,"Literária em Língua Portuguesa; 2. Eixo Produção Textual, Artes e Mídias; 3. Eixo","[""midia"", ""midias""]",6,16,Projeto político-pedagógico - UNIRIO,https://www.unirio.br/prograd/ppc-dos-cursos-de-graduacao/Proj.PedagogicoCursodeLetras.pdf
UNIRIO,Universidade Federal do Estado do Rio de Janeiro,RJ,federal,Plano de Curso Emergencial - Diálogos Intermídias,"[""midia"", ""midias""]",6,1,Matriz curricular — Escola de Letras - unirio.br,https://www.unirio.br/escoladeletras/matriz-curricular/matriz-curricular
UNIRIO,Universidade Federal do Estado do Rio de Janeiro,RJ,federal,"Portuguesa; 2. Eixo Processos Formativos em Produção Tex tual, Artes e Mídias; 3","[""midia"", ""midias""]",6,18,Projeto político-pedagógico - UNIRIO,https://www.unirio.br/cch/prograd/ppc-dos-cursos-de-graduacao/PPCLETRASLicenciatura20162017.pdf
UNIRIO,Universidade Federal do Estado do Rio de Janeiro,RJ,federal,"Portuguesa; 2. Eixo Processos Formativos em Produção Textual, Artes e Mídias; 3. Eixo","[""midia"", ""midias""]",6,18,Microsoft Word - PPC-LICENCIATURA-27-JULHO.docx - UNIRIO,https://www.unirio.br/escoladeletras/projetos-pedagogicos-dos-cursos/licenciatura
UNIRIO,Universidade Federal do Estado do Rio de Janeiro,RJ,federal,Desenvolvimento de Páginas na WEB 5° 60/,"[""web""]",5,26,Projeto político-pedagógico - UNIRIO,https://www.unirio.br/cch/prograd/ppc-dos-cursos-de-graduacao/PPCLETRASLicenciatura20162017.pdf
UNIRIO,Universidade Federal do Estado do Rio de Janeiro,RJ,federal,Desenvolvimento de páginas WEB 5º 60/,"[""web""]",5,23,Projeto político-pedagógico - UNIRIO,https://www.unirio.br/prograd/ppc-dos-cursos-de-graduacao/Proj.PedagogicoCursodeLetras.pdf
UNIRIO,Universidade Federal do Estado do Rio de Janeiro,RJ,federal,Educação a Distância 5º. 30/,"[""educacao a distancia""]",5,26,Projeto político-pedagógico - UNIRIO,https://www.unirio.br/cch/prograd/ppc-dos-cursos-de-graduacao/PPCLETRASLicenciatura20162017.pdf
UNIRIO,Universidade Federal do Estado do Rio de Janeiro,RJ,federal,Informática e Educação,"[""informatica""]",5,82,Projeto político-pedagógico - UNIRIO,https://www.unirio.br/cch/prograd/ppc-dos-cursos-de-graduacao/PPCLETRASLicenciatura20162017.pdf
UNIRIO,Universidade Federal do Estado do Rio de Janeiro,RJ,federal,Informática e Educação 5° 60/,"[""informatica""]",5,26,Projeto político-pedagógico - UNIRIO,https://www.unirio.br/cch/prograd/ppc-dos-cursos-de-graduacao/PPCLETRASLicenciatura20162017.pdf
UNIRIO,Universidade Federal do Estado do Rio de Janeiro,RJ,federal,Interação Humano Computador 5° 60/,"[""computador""]",5,33,Projeto político-pedagógico - UNIRIO,https://www.unirio.br/cch/prograd/ppc-dos-cursos-de-graduacao/PPCLETRASLicenciatura20162017.pdf
UNIRIO,Universidade Federal do Estado do Rio de Janeiro,RJ,federal,Interação Humano-Computador 5° 60/,"[""computador""]",5,26,Projeto político-pedagógico - UNIRIO,https://www.unirio.br/cch/prograd/ppc-dos-cursos-de-graduacao/PPCLETRASLicenciatura20162017.pdf
UNIRIO,Universidade Federal do Estado do Rio de Janeiro,RJ,federal,Interação Humano-computador 5º 60/,"[""computador""]",5,23,Projeto político-pedagógico - UNIRIO,https://www.unirio.br/prograd/ppc-dos-cursos-de-graduacao/Proj.PedagogicoCursodeLetras.pdf
UNIRIO,Universidade Federal do Estado do Rio de Janeiro,RJ,federal,Introdução à Ciência da Computação 4º 60/,"[""computacao""]",5,26,Projeto político-pedagógico - UNIRIO,https://www.unirio.br/cch/prograd/ppc-dos-cursos-de-graduacao/PPCLETRASLicenciatura20162017.pdf
UNIRIO,Universidade Federal do Estado do Rio de Janeiro,RJ,federal,Arte e programação _,"[""programacao""]",4,1,Matriz curricular — Escola de Letras - unirio.br,https://www.unirio.br/escoladeletras/matriz-curricular/matriz-curricular
UNIRIO,Universidade Federal do Estado do Rio de Janeiro,RJ,federal,Audiovisual e Ensino,"[""audiovisual""]",4,78,Projeto político-pedagógico - UNIRIO,https://www.unirio.br/cch/prograd/ppc-dos-cursos-de-graduacao/PPCLETRASLicenciatura20162017.pdf
UNIRIO,Universidade Federal do Estado do Rio de Janeiro,RJ,federal,"Especiais em Língua, Literatura, Cultura Digital e Ensino","[""cultura digital"", ""digital""]",4,78,Projeto político-pedagógico - UNIRIO,https://www.unirio.br/cch/prograd/ppc-dos-cursos-de-graduacao/PPCLETRASLicenciatura20162017.pdf
UNIRIO,Universidade Federal do Estado do Rio de Janeiro,RJ,federal,LET.. Literatura e Cultura Digital - Oficina 8º 60/,"[""cultura digital"", ""digital""]",4,24,Projeto político-pedagógico - UNIRIO,https://www.unirio.br/prograd/ppc-dos-cursos-de-graduacao/Proj.PedagogicoCursodeLetras.pdf
UNIRIO,Universidade Federal do Estado do Rio de Janeiro,RJ,federal,LET... Diálogos Intermídias 6º,"[""midia"", ""midias""]",4,30,Projeto político-pedagógico - UNIRIO,https://www.unirio.br/prograd/ppc-dos-cursos-de-graduacao/Proj.PedagogicoCursodeLetras.pdf
UNIRIO,Universidade Federal do Estado do Rio de Janeiro,RJ,federal,LET... Diálogos Intermídias 6º 30/,"[""midia"", ""midias""]",4,22,Projeto político-pedagógico - UNIRIO,https://www.unirio.br/prograd/ppc-dos-cursos-de-graduacao/Proj.PedagogicoCursodeLetras.pdf
UNIRIO,Universidade Federal do Estado do Rio de Janeiro,RJ,federal,LET... Literatura e Cultura Digital – Oficina 8º 60/,"[""cultura digital"", ""digital""]",4,22,Projeto político-pedagógico - UNIRIO,https://www.unirio.br/prograd/ppc-dos-cursos-de-graduacao/Proj.PedagogicoCursodeLetras.pdf
UNIRIO,Universidade Federal do Estado do Rio de Janeiro,RJ,federal,LET… Diálogos intermídias 5° 30/,"[""midia"", ""midias""]",4,26,Projeto político-pedagógico - UNIRIO,https://www.unirio.br/prograd/ppc-dos-cursos-de-graduacao/Proj.PedagogicoCursodeLetras.pdf
UNIRIO,Universidade Federal do Estado do Rio de Janeiro,RJ,federal,Literatura e Cultura Digital,"[""cultura digital"", ""digital""]",4,75,Projeto político-pedagógico - UNIRIO,https://www.unirio.br/cch/prograd/ppc-dos-cursos-de-graduacao/PPCLETRASLicenciatura20162017.pdf
UNIRIO,Universidade Federal do Estado do Rio de Janeiro,RJ,federal,Literatura e Cultura Digital - Oficina 2020.2,"[""cultura digital"", ""digital""]",4,1,Matriz curricular — Escola de Letras - unirio.br,https://www.unirio.br/escoladeletras/matriz-curricular/matriz-curricular
UNIRIO,Universidade Federal do Estado do Rio de Janeiro,RJ,federal,Oficina de Audiovisual,"[""audiovisual""]",4,1,Matriz curricular — Escola de Letras - unirio.br,https://www.unirio.br/escoladeletras/matriz-curricular/matriz-curricular
UNIRIO,Universidade Federal do Estado do Rio de Janeiro,RJ,federal,Plano de Curso - Diálogos Intermídias - 2021.2,"[""midia"", ""midias""]",4,1,Matriz curricular — Escola de Letras - unirio.br,https://www.unirio.br/escoladeletras/matriz-curricular/matriz-curricular
UNIRIO,Universidade Federal do Estado do Rio de Janeiro,RJ,federal,Plano de Curso Emergencial_Literatura e Cultura Digital 2020.2.pdf,"[""cultura digital"", ""digital""]",4,1,Matriz curricular — Escola de Letras - unirio.br,https://www.unirio.br/escoladeletras/matriz-curricular/matriz-curricular
UNIRIO,Universidade Federal do Estado do Rio de Janeiro,RJ,federal,ProgramadeDisciplina2022.2LiteraruraeCulturaDigital.pdf,"[""digital""]",4,1,Matriz curricular — Escola de Letras - unirio.br,https://www.unirio.br/escoladeletras/matriz-curricular/matriz-curricular
UNIVASF,Universidade Federal do Vale do São Francisco,PERNAMBUCO (SEDE) BAHIA PIAUÍ,federal,Teórica:  Prática,"[""redes sociais"", ""tecnologia"", ""tecnologias""]",12,66,MINISTÉRIO DA EDUCAÇÃO - portais.univasf.edu.br,https://portais.univasf.edu.br/sead/ppc-metodologias-ativas/ppc-licenciatura-em-letras-libras.pdf
UNIVASF,Universidade Federal do Vale do São Francisco,PERNAMBUCO (SEDE) BAHIA PIAUÍ,federal,Educação de Surdos e Novas Tecnologias,"[""tecnologia"", ""tecnologias""]",8,32,MINISTÉRIO DA EDUCAÇÃO - portais.univasf.edu.br,https://portais.univasf.edu.br/sead/ppc-metodologias-ativas/ppc-licenciatura-em-letras-libras.pdf
UNIVASF,Universidade Federal do Vale do São Francisco,PERNAMBUCO (SEDE) BAHIA PIAUÍ,federal,Tecnologias e Educação,"[""tecnologia"", ""tecnologias""]",8,33,MINISTÉRIO DA EDUCAÇÃO - portais.univasf.edu.br,https://portais.univasf.edu.br/sead/ppc-metodologias-ativas/ppc-licenciatura-em-letras-libras.pdf
UNIVASF,Universidade Federal do Vale do São Francisco,PERNAMBUCO (SEDE) BAHIA PIAUÍ,federal,Introdução a Educação a distância,"[""educacao a distancia""]",6,1,Licenciatura em Letras Libras - UNIVASF Universidade Federal ...,https://portais.univasf.edu.br/sead/cursos/licenciatura-em-letras-libras
UNIVASF,Universidade Federal do Vale do São Francisco,PERNAMBUCO (SEDE) BAHIA PIAUÍ,federal,Multimodalidade,"[""multimodal"", ""multimodalidade""]",6,33,MINISTÉRIO DA EDUCAÇÃO - portais.univasf.edu.br,https://portais.univasf.edu.br/sead/ppc-metodologias-ativas/ppc-licenciatura-em-letras-libras.pdf
UNIVASF,Universidade Federal do Vale do São Francisco,PERNAMBUCO (SEDE) BAHIA PIAUÍ,federal,Suporte ao ambiente virtual de aprendizagem (AVA),"[""ambiente virtual de aprendizagem"", ""ava"", ""virtual""]",6,95,MINISTÉRIO DA EDUCAÇÃO - portais.univasf.edu.br,https://portais.univasf.edu.br/sead/ppc-metodologias-ativas/ppc-licenciatura-em-letras-libras.pdf
UNIVASF,Universidade Federal do Vale do São Francisco,PERNAMBUCO (SEDE) BAHIA PIAUÍ,federal,Introdução à Educação a distância,"[""educacao a distancia""]",4,31,MINISTÉRIO DA EDUCAÇÃO - portais.univasf.edu.br,https://portais.univasf.edu.br/sead/ppc-metodologias-ativas/ppc-licenciatura-em-letras-libras.pdf
UNIVASF,Universidade Federal do Vale do São Francisco,PERNAMBUCO (SEDE) BAHIA PIAUÍ,federal,Plataforma EaD (Moodle),"[""ead"", ""moodle""]",4,1,Licenciatura em Letras Libras - UNIVASF Universidade Federal ...,https://portais.univasf.edu.br/sead/cursos/licenciatura-em-letras-libras
UNIVASF,Universidade Federal do Vale do São Francisco,PERNAMBUCO (SEDE) BAHIA PIAUÍ,federal,Revisão do ambiente virtual de aprendizagem,"[""ambiente virtual de aprendizagem"", ""virtual""]",4,95,MINISTÉRIO DA EDUCAÇÃO - portais.univasf.edu.br,https://portais.univasf.edu.br/sead/ppc-metodologias-ativas/ppc-licenciatura-em-letras-libras.pdf
UNIVESP,Universidade Virtual do Estado de São Paulo,SP,estadual,Educação mediada por tecnologias,"[""educacao a distancia"", ""internet"", ""midia"", ""midias"", ""tecnologia"", ""tecnologias"", ""virtual""]",18,41,Letras - Habilitação em Língua Portuguesa _ Univesp | (anexo),"https://apps.univesp.br/manual-do-aluno/assets/PPC/letras/PPC_CURSO%20DE%20LICENCIATURA%20COM%20HABILITA%C3%87%C3%83O%20EM%20%20LETRAS,%20MATEM%C3%81TICA%20E%20PEDAGOGIA%20-%202019.pdf"
UNIVESP,Universidade Virtual do Estado de São Paulo,SP,estadual,Inglês,"[""midia"", ""midias"", ""midias digitais""]",10,35,Letras - Habilitação em Língua Portuguesa _ Univesp | (anexo),"https://apps.univesp.br/manual-do-aluno/assets/PPC/letras/PPC_CURSO%20DE%20LICENCIATURA%20COM%20HABILITA%C3%87%C3%83O%20EM%20%20LETRAS,%20MATEM%C3%81TICA%20E%20PEDAGOGIA%20-%202019.pdf"
UNIVESP,Universidade Virtual do Estado de São Paulo,SP,estadual,Título: Ação docente: letramento literário por meio do uso de tecnologias digitais,"[""tecnologia"", ""tecnologias"", ""tecnologias digitais""]",8,37,CURSO DE LICENCIATURA LETRAS 2023 Projeto Pedagógico do Curs,https://univesp.br/sites/58f6506869226e9479d38201/assets/65772abf7c1bd12d68b8b44d/PPC_Letras_2023_v2.pdf
UNIVESP,Universidade Virtual do Estado de São Paulo,SP,estadual,Ambiente Virtual de Aprendizagem (AVA),"[""ambiente virtual de aprendizagem"", ""ava"", ""virtual""]",6,1,Letras - Habilitação em Língua Portuguesa _ Univesp |,https://locomotive.univesp.br/cursos/letras-habilitacao-em-lingua-portuguesa
UNIVESP,Universidade Virtual do Estado de São Paulo,SP,estadual,Aquisição da Linguagem: oralidade e escrita 80 Educação mediada por tecnologias,"[""tecnologia"", ""tecnologias""]",6,1,Letras - Habilitação em Língua Portuguesa _ Univesp | (anexo),https://locomotive.univesp.br/sites/58f6506869226e9479d38201/assets/5e78cfbb7c1bd13afd0b7f21/Revis_o_da_Matriz_-_curso_interdisciplinar.xlsx_-_Letras_-19.pdf
UNIVESP,Universidade Virtual do Estado de São Paulo,SP,estadual,No ambiente virtual de aprendizagem serão oferecidos aos estudantes,"[""ambiente virtual de aprendizagem"", ""virtual""]",6,24,Letras - Habilitação em Língua Portuguesa _ Univesp | (anexo),"https://apps.univesp.br/manual-do-aluno/assets/PPC/letras/PPC_CURSO%20DE%20LICENCIATURA%20COM%20HABILITA%C3%87%C3%83O%20EM%20%20LETRAS,%20MATEM%C3%81TICA%20E%20PEDAGOGIA%20-%202019.pdf"
UNIVESP,Universidade Virtual do Estado de São Paulo,SP,estadual,Planejamento para o Ensino de Matemática,"[""digital""]",6,67,Letras - Habilitação em Língua Portuguesa _ Univesp | (anexo),"https://apps.univesp.br/manual-do-aluno/assets/PPC/letras/PPC_CURSO%20DE%20LICENCIATURA%20COM%20HABILITA%C3%87%C3%83O%20EM%20%20LETRAS,%20MATEM%C3%81TICA%20E%20PEDAGOGIA%20-%202019.pdf"
UNIVESP,Universidade Virtual do Estado de São Paulo,SP,estadual,Educacionais Abertos. Letramento midiático,"[""midia""]",4,60,CURSO DE LICENCIATURA LETRAS 2023 Projeto Pedagógico do Curs,https://apps.univesp.br/manual-do-aluno/assets/PPC/letras/PPC_LETRAS_Aprovado_pela_Deliberacão_CTA_nº_179_de_14_de_junho_de_2023.pdf
UNIVESP,Universidade Virtual do Estado de São Paulo,SP,estadual,Educação mediada por tecnologias 80 Literatura e cultura brasileira,"[""tecnologia"", ""tecnologias""]",4,35,CURSO DE LICENCIATURA LETRAS 2023 Projeto Pedagógico do Curs,https://univesp.br/sites/58f6506869226e9479d38201/assets/65772abf7c1bd12d68b8b44d/PPC_Letras_2023_v2.pdf
UNIVESP,Universidade Virtual do Estado de São Paulo,SP,estadual,Pensamento Computacional,"[""computacional""]",4,37,CURSO DE LICENCIATURA LETRAS 2023 Projeto Pedagógico do Curs,https://univesp.br/sites/58f6506869226e9479d38201/assets/65772abf7c1bd12d68b8b44d/PPC_Letras_2023_v2.pdf
UNIVESP,Universidade Virtual do Estado de São Paulo,SP,estadual,Pensamento Computacional 80 Introdução à Linguística,"[""computacional""]",4,1,Letras - Habilitação em Língua Portuguesa _ Univesp | (anexo),https://locomotive.univesp.br/sites/58f6506869226e9479d38201/assets/5e78cfbb7c1bd13afd0b7f21/Revis_o_da_Matriz_-_curso_interdisciplinar.xlsx_-_Letras_-19.pdf
UNIVESP,Universidade Virtual do Estado de São Paulo,SP,estadual,Universidade Virtual do Estado de São Paulo UNIVESP ;,"[""virtual""]",4,11,CURSO DE LICENCIATURA LETRAS 2023 Projeto Pedagógico do Curs,https://univesp.br/sites/58f6506869226e9479d38201/assets/65772abf7c1bd12d68b8b44d/PPC_Letras_2023_v2.pdf
UNIVESP,Universidade Virtual do Estado de São Paulo,SP,estadual,Universidade Virtual do Estado de São Paulo UNIVESP;,"[""virtual""]",4,12,CURSO DE LICENCIATURA LETRAS 2023 Projeto Pedagógico do Curs,https://apps.univesp.br/manual-do-aluno/assets/PPC/letras/PPC_LETRAS_Aprovado_pela_Deliberacão_CTA_nº_179_de_14_de_junho_de_2023.pdf
UPE,Universidade de Pernambuco,PE,estadual,Carga Horária Semestral: /a,"[""ambiente virtual de aprendizagem"", ""ava"", ""computador"", ""educacao a distancia"", ""informatica"", ""tecnologia"", ""tecnologias"", ""tecnologica"", ""tecnologicas"", ""virtual""]",26,41,Licenciatura em Letras - Portal do Estudante da UPE (anexo),http://estudante.upe.br/images/PDF/EAD/PPP_Letras_EAD.pdf
UPE,Universidade de Pernambuco,PE,estadual,Campus Mata Norte / Campus Petrolina,"[""midia"", ""tdic"", ""tecnologia"", ""tecnologias"", ""tecnologias digitais"", ""tecnologias educacionais""]",16,135,Licenciatura em Língua Portuguesa e Língua Espanhola e suas ... (anexo),https://upe.br/matanorte/wp-content/uploads/2018/02/ESPANHOL-PPC_Unificado_Licenciatura_em_Letras_Portugues_Espanhol.pdf
UPE,Universidade de Pernambuco,PE,estadual,CARGA HORÁRIA TOTAL –  Teóricas,"[""hipertexto"", ""internet""]",10,134,PROJETO PEDAGÓGICO DOS CURSOS DE LICENCIATURA EM LETRAS,https://upe.br/anexos/graduacao/PPC_Letras_2017_presencial_e_EAD.pdf
UPE,Universidade de Pernambuco,PE,estadual,CARGA HORÁRIA TOTAL:  TEÓRICA: PRÁTICA,"[""multimodal"", ""multimodalidade""]",10,128,Licenciatura em Língua Portuguesa e Língua Espanhola e suas ... (anexo),https://upe.br/matanorte/wp-content/uploads/2018/02/ESPANHOL-PPC_Unificado_Licenciatura_em_Letras_Portugues_Espanhol.pdf
UPE,Universidade de Pernambuco,PE,estadual,Práticas,"[""midia"", ""midias""]",10,114,PROJETO PEDAGÓGICO DOS CURSOS DE LICENCIATURA EM LETRAS,https://upe.br/anexos/graduacao/PPC_Letras_2017_presencial_e_EAD.pdf
UPE,Universidade de Pernambuco,PE,estadual,"Tecnologias: conceitos, históricos e aplicabilidade. Ferramentas tecnológicas","[""tecnologia"", ""tecnologias"", ""tecnologica"", ""tecnologicas""]",10,41,Licenciatura em Letras - Portal do Estudante da UPE (anexo),http://estudante.upe.br/images/PDF/EAD/PPP_Letras_EAD.pdf
UPE,Universidade de Pernambuco,PE,estadual,CARGA HORÁRIA TOTAL –  – Teóricas,"[""tecnologia""]",8,55,PROJETO PEDAGÓGICO DOS CURSOS DE LICENCIATURA EM LETRAS,https://upe.br/anexos/graduacao/PPC_Letras_2017_presencial_e_EAD.pdf
UPE,Universidade de Pernambuco,PE,estadual,CARGA HORÁRIA TOTAL:  TEÓRICA:  PRÁTICA*: 0h,"[""tecnologia""]",8,254,Licenciatura em Língua Portuguesa e Língua Espanhola e suas ... (anexo),https://upe.br/matanorte/wp-content/uploads/2018/02/ESPANHOL-PPC_Unificado_Licenciatura_em_Letras_Portugues_Espanhol.pdf
UPE,Universidade de Pernambuco,PE,estadual,PRÁTICA:  TOTAL,"[""digital""]",8,277,PROJETO PEDAGÓGICO DOS CURSOS DE LICENCIATURA EM LETRAS,https://upe.br/garanhuns/wp-content/uploads/2018/09/PROJETO-LETRAS-UNIFICADO-LETRAS-FINALIZADO-2018.pdf
UPE,Universidade de Pernambuco,PE,estadual,TECNOLOGIAS EDUCACIONAIS OBRIGATÓRIA ( X ) ELETIVA ( ),"[""tecnologia"", ""tecnologias"", ""tecnologias educacionais""]",8,134,Licenciatura em Língua Portuguesa e Língua Espanhola e suas ... (anexo),https://upe.br/matanorte/wp-content/uploads/2018/02/ESPANHOL-PPC_Unificado_Licenciatura_em_Letras_Portugues_Espanhol.pdf
UPE,Universidade de Pernambuco,PE,estadual,Tecnologias Educacionais,"[""tecnologia"", ""tecnologias"", ""tecnologias educacionais""]",8,6,Licenciatura em Língua Portuguesa e Língua Espanhola e suas ... (anexo),https://upe.br/matanorte/wp-content/uploads/2018/02/ESPANHOL-PARECER-CEE-PE-Nº-190-2025-CES_Letras_Espanhol.pdf
UPE,Universidade de Pernambuco,PE,estadual,Tecnologias Educacionais    6º,"[""tecnologia"", ""tecnologias"", ""tecnologias educacionais""]",8,20,Licenciatura em Língua Portuguesa e Língua Espanhola e suas ... (anexo),https://upe.br/matanorte/wp-content/uploads/2018/02/ESPANHOL-PPC_Unificado_Licenciatura_em_Letras_Portugues_Espanhol.pdf
UPE,Universidade de Pernambuco,PE,estadual,COMUNIDADE EXTERNA ENVOLVIDA,"[""tecnologico""]",6,295,Licenciatura em Língua Portuguesa e Língua Espanhola e suas ... (anexo),https://upe.br/matanorte/wp-content/uploads/2018/02/ESPANHOL-PPC_Unificado_Licenciatura_em_Letras_Portugues_Espanhol.pdf
UPE,Universidade de Pernambuco,PE,estadual,Comunicação via Ambiente Virtual de Aprendizagem,"[""ambiente virtual de aprendizagem"", ""virtual""]",6,1,Licenciatura em Letras - Portal do Estudante da UPE,http://estudante.upe.br/cursos-graduacao-ead/letras-ead
UPE,Universidade de Pernambuco,PE,estadual,MULTIMODALIDADE OBRIGATÓRIA ( ) ELETIVA (X),"[""multimodal"", ""multimodalidade""]",6,280,Licenciatura em Língua Portuguesa e Língua Espanhola e suas ... (anexo),https://upe.br/matanorte/wp-content/uploads/2018/02/ESPANHOL-PPC_Unificado_Licenciatura_em_Letras_Portugues_Espanhol.pdf
UPE,Universidade de Pernambuco,PE,estadual,TECNOLOGIAS APLICADAS À EDUCAÇÃO,"[""tecnologia"", ""tecnologias""]",6,41,Licenciatura em Letras - Portal do Estudante da UPE (anexo),http://estudante.upe.br/images/PDF/EAD/PPP_Letras_EAD.pdf
UPE,Universidade de Pernambuco,PE,estadual,Teorias de Aprendizagem Período: 6º,"[""tecnologia""]",6,76,LICENCIATURA PLENA EM LETRAS - UPE,https://upe.br/anexos/graduacao/PPC_LETRAS_PORT_ESPANHOL_PETROLINA.pdf
UPE,Universidade de Pernambuco,PE,estadual,Vila Eduardo - Petrolina - PE. CEP.: 56,"[""digital""]",6,145,LICENCIATURA PLENA EM LETRAS - UPE,https://upe.br/anexos/graduacao/PPC_LETRAS_PORT_ESPANHOL_PETROLINA.pdf
UPE,Universidade de Pernambuco,PE,estadual,Garanhuns (Modalidades Presencial e EAD),"[""ead""]",4,4,PROJETO PEDAGÓGICO DOS CURSOS DE LICENCIATURA EM LETRAS,https://upe.br/anexos/graduacao/PPC_Letras_2017_presencial_e_EAD.pdf
UPE,Universidade de Pernambuco,PE,estadual,Hipertextos e gêneros digitais PERÍODO,"[""hipertexto""]",4,134,PROJETO PEDAGÓGICO DOS CURSOS DE LICENCIATURA EM LETRAS,https://upe.br/anexos/graduacao/PPC_Letras_2017_presencial_e_EAD.pdf
UPE,Universidade de Pernambuco,PE,estadual,PROLINFO – Programa de línguas e informática,"[""informatica""]",4,68,PROJETO PEDAGÓGICO DOS CURSOS DE LICENCIATURA EM LETRAS,https://upe.br/garanhuns/wp-content/uploads/2018/09/PROJETO-LETRAS-UNIFICADO-LETRAS-FINALIZADO-2018.pdf
URCA,Universidade Regional do Cariri,CE,estadual,Metodologia da pesquisa em linguística e literatura,"[""corpus""]",9,1,Matriz Curricular – Programa de Pós-Graduação em Letras ... (anexo),http://www.urca.br/ppgl/wp-content/uploads/sites/15/2021/07/ppgl_ementa_2021.pdf
USP,Universidade de São Paulo,SP,estadual,Língua Brasileira de Sinais – EAD ( de PCC),"[""ead""]",7,174,Projeto Pedagógico | Letras Modernas - University of São Paulo (anexo),https://dlm.fflch.usp.br/sites/dlm.fflch.usp.br/files/Projeto%20Pedago%CC%81gico%20do%20Curso%20de%20Letras%202021.pdf
USP,Universidade de São Paulo,SP,estadual,Revisão de Conteúdos + TICs,"[""tics""]",6,166,Projeto Pedagógico | Letras Modernas - University of São Paulo (anexo),https://dlm.fflch.usp.br/sites/dlm.fflch.usp.br/files/Projeto%20Pedago%CC%81gico%20do%20Curso%20de%20Letras%202021.pdf
USP,Universidade de São Paulo,SP,estadual,Língua Brasileira de Sinais – EAD,"[""ead""]",5,168,Projeto Pedagógico | Letras Modernas - University of São Paulo (anexo),https://dlm.fflch.usp.br/sites/dlm.fflch.usp.br/files/Projeto%20Pedago%CC%81gico%20do%20Curso%20de%20Letras%202021.pdf
USP,Universidade de São Paulo,SP,estadual,DAS TICS,"[""tics""]",4,4,Projeto Pedagógico | Letras Modernas - University of São Paulo (anexo),https://dlm.fflch.usp.br/sites/dlm.fflch.usp.br/files/Projeto%20Pedago%CC%81gico%20do%20Curso%20de%20Letras%202021.pdf
USP,Universidade de São Paulo,SP,estadual,EaD PCC,"[""ead""]",4,92,Projeto Pedagógico | Letras Modernas - University of São Paulo (anexo),https://dlm.fflch.usp.br/sites/dlm.fflch.usp.br/files/Projeto%20Pedago%CC%81gico%20do%20Curso%20de%20Letras%202021.pdf
USP,Universidade de São Paulo,SP,estadual,Portuguesa e Tecnologia da Informação e Comunicação (TICs),"[""tecnologia"", ""tics""]",4,166,Projeto Pedagógico | Letras Modernas - University of São Paulo (anexo),https://dlm.fflch.usp.br/sites/dlm.fflch.usp.br/files/Projeto%20Pedago%CC%81gico%20do%20Curso%20de%20Letras%202021.pdf
USP,Universidade de São Paulo,SP,estadual,Portuguesa e utilização das TICs como recurso pedagógico,"[""tics""]",4,61,Projeto Pedagógico | Letras Modernas - University of São Paulo (anexo),https://dlm.fflch.usp.br/sites/dlm.fflch.usp.br/files/Projeto%20Pedago%CC%81gico%20do%20Curso%20de%20Letras%202021.pdf
USP,Universidade de São Paulo,SP,estadual,TICs CH,"[""tics""]",4,90,Projeto Pedagógico | Letras Modernas - University of São Paulo (anexo),https://dlm.fflch.usp.br/sites/dlm.fflch.usp.br/files/Projeto%20Pedago%CC%81gico%20do%20Curso%20de%20Letras%202021.pdf
UTFPR,Universidade Tecnológica Federal do Paraná,PR,federal,"Leitura em diferentes mídias 4 68 68 0 0 14 82 68,3","[""midia"", ""midias""]",6,49,SUMÁRIO - Universidade Tecnológica Federal do Paraná UTFPR,https://www.utfpr.edu.br/cursos/coordenacoes/graduacao/curitiba/ct-licenciatura-em-letras-portugues/documentos/02-ppp_letras-portugues.pdf/@@download/file
UTFPR,Universidade Tecnológica Federal do Paraná,PR,federal,"Multiletramentos 4 68 53 15 0 14 82 68,3","[""multiletramento"", ""multiletramentos""]",6,46,SUMÁRIO - Universidade Tecnológica Federal do Paraná UTFPR,https://www.utfpr.edu.br/cursos/coordenacoes/graduacao/curitiba/ct-licenciatura-em-letras-portugues/documentos/02-ppp_letras-portugues.pdf/@@download/file
UTFPR,Universidade Tecnológica Federal do Paraná,PR,federal,"Linguagem e tecnologia 4 68 34 34 28,3","[""tecnologia""]",4,48,SUMÁRIO - Universidade Tecnológica Federal do Paraná UTFPR,https://www.utfpr.edu.br/cursos/coordenacoes/graduacao/curitiba/ct-licenciatura-em-letras-portugues/documentos/02-ppp_letras-portugues.pdf/@@download/file
UTFPR,Universidade Tecnológica Federal do Paraná,PR,federal,"Linguagem e tecnologia20 4 68 30 4 34 14 82 68,3","[""tecnologia""]",4,53,SUMÁRIO - Universidade Tecnológica Federal do Paraná UTFPR,https://www.utfpr.edu.br/cursos/coordenacoes/graduacao/curitiba/ct-licenciatura-em-letras-portugues/documentos/02-ppp_letras-portugues.pdf/@@download/file
UTFPR,Universidade Tecnológica Federal do Paraná,PR,federal,Pesquisa Ensino e Tecnologia,"[""tecnologia""]",4,43,SUMÁRIO - Universidade Tecnológica Federal do Paraná UTFPR,https://www.utfpr.edu.br/cursos/coordenacoes/graduacao/curitiba/ct-licenciatura-em-letras-portugues/documentos/02-ppp_letras-portugues.pdf/@@download/file
UTFPR,Universidade Tecnológica Federal do Paraná,PR,federal,Tabela 5: Disciplinas de ensino e tecnologia,"[""tecnologia""]",4,3,SUMÁRIO - Universidade Tecnológica Federal do Paraná UTFPR,https://www.utfpr.edu.br/cursos/coordenacoes/graduacao/curitiba/ct-licenciatura-em-letras-portugues/documentos/02-ppp_letras-portugues.pdf/@@download/file
UTFPR,Universidade Tecnológica Federal do Paraná,PR,federal,VIII - Estimular a inovação tecnológica,"[""tecnologica""]",4,67,SUMÁRIO - Universidade Tecnológica Federal do Paraná UTFPR,https://www.utfpr.edu.br/cursos/coordenacoes/graduacao/curitiba/ct-licenciatura-em-letras-portugues/documentos/02-ppp_letras-portugues.pdf/@@download/file
UVA,Universidade Estadual Vale do Acaraú,CE,estadual,"Fundamentos Históricos, Filosóficos e Sociológicos da Educação II","[""tecnologia"", ""tecnologias""]",8,22,RESOLUÇÃO Nº 34/2022 - Universidade Estadual do Vale do ...,https://www.uva.ce.gov.br/wp-content/uploads/sites/143/2024/05/curso-letras-portugues-uab-ead-matriz-22052024.pdf
UVA,Universidade Estadual Vale do Acaraú,CE,estadual,Língua Portuguesa: INTRODUÇÃO À EDUCAÇÃO A DISTÂNCIA,"[""ead"", ""educacao a distancia""]",8,8,RESOLUÇÃO Nº 34/2022 - Universidade Estadual do Vale do ...,https://www.uva.ce.gov.br/wp-content/uploads/sites/143/2024/05/curso-letras-portugues-uab-ead-matriz-22052024.pdf
UVA,Universidade Estadual Vale do Acaraú,CE,estadual,Brasileira; Novas tecnologias produtivas e educação para o trabalho,"[""tecnologia"", ""tecnologias""]",6,22,RESOLUÇÃO Nº 34/2022 - Universidade Estadual do Vale do ...,https://www.uva.ce.gov.br/wp-content/uploads/sites/143/2024/05/curso-letras-portugues-uab-ead-matriz-22052024.pdf
UVA,Universidade Estadual Vale do Acaraú,CE,estadual,Estágio Curricular Supervisionado III,"[""ava""]",6,51,RESOLUÇÃO Nº 34/2022 - Universidade Estadual do Vale do ...,https://www.uva.ce.gov.br/wp-content/uploads/sites/143/2024/05/curso-letras-portugues-uab-ead-matriz-22052024.pdf
UVA,Universidade Estadual Vale do Acaraú,CE,estadual,Prática de Ensino II: Novas Tecnologias e Ensino,"[""tecnologia"", ""tecnologias""]",6,4,RESOLUÇÃO Nº 34/2022 - Universidade Estadual do Vale do ...,https://www.uva.ce.gov.br/wp-content/uploads/sites/143/2024/05/curso-letras-portugues-uab-ead-matriz-22052024.pdf
UVA,Universidade Estadual Vale do Acaraú,CE,estadual,Prática de Ensino II: Novas Tecnologias e Ensino de Línguas,"[""tecnologia"", ""tecnologias""]",6,6,RESOLUÇÃO Nº 34/2022 - Universidade Estadual do Vale do ...,https://www.uva.ce.gov.br/wp-content/uploads/sites/143/2024/05/curso-letras-portugues-uab-ead-matriz-22052024.pdf
UVA,Universidade Estadual Vale do Acaraú,CE,estadual,Tecnologias digitais e ensino,"[""tecnologia"", ""tecnologias"", ""tecnologias digitais""]",6,24,RESOLUÇÃO Nº 34/2022 - Universidade Estadual do Vale do ...,https://www.uva.ce.gov.br/wp-content/uploads/sites/143/2024/05/curso-letras-portugues-uab-ead-matriz-22052024.pdf
UVA,Universidade Estadual Vale do Acaraú,CE,estadual,Tecnologias e Ensino de Línguas,"[""tecnologia"", ""tecnologias""]",6,6,RESOLUÇÃO Nº 34/2022 - Universidade Estadual do Vale do ...,https://www.uva.ce.gov.br/wp-content/uploads/sites/143/2024/05/curso-letras-portugues-uab-ead-matriz-22052024.pdf
UVA,Universidade Estadual Vale do Acaraú,CE,estadual,Literatura e novas mídias,"[""midia"", ""midias""]",4,53,RESOLUÇÃO Nº 34/2022 - Universidade Estadual do Vale do ...,https://www.uva.ce.gov.br/wp-content/uploads/sites/143/2024/05/curso-letras-portugues-uab-ead-matriz-22052024.pdf
UVA,Universidade Estadual Vale do Acaraú,CE,estadual,Novas tecnologias e educação: pressupostos teóricos,"[""tecnologia"", ""tecnologias""]",4,24,RESOLUÇÃO Nº 34/2022 - Universidade Estadual do Vale do ...,https://www.uva.ce.gov.br/wp-content/uploads/sites/143/2024/05/curso-letras-portugues-uab-ead-matriz-22052024.pdf
UVA,Universidade Estadual Vale do Acaraú,CE,estadual,Tecnicismo: a tecnologia na escola,"[""tecnologia""]",4,22,RESOLUÇÃO Nº 34/2022 - Universidade Estadual do Vale do ...,https://www.uva.ce.gov.br/wp-content/uploads/sites/143/2024/05/curso-letras-portugues-uab-ead-matriz-22052024.pdf
